Workbook

Sheet Languages Overview
A1: Priority | C1: Language | D1: 1 | E1: 2 | F1: 3a | G1: 3b | H1: 3c | I1: 4
B2: LATĪNUM | C2: LAT | D2: ='001 B-'!B10 -> 2 | E2: ='002 B-'!B10 -> 2 | F2: ='003 T-'!B10 -> 5 | G2: ='003 T-'!B10 -> 5
A3: * | B3: português europeu | C3: Portuguese | D3: ='001 B-'!C10 -> 2 | E3: ='002 B-'!C10 -> 2 | F3: ='003 T-'!C10 -> 5 | G3: ='003 T-'!C10 -> 5
B4: português brasileiro | C4: Brazilian Portuguese | D4: ='001 B-'!D10 -> 2 | E4: ='002 B-'!D10 -> 2 | F4: ='003 T-'!D10 -> 5 | G4: ='003 T-'!E10 -> 5
A5: * | B5: galego | C5: Galician | D5: ='001 B-'!E10 -> 2 | E5: ='002 B-'!E10 -> 2 | F5: ='003 T-'!E10 -> 5 | G5: ='003 T-'!F10 -> 5
B6: asturlleonés | C6: Astur-Leonese | D6: ='001 B-'!F10 -> 2 | E6: ='002 B-'!F10 -> 2 | F6: ='003 T-'!F10 -> 5 | G6: ='003 T-'!G10 -> 5
A7: * | B7: castellano | C7: Castilian Spanish | D7: ='001 B-'!G10 -> 2 | E7: ='002 B-'!10 | F7: ='003 T-'!10
B8: andaluz | C8: Andalusian Spanish | D8: ='001 B-'!H10 -> 2 | E8: ='002 B-'!10 | F8: ='003 T-'!10
B9: español de América | C9: American Spanish | D9: ='001 B-'!I10 -> 2 | E9: ='002 B-'!10 | F9: ='003 T-'!10
B10: aragonés | C10: Aragonese | D10: ='001 B-'!J10 -> 2 | E10: ='002 B-'!10 | F10: ='003 T-'!10
A11: * | B11: català | C11: Catalan | D11: ='001 B-'!K10 -> 2 | E11: ='002 B-'!10 | F11: ='003 T-'!10
B12: valencià | C12: Valencian | D12: ='001 B-'!L10 -> 2 | E12: ='002 B-'!10 | F12: ='003 T-'!10
B13: balear | C13: Balearic | D13: ='001 B-'!M10 -> 2 | E13: ='002 B-'!10 | F13: ='003 T-'!10
A14: * | B14: occitan | C14: Occitan | D14: ='001 B-'!N10 -> 2 | E14: ='002 B-'!10 | F14: ='003 T-'!10
B15: gascon | C15: Gascon | D15: ='001 B-'!O10 -> 2 | E15: ='002 B-'!10 | F15: ='003 T-'!10
B16: walon | C16: Walloon | D16: ='001 B-'!P10 -> 2 | E16: ='002 B-'!10 | F16: ='003 T-'!10
A17: * | B17: français européen | C17: French | D17: ='001 B-'!Q10 -> 2 | E17: ='002 B-'!10 | F17: ='003 T-'!10
B18: français québécois | C18: Québécois French | D18: ='001 B-'!R10 -> 2 | E18: ='002 B-'!10 | F18: ='003 T-'!10
A19: * | B19: arpetan | C19: Arpitan | D19: ='001 B-'!S10 -> 2 | E19: ='002 B-'!10 | F19: ='003 T-'!10
B20: lìgure | C20: Ligurian | D20: ='001 B-'!T10 -> 2 | E20: ='002 B-'!10 | F20: ='003 T-'!10
A21: * | B21: lombard | C21: Lombard | D21: ='001 B-'!U10 -> 2 | E21: ='002 B-'!10 | F21: ='003 T-'!10
B22: rumantsch | C22: Romansh | D22: ='001 B-'!V10 -> 2 | E22: ='002 B-'!10 | F22: ='003 T-'!10
B23: furlan | C23: Friulian | D23: ='001 B-'!W10 -> 2 | E23: ='002 B-'!10 | F23: ='003 T-'!10
B24: sardu logudoresu | C24: Logudorese Sardinian | D24: ='001 B-'!X10 -> 2 | E24: ='002 B-'!10 | F24: ='003 T-'!10
A25: * | B25: sardu campidanesu | C25: Campidanese Sardinian | D25: ='001 B-'!Y10 -> 2 | E25: ='002 B-'!10 | F25: ='003 T-'!10
B26: corsu | C26: Corsican | D26: ='001 B-'!Z10 -> 2 | E26: ='002 B-'!10 | F26: ='003 T-'!10
A27: * | B27: italiano | C27: Italian | D27: ='001 B-'!AA10 -> 2 | E27: ='002 B-'!10 | F27: ='003 T-'!10
B28: abbruzzese | C28: Abruzzese | D28: ='001 B-'!AB10 -> 0 | E28: ='002 B-'!10 | F28: ='003 T-'!10
A29: * | B29: campane-molisane | C29: Campano-Molisan | D29: ='001 B-'!AC10 -> 0 | E29: ='002 B-'!10 | F29: ='003 T-'!10
B30: pugghiese | C30: Pugliese | D30: ='001 B-'!AD10 -> 0 | E30: ='002 B-'!10 | F30: ='003 T-'!10
A31: * | B31: sicilianu | C31: Sicilian | D31: ='001 B-'!AE10 -> 0 | E31: ='002 B-'!10 | F31: ='003 T-'!10
A32: * | B32: vèneto | C32: Venetan | D32: ='001 B-'!AF10 -> 2 | E32: ='002 B-'!10 | F32: ='003 T-'!10
A33: * | B33: armãneashti | C33: Aromanian | D33: ='001 B-'!AG10 -> 2 | E33: ='002 B-'!10 | F33: ='003 T-'!10
A34: * | B34: română | C34: Romanian | D34: ='001 B-'!AH10 -> 2 | E34: ='002 B-'!10 | F34: ='003 T-'!10

Sheet 001 B-
A1: A - Consonantism | D1: 1. Initial Position | I1: 1.1 Simple consonants
A3: Number | B3: 1 | F3: Latin Reference Words
A4: Treatment | B4: B- | F4: BASSU, BĀSIU, BŎVE, BOLĒTU, BŬCCA, BŬXU
A5: Environment | B5: #_{a,O}
A7: Languages | B7: LAT | C7: EU POR | D7: BR POR | E7: GAL | F7: ASL | G7: CAS ESP | H7: AND ESP | I7: AMR ESP | J7: ARG | K7: CAT | L7: VAL | M7: BAL | N7: OCC | O7: GAS OCC | P7: EU FRA | Q7: QBC FRA | R7: WAL | S7: ARP | T7: LIG | U7: LMO | V7: RMH | W7: FUR | X7: LOG SRD | Y7: CPN SRD | Z7: COR | AA7: ITA | AB7: ABR | AC7: CAM | AD7: PGL | AE7: SCN | AF7: VEN | AG7: ARO | AH7: ROM
A8: Grapheme | B8: B | C8: b | D8: b | E8: b | F8: b | G8: b | H8: b | I8: b | J8: b | K8: b | L8: b | M8: b | N8: b | O8: b | P8: b | Q8: b | R8: b | S8: b | T8: b | U8: b | V8: b | W8: b | X8: b | Y8: b | Z8: b | AA8: b | AB8: v? | AC8: v? | AD8: v? | AE8: v? | AF8: b | AG8: b | AH8: b
A9: IPA | B9: b | C9: b | D9: b | E9: b | F9: b | G9: b | H9: b | I9: b | J9: b | K9: b | L9: b | M9: b | N9: b | O9: b | P9: b | Q9: b | R9: b | S9: b | T9: b | U9: b | V9: b | W9: b | X9: b | Y9: b | Z9: b | AA9: b | AF9: b | AG9: b | AH9: b
A10: IPA key | B10: 2 | C10: 2 | D10: 2 | E10: 2 | F10: 2 | G10: 2 | H10: 2 | I10: 2 | J10: 2 | K10: 2 | L10: 2 | M10: 2 | N10: 2 | O10: 2 | P10: 2 | Q10: 2 | R10: 2 | S10: 2 | T10: 2 | U10: 2 | V10: 2 | W10: 2 | X10: 2 | Y10: 2 | Z10: 2 | AA10: 2 | AF10: 2 | AG10: 2 | AH10: 2
A11: Consonantal +/− | B11: + | C11: + | D11: + | E11: + | F11: + | G11: + | H11: + | I11: + | J11: + | K11: + | L11: + | M11: + | N11: + | O11: + | P11: + | Q11: + | R11: + | S11: + | T11: + | U11: + | V11: + | W11: + | X11: + | Y11: + | Z11: + | AA11: + | AF11: + | AG11: + | AH11: +
A12: Voice +/− | B12: + | C12: + | D12: + | E12: + | F12: + | G12: + | H12: + | I12: + | J12: + | K12: + | L12: + | M12: + | N12: + | O12: + | P12: + | Q12: + | R12: + | S12: + | T12: + | U12: + | V12: + | W12: + | X12: + | Y12: + | Z12: + | AA12: + | AF12: + | AG12: + | AH12: +
A13: Sibilant +/− | B13: − | C13: − | D13: − | E13: − | F13: − | G13: − | H13: − | I13: − | J13: − | K13: − | L13: − | M13: − | N13: − | O13: − | P13: − | Q13: − | R13: − | S13: − | T13: − | U13: − | V13: − | W13: − | X13: − | Y13: − | Z13: − | AA13: − | AF13: − | AG13: − | AH13: −
A14: Lateral +/− | B14: − | C14: − | D14: − | E14: − | F14: − | G14: − | H14: − | I14: − | J14: − | K14: − | L14: − | M14: − | N14: − | O14: − | P14: − | Q14: − | R14: − | S14: − | T14: − | U14: − | V14: − | W14: − | X14: − | Y14: − | Z14: − | AA14: − | AF14: − | AG14: − | AH14: −
A15: Place of articulation | B15: B | C15: B | D15: B | E15: B | F15: B | G15: B | H15: B | I15: B | J15: B | K15: B | L15: B | M15: B | N15: B | O15: B | P15: B | Q15: B | R15: B | S15: B | T15: B | U15: B | V15: B | W15: B | X15: B | Y15: B | Z15: B | AA15: B | AF15: B | AG15: B | AH15: B
A16: Place value | B16: 3 | C16: 3 | D16: 3 | E16: 3 | F16: 3 | G16: 3 | H16: 3 | I16: 3 | J16: 3 | K16: 3 | L16: 3 | M16: 3 | N16: 3 | O16: 3 | P16: 3 | Q16: 3 | R16: 3 | S16: 3 | T16: 3 | U16: 3 | V16: 3 | W16: 3 | X16: 3 | Y16: 3 | Z16: 3 | AA16: 3 | AF16: 3 | AG16: 3 | AH16: 3
A17: Manner of articulation | B17: P | C17: P | D17: P | E17: P | F17: P | G17: P | H17: P | I17: P | J17: P | K17: P | L17: P | M17: P | N17: P | O17: P | P17: P | Q17: P | R17: P | S17: P | T17: P | U17: P | V17: P | W17: P | X17: P | Y17: P | Z17: P | AA17: P | AF17: P | AG17: P | AH17: P
A18: Sonority value | B18: 4 | C18: 4 | D18: 4 | E18: 4 | F18: 4 | G18: 4 | H18: 4 | I18: 4 | J18: 4 | K18: 4 | L18: 4 | M18: 4 | N18: 4 | O18: 4 | P18: 4 | Q18: 4 | R18: 4 | S18: 4 | T18: 4 | U18: 4 | V18: 4 | W18: 4 | X18: 4 | Y18: 4 | Z18: 4 | AA18: 4 | AF18: 4 | AG18: 4 | AH18: 4
A20: Overview of common sound changes
A21: b // #_{a,O} | B21: typically /b/

Sheet 002 B-
A1: A - Consonantism | D1: 1. Initial Position | I1: 1.1 Simple consonants
A3: Number | B3: 2 | F3: Latin Reference Words
A4: Treatment | B4: B- | F4: BĔLLU, BĔNE, BĬBĔRE, BILĂNCIA, BITTŪME, BĪSTIA
A5: Environment | B5: #_E
A7: Languages | B7: LAT | C7: EU POR | D7: BR POR | E7: GAL | F7: ASL | G7: CAS ESP | H7: AND ESP | I7: AMR ESP | J7: ARG | K7: CAT | L7: VAL | M7: BAL | N7: OCC | O7: GAS OCC | P7: EU FRA | Q7: QBC FRA | R7: WAL | S7: ARP | T7: LIG | U7: LMO | V7: RMH | W7: FUR | X7: LOG SRD | Y7: CPN SRD | Z7: COR | AA7: ITA | AB7: ABR | AC7: CAM | AD7: PGL | AE7: SCN | AF7: VEN | AG7: ARO | AH7: ROM
A8: Grapheme | B8: B | C8: b | D8: b | E8: b | F8: b | G8: b | H8: b | I8: b | J8: b | K8: b | L8: b | M8: b | N8: b | O8: b | P8: b | Q8: b | R8: b | S8: b | T8: b | U8: b | V8: b | W8: b | X8: b | Y8: b | Z8: b | AA8: b | AB8: v? | AC8: v? | AD8: v? | AE8: v? | AF8: b | AG8: b | AH8: b
A9: IPA | B9: b | C9: b | D9: b | E9: b | F9: b | G9: b | H9: b | I9: b | J9: b | K9: b | L9: b | M9: b | N9: b | O9: b | P9: b | Q9: b | R9: b | S9: b | T9: b | U9: b | V9: b | W9: b | X9: b | Y9: b | Z9: b | AA9: b | AF9: b | AG9: b | AH9: b
A10: IPA key | B10: 2 | C10: 2 | D10: 2 | E10: 2 | F10: 2 | G10: 2 | H10: 2 | I10: 2 | J10: 2 | K10: 2 | L10: 2 | M10: 2 | N10: 2 | O10: 2 | P10: 2 | Q10: 2 | R10: 2 | S10: 2 | T10: 2 | U10: 2 | V10: 2 | W10: 2 | X10: 2 | Y10: 2 | Z10: 2 | AA10: 2 | AF10: 2 | AG10: 2 | AH10: 2
A11: Consonantal +/− | B11: + | C11: + | D11: + | E11: + | F11: + | G11: + | H11: + | I11: + | J11: + | K11: + | L11: + | M11: + | N11: + | O11: + | P11: + | Q11: + | R11: + | S11: + | T11: + | U11: + | V11: + | W11: + | X11: + | Y11: + | Z11: + | AA11: + | AF11: + | AG11: + | AH11: +
A12: Voice +/− | B12: + | C12: + | D12: + | E12: + | F12: + | G12: + | H12: + | I12: + | J12: + | K12: + | L12: + | M12: + | N12: + | O12: + | P12: + | Q12: + | R12: + | S12: + | T12: + | U12: + | V12: + | W12: + | X12: + | Y12: + | Z12: + | AA12: + | AF12: + | AG12: + | AH12: +
A13: Sibilant +/− | B13: − | C13: − | D13: − | E13: − | F13: − | G13: − | H13: − | I13: − | J13: − | K13: − | L13: − | M13: − | N13: − | O13: − | P13: − | Q13: − | R13: − | S13: − | T13: − | U13: − | V13: − | W13: − | X13: − | Y13: − | Z13: − | AA13: − | AF13: − | AG13: − | AH13: −
A14: Lateral +/− | B14: − | C14: − | D14: − | E14: − | F14: − | G14: − | H14: − | I14: − | J14: − | K14: − | L14: − | M14: − | N14: − | O14: − | P14: − | Q14: − | R14: − | S14: − | T14: − | U14: − | V14: − | W14: − | X14: − | Y14: − | Z14: − | AA14: − | AF14: − | AG14: − | AH14: −
A15: Place of articulation | B15: B | C15: B | D15: B | E15: B | F15: B | G15: B | H15: B | I15: B | J15: B | K15: B | L15: B | M15: B | N15: B | O15: B | P15: B | Q15: B | R15: B | S15: B | T15: B | U15: B | V15: B | W15: B | X15: B | Y15: B | Z15: B | AA15: B | AF15: B | AG15: B | AH15: B
A16: Place value | B16: 3 | C16: 3 | D16: 3 | E16: 3 | F16: 3 | G16: 3 | H16: 3 | I16: 3 | J16: 3 | K16: 3 | L16: 3 | M16: 3 | N16: 3 | O16: 3 | P16: 3 | Q16: 3 | R16: 3 | S16: 3 | T16: 3 | U16: 3 | V16: 3 | W16: 3 | X16: 3 | Y16: 3 | Z16: 3 | AA16: 3 | AF16: 3 | AG16: 3 | AH16: 3
A17: Manner of articulation | B17: P | C17: P | D17: P | E17: P | F17: P | G17: P | H17: P | I17: P | J17: P | K17: P | L17: P | M17: P | N17: P | O17: P | P17: P | Q17: P | R17: P | S17: P | T17: P | U17: P | V17: P | W17: P | X17: P | Y17: P | Z17: P | AA17: P | AF17: P | AG17: P | AH17: P
A18: Sonority value | B18: 4 | C18: 4 | D18: 4 | E18: 4 | F18: 4 | G18: 4 | H18: 4 | I18: 4 | J18: 4 | K18: 4 | L18: 4 | M18: 4 | N18: 4 | O18: 4 | P18: 4 | Q18: 4 | R18: 4 | S18: 4 | T18: 4 | U18: 4 | V18: 4 | W18: 4 | X18: 4 | Y18: 4 | Z18: 4 | AA18: 4 | AF18: 4 | AG18: 4 | AH18: 4
A20: Overview of common sound changes
A21: b // #_E | B21: typically /b/

Sheet 003 T-
A1: A - Consonantism | D1: 1. Initial Position | I1: 1.1 Simple consonants
A3: Number | B3: 3 | F3: Latin Reference Words
A4: Treatment | B4: T- | F4: 003a) TĒ, TĒGULA, TĬNGERE; 003b) TENĒRE, TĔRRA, TĔRTIU, TĔSTA, TĔXERE; 003c) TĪTIŌNE
A5: Environment | B5: #_E
A7: Languages | B7: LAT | C7: EU POR | D7: BR POR | E7: GAL | F7: ASL | G7: CAS ESP | H7: AND ESP | I7: AMR ESP | J7: ARG | K7: CAT | L7: VAL | M7: BAL | N7: OCC | O7: GAS OCC | P7: EU FRA | Q7: QBC FRA | R7: WAL | S7: ARP | T7: LIG | U7: LMO | V7: RMH | W7: FUR | X7: LOG SRD | Y7: CPN SRD | Z7: COR | AA7: ITA | AB7: ABR | AC7: CAM | AD7: PGL | AE7: SCN | AF7: VEN | AG7: ARO | AH7: ROM | AJ7: ARO | AK7: ROM | AM7: BR POR | AN7: QBC FRA
A8: Grapheme | B8: T | C8: t | D8: t | E8: t | F8: t | G8: t | H8: t | I8: t | J8: t | K8: t | L8: t | M8: t | N8: t | O8: t | P8: t | Q8: t | R8: t | S8: t | T8: t | U8: t | V8: t | W8: t | X8: t | Y8: t | Z8: t | AA8: t | AB8: t | AC8: t | AD8: t | AE8: t | AF8: t | AG8: t | AH8: t | AJ8: ts | AK8: ț | AM8: t | AN8: t
A9: IPA | B9: t̪ | C9: t̪ | D9: t̪ | E9: t̪ | F9: t̪ | G9: t̪ | H9: t̪ | I9: t̪ | J9: t̪ | K9: t̪ | L9: t̪ | M9: t̪ | N9: t̪ | O9: t̪ | P9: t̪ | Q9: t̪ | R9: t̪ | S9: t̪ | U9: t̪ | V9: t̪ | W9: t̪ | X9: t̪ | Y9: t̪ | Z9: t̪ | AA9: t̪ | AC9: t̪ | AE9: t̪ | AF9: t̪ | AG9: t̪ | AH9: t̪ | AJ9: t͡s̪ | AK9: t͡s̪ | AM9: t̠͡ʃ | AN9: t͡s̪
A10: IPA key | B10: 5 | C10: 5 | D10: 5 | E10: 5 | F10: 5 | G10: 5 | H10: 5 | I10: 5 | J10: 5 | K10: 5 | L10: 5 | M10: 5 | N10: 5 | O10: 5 | P10: 5 | Q10: 5 | R10: 5 | S10: 5 | U10: 5 | V10: 5 | W10: 5 | X10: 5 | Y10: 5 | Z10: 5 | AA10: 5 | AC10: 5 | AE10: 5 | AF10: 5 | AG10: 5 | AH10: 5 | AJ10: 26 | AK10: 26 | AM10: 34 | AN10: 26
A11: Consonantal +/− | B11: + | C11: + | D11: + | E11: + | F11: + | G11: + | H11: + | I11: + | J11: + | K11: + | L11: + | M11: + | N11: + | O11: + | P11: + | Q11: + | R11: + | S11: + | U11: + | V11: + | W11: + | X11: + | Y11: + | Z11: + | AA11: + | AC11: + | AE11: + | AF11: + | AG11: + | AH11: + | AJ11: + | AK11: + | AM11: + | AN11: +
A12: Voice +/− | B12: − | C12: − | D12: − | E12: − | F12: − | G12: − | H12: − | I12: − | J12: − | K12: − | L12: − | M12: − | N12: − | O12: − | P12: − | Q12: − | R12: − | S12: − | U12: − | V12: − | W12: − | X12: − | Y12: − | Z12: − | AA12: − | AC12: − | AE12: − | AF12: − | AG12: − | AH12: − | AJ12: − | AK12: − | AM12: − | AN12: −
A13: Sibilant +/− | B13: − | C13: − | D13: − | E13: − | F13: − | G13: − | H13: − | I13: − | J13: − | K13: − | L13: − | M13: − | N13: − | O13: − | P13: − | Q13: − | R13: − | S13: − | U13: − | V13: − | W13: − | X13: − | Y13: − | Z13: − | AA13: − | AC13: − | AE13: − | AF13: − | AG13: − | AH13: − | AJ13: + | AK13: + | AM13: + | AN13: +
A14: Lateral +/− | B14: − | C14: − | D14: − | E14: − | F14: − | G14: − | H14: − | I14: − | J14: − | K14: − | L14: − | M14: − | N14: − | O14: − | P14: − | Q14: − | R14: − | S14: − | U14: − | V14: − | W14: − | X14: − | Y14: − | Z14: − | AA14: − | AC14: − | AE14: − | AF14: − | AG14: − | AH14: − | AJ14: − | AK14: − | AM14: − | AN14: −
A15: Place of articulation | B15: D | C15: D | D15: D | E15: D | F15: D | G15: D | H15: D | I15: D | J15: D | K15: D | L15: D | M15: D | N15: D | O15: D | P15: D | Q15: D | R15: D | S15: D | U15: D | V15: D | W15: D | X15: D | Y15: D | Z15: D | AA15: D | AC15: D | AE15: D | AF15: D | AG15: D | AH15: D | AJ15: D | AK15: D | AM15: Ɉ | AN15: D
A16: Place value | B16: =5/3 -> 1.6666667 | C16: =5/3 -> 1.6666667 | D16: =5/3 -> 1.6666667 | E16: =5/3 -> 1.6666667 | F16: =5/3 -> 1.6666667 | G16: =5/3 -> 1.6666667 | H16: =5/3 -> 1.6666667 | I16: =5/3 -> 1.6666667 | ... S16: =5/3 -> 1.6666667 | U16: =5/3 -> 1.6666667 | V16: =5/3 -> 1.6666667 | W16: =5/3 -> 1.6666667 | X16: =5/3 -> 1.6666667 | Y16: =5/3 -> 1.6666667 | Z16: =5/3 -> 1.6666667 | AA16: =5/3 -> 1.6666667 | AC16: =5/3 -> 1.6666667 | AE16: =5/3 -> 1.6666667 | AF16: =5/3 -> 1.6666667 | AG16: =5/3 -> 1.6666667 | AH16: =5/3 -> 1.6666667 | AJ16: =4/3 -> 1.3333333 | AK16: =4/3 -> 1.3333333 | AM16: -0.5 | AN16: =4/3 -> 1.3333333
A17: Manner of articulation | B17: P | C17: P | D17: P | E17: P | F17: P | G17: P | H17: P | I17: P | J17: P | K17: P | L17: P | M17: P | N17: P | O17: P | P17: P | Q17: P | R17: P | S17: P | U17: P | V17: P | W17: P | X17: P | Y17: P | Z17: P | AA17: P | AC17: P | AE17: P | AF17: P | AG17: P | AH17: P | AJ17: P͡F | AK17: P͡F | AM17: P͡F | AN17: P͡F
A18: Sonority value | B18: 4 | C18: 4 | D18: 4 | E18: 4 | F18: 4 | G18: 4 | H18: 4 | I18: 4 | J18: 4 | K18: 4 | L18: 4 | M18: 4 | N18: 4 | O18: 4 | P18: 4 | Q18: 4 | R18: 4 | S18: 4 | U18: 4 | V18: 4 | W18: 4 | X18: 4 | Y18: 4 | Z18: 4 | AA18: 4 | AC18: 4 | AE18: 4 | AF18: 4 | AG18: 4 | AH18: 4 | AJ18: 3 | AK18: 3 | AM18: 3 | AN18: 3
D19: 003a,b | AG19: 003a | AJ19: 003b,c | AM19: 003c
A20: Overview of common sound changes
A21: 003a: t // #_{ĕNC,ē,ĭ} | B21: typically /t/
A22: 003b: t / ? / #_{ĕ²} | B22: typically /t/
B23: /t͡s/ in ARO,ROM
A24: 003c: t / ? / #_ī | B24: typically /t/
B25: /t͡ʃ/ in BR.POR
B26: /t͡s/ in ARO,ROM
A28: Romanian: t͡s̪ | B28: 1) ē; ĭ; stressed /ĕ/~/æ/ followed by a cluster /NC/ (> ERom. /e/) 2) stressed /ĕ/~/æ/ *not* followed by a cluster /NC/ (> ERom. /je/) 3) i + vowel (consonantal /i/) (> ERom. /j/) 4) long /i:/ (> ERom. /i/), if not elided

Sheet 004 T-
A1: A - Consonantism | D1: 1. Initial Position | I1: 1.1 Simple consonants
A3: Number | B3: 4 | F3: Latin Reference Words
A4: Treatment | B4: T- | F4: TĀBŬLA, TĂNGERE, TĂXU/TAXŎNE, TOCCĀRE, TŎRCULU, TŬRRE, TŪ
A5: Environment | B5: #_{a,O}
A7: Languages | B7: LAT | C7: EU POR | D7: BR POR | E7: GAL | F7: ASL | G7: CAS ESP | H7: AND ESP | I7: AMR ESP | J7: ARG | K7: CAT | L7: VAL | M7: BAL | N7: OCC | O7: GAS OCC | P7: EU FRA | Q7: QBC FRA | R7: WAL | S7: ARP | T7: LIG | U7: LMO | V7: RMH | W7: FUR | X7: LOG SRD | Y7: CPN SRD | Z7: COR | AA7: ITA | AB7: ABR | AC7: CAM | AD7: PGL | AE7: SCN | AF7: VEN | AG7: ARO | AH7: ROM | AJ7: QBC FRA
A8: Grapheme | B8: T | C8: t | D8: t | E8: t | F8: t | G8: t | H8: t | I8: t | J8: t | K8: t | L8: t | M8: t | N8: t | O8: t | P8: t | Q8: t | R8: t | S8: t | T8: t | U8: t | V8: t | W8: t | X8: t | Y8: t | Z8: t | AA8: t | AB8: t | AC8: t | AD8: t | AE8: t | AF8: t | AG8: t | AH8: t | AJ8: t
A9: IPA | B9: t̪ | C9: t̪ | D9: t̪ | E9: t̪ | F9: t̪ | G9: t̪ | H9: t̪ | I9: t̪ | J9: t̪ | K9: t̪ | L9: t̪ | M9: t̪ | N9: t̪ | O9: t̪ | P9: t̪ | Q9: t̪ | R9: t̪ | S9: t̪ | T9: t̪ | U9: t̪ | V9: t̪ | W9: t̪ | X9: t̪ | Y9: t̪ | Z9: t̪ | AA9: t̪ | AB9: t̪ | AC9: t̪ | AD9: t̪ | AE9: t̪ | AF9: t̪ | AG9: t̪ | AH9: t̪ | AJ9: t͡s̪
A10: IPA key | B10: 5 | C10: 5 | D10: 5 | E10: 5 | F10: 5 | G10: 5 | H10: 5 | I10: 5 | J10: 5 | K10: 5 | L10: 5 | M10: 5 | N10: 5 | O10: 5 | P10: 5 | Q10: 5 | R10: 5 | S10: 5 | T10: 5 | U10: 5 | V10: 5 | W10: 5 | X10: 5 | Y10: 5 | Z10: 5 | AA10: 5 | AB10: 5 | AC10: 5 | AD10: 5 | AE10: 5 | AF10: 5 | AG10: 5 | AH10: 5 | AJ10: 26
A11: Consonantal +/− | B11: + | C11: + | D11: + | E11: + | F11: + | G11: + | H11: + | I11: + | J11: + | K11: + | L11: + | M11: + | N11: + | O11: + | P11: + | Q11: + | R11: + | S11: + | T11: + | U11: + | V11: + | W11: + | X11: + | Y11: + | Z11: + | AA11: + | AB11: + | AC11: + | AD11: + | AE11: + | AF11: + | AG11: + | AH11: + | AJ11: +
A12: Voice +/− | B12: − | C12: − | D12: − | E12: − | F12: − | G12: − | H12: − | I12: − | J12: − | K12: − | L12: − | M12: − | N12: − | O12: − | P12: − | Q12: − | R12: − | S12: − | T12: − | U12: − | V12: − | W12: − | X12: − | Y12: − | Z12: − | AA12: − | AB12: − | AC12: − | AD12: − | AE12: − | AF12: − | AG12: − | AH12: − | AJ12: −
A13: Sibilant +/− | B13: − | C13: − | D13: − | E13: − | F13: − | G13: − | H13: − | I13: − | J13: − | K13: − | L13: − | M13: − | N13: − | O13: − | P13: − | Q13: − | R13: − | S13: − | T13: − | U13: − | V13: − | W13: − | X13: − | Y13: − | Z13: − | AA13: − | AB13: − | AC13: − | AD13: − | AE13: − | AF13: − | AG13: − | AH13: − | AJ13: +
A14: Lateral +/− | B14: − | C14: − | D14: − | E14: − | F14: − | G14: − | H14: − | I14: − | J14: − | K14: − | L14: − | M14: − | N14: − | O14: − | P14: − | Q14: − | R14: − | S14: − | T14: − | U14: − | V14: − | W14: − | X14: − | Y14: − | Z14: − | AA14: − | AB14: − | AC14: − | AD14: − | AE14: − | AF14: − | AG14: − | AH14: − | AJ14: −
A15: Place of articulation | B15: D | C15: D | D15: D | E15: D | F15: D | G15: D | H15: D | I15: D | J15: D | K15: D | L15: D | M15: D | N15: D | O15: D | P15: D | Q15: D | R15: D | S15: D | T15: D | U15: D | V15: D | W15: D | X15: D | Y15: D | Z15: D | AA15: D | AB15: D | AC15: D | AD15: D | AE15: D | AF15: D | AG15: D | AH15: D | AJ15: D
A16: Place value | B16: =5/3 -> 1.6666667 | C16: =5/3 -> 1.6666667 | D16: =5/3 -> 1.6666667 | E16: =5/3 -> 1.6666667 | F16: =5/3 -> 1.6666667 | G16: =5/3 -> 1.6666667 | H16: =5/3 -> 1.6666667 | I16: =5/3 -> 1.6666667 | ... AH16: =5/3 -> 1.6666667 | AJ16: =4/3 -> 1.3333333
A17: Manner of articulation | B17: P | C17: P | D17: P | E17: P | F17: P | G17: P | H17: P | I17: P | J17: P | K17: P | L17: P | M17: P | N17: P | O17: P | P17: P | Q17: P | R17: P | S17: P | T17: P | U17: P | V17: P | W17: P | X17: P | Y17: P | Z17: P | AA17: P | AB17: P | AC17: P | AD17: P | AE17: P | AF17: P | AG17: P | AH17: P | AJ17: P͡F
A18: Sonority value | B18: 4 | C18: 4 | D18: 4 | E18: 4 | F18: 4 | G18: 4 | H18: 4 | I18: 4 | J18: 4 | K18: 4 | L18: 4 | M18: 4 | N18: 4 | O18: 4 | P18: 4 | Q18: 4 | R18: 4 | S18: 4 | T18: 4 | U18: 4 | V18: 4 | W18: 4 | X18: 4 | Y18: 4 | Z18: 4 | AA18: 4 | AB18: 4 | AC18: 4 | AD18: 4 | AE18: 4 | AF18: 4 | AG18: 4 | AH18: 4 | AJ18: 3
Q19: 004a | AJ19: 004b
A20: Overview of common sound changes
A21: 004a: t // #_{a,o,ŭ} | B21: typically /t/
A22: 004b: t // #_ū | B22: typically /t/

Sheet 005 D-
A1: A - Consonantism | D1: 1. Initial Position | I1: 1.1 Simple consonants
A3: Number | B3: 5 | F3: Latin Reference Words
A4: Treatment | B4: D- | F4: 005a) DĒ, DĒBĒRE, DĔNTE, DĬGĬTU; 005b) DĔCE, DĪCERE, DĪĒ/DĪA, DĪĀNA
A5: Environment | B5: #_E
A7: Languages | B7: LAT | C7: EU POR | D7: BR POR | E7: GAL | F7: ASL | G7: CAS ESP | H7: AND ESP | I7: AMR ESP | J7: ARG | K7: CAT | L7: VAL | M7: BAL | N7: OCC | O7: GAS OCC | P7: EU FRA | Q7: QBC FRA | R7: WAL | S7: ARP | T7: LIG | U7: LMO | V7: RMH | W7: FUR | X7: LOG SRD | Y7: CPN SRD | Z7: COR | AA7: ITA | AB7: ABR | AC7: CAM | AD7: PGL | AE7: SCN | AF7: VEN | AG7: ARO | AH7: ROM | AJ7: ARO | AK7: ROM | AM7: BR POR | AQ7: QBC FRA
A8: Grapheme | B8: D | C8: d | D8: d | E8: d | F8: d | G8: d | H8: d | I8: d | J8: d | K8: d | L8: d | M8: d | N8: d | O8: d | P8: d | Q8: d | R8: d | S8: d | U8: d | V8: d | W8: d | X8: d | Y8: d | AA8: d | AB8: d | AC8: d | AD8: d | AE8: d | AF8: d | AG8: d | AH8: d | AJ8: dz | AK8: z | AM8: d | AQ8: d
A9: IPA | B9: d̪ | C9: d̪ | D9: d̪ | E9: d̪ | F9: d̪ | G9: d̪ | H9: d̪ | I9: d̪ | J9: d̪ | K9: d̪ | L9: d̪ | M9: d̪ | N9: d̪ | O9: d̪ | P9: d̪ | Q9: d̪ | R9: d̪ | S9: d̪ | U9: d̪ | V9: d̪ | W9: d̪ | X9: d̪ | Y9: d̪ | AA9: d̪ | AB9: d̪ | AC9: d̪~ɾ | AD9: d̪ | AE9: d̪~ɾ | AF9: d̪ | AG9: d̪ | AH9: d̪ | AJ9: d͡z̪ | AK9: z̪ | AM9: d̠͡ʒ | AQ9: d͡z̪
A10: IPA key | B10: 6 | C10: 6 | D10: 6 | E10: 6 | F10: 6 | G10: 6 | H10: 6 | I10: 6 | J10: 6 | K10: 6 | L10: 6 | M10: 6 | N10: 6 | O10: 6 | P10: 6 | Q10: 6 | R10: 6 | S10: 6 | U10: 6 | V10: 6 | W10: 6 | X10: 6 | Y10: 6 | AA10: 6 | AB10: 6 | AC10: 101 | AD10: 6 | AE10: 101 | AF10: 6 | AG10: 6 | AH10: 6 | AJ10: 27 | AK10: 49 | AM10: 35 | AQ10: 27
A11: Consonantal +/− | B11: + | C11: + | D11: + | E11: + | F11: + | G11: + | H11: + | I11: + | J11: + | K11: + | L11: + | M11: + | N11: + | O11: + | P11: + | Q11: + | R11: + | S11: + | U11: + | V11: + | W11: + | X11: + | Y11: + | AA11: + | AB11: + | AC11: + | AD11: + | AE11: + | AF11: + | AG11: + | AH11: + | AJ11: + | AK11: + | AM11: + | AQ11: +
A12: Voice +/− | B12: + | C12: + | D12: + | E12: + | F12: + | G12: + | H12: + | I12: + | J12: + | K12: + | L12: + | M12: + | N12: + | O12: + | P12: + | Q12: + | R12: + | S12: + | U12: + | V12: + | W12: + | X12: + | Y12: + | AA12: + | AB12: + | AC12: + | AD12: + | AE12: + | AF12: + | AG12: + | AH12: + | AJ12: + | AK12: + | AM12: + | AQ12: +
A13: Sibilant +/− | B13: − | C13: − | D13: − | E13: − | F13: − | G13: − | H13: − | I13: − | J13: − | K13: − | L13: − | M13: − | N13: − | O13: − | P13: − | Q13: − | R13: − | S13: − | U13: − | V13: − | W13: − | X13: − | Y13: − | AA13: − | AB13: − | AC13: − | AD13: − | AE13: − | AF13: − | AG13: − | AH13: − | AJ13: + | AK13: + | AM13: + | AQ13: +
A14: Lateral +/− | B14: − | C14: − | D14: − | E14: − | F14: − | G14: − | H14: − | I14: − | J14: − | K14: − | L14: − | M14: − | N14: − | O14: − | P14: − | Q14: − | R14: − | S14: − | U14: − | V14: − | W14: − | X14: − | Y14: − | AA14: − | AB14: − | AC14: − | AD14: − | AE14: − | AF14: − | AG14: − | AH14: − | AJ14: − | AK14: − | AM14: − | AQ14: −
A15: Place of articulation | B15: D | C15: D | D15: D | E15: D | F15: D | G15: D | H15: D | I15: D | J15: D | K15: D | L15: D | M15: D | N15: D | O15: D | P15: D | Q15: D | R15: D | S15: D | U15: D | V15: D | W15: D | X15: D | Y15: D | AA15: D | AB15: D | AC15: D | AD15: D | AE15: D | AF15: D | AG15: D | AH15: D | AJ15: D | AK15: D | AM15: Ɉ | AQ15: D
A16: Place value | B16: =5/3 -> 1.6666667 | C16: =5/3 -> 1.6666667 | D16: =5/3 -> 1.6666667 | E16: =5/3 -> 1.6666667 | F16: =5/3 -> 1.6666667 | G16: =5/3 -> 1.6666667 | H16: =5/3 -> 1.6666667 | I16: =5/3 -> 1.6666667 | ... S16: =5/3 -> 1.6666667 | U16: =5/3 -> 1.6666667 | V16: =5/3 -> 1.6666667 | W16: =5/3 -> 1.6666667 | X16: =5/3 -> 1.6666667 | Y16: =5/3 -> 1.6666667 | AA16: =5/3 -> 1.6666667 | AB16: =5/3 -> 1.6666667 | AC16: =AVERAGE(5/3,0.75) -> 1.2083333 | AD16: =5/3 -> 1.6666667 | AE16: =AVERAGE(5/3,0.75) -> 1.2083333 | AF16: =5/3 -> 1.6666667 | AG16: =5/3 -> 1.6666667 | AH16: =5/3 -> 1.6666667 | AJ16: =4/3 -> 1.3333333 | AK16: =4/3 -> 1.3333333 | AM16: -0.5 | AQ16: =4/3 -> 1.3333333
A17: Manner of articulation | B17: P | C17: P | D17: P | E17: P | F17: P | G17: P | H17: P | I17: P | J17: P | K17: P | L17: P | M17: P | N17: P | O17: P | P17: P | Q17: P | R17: P | S17: P | U17: P | V17: P | W17: P | X17: P | Y17: P | AA17: P | AB17: P | AC17: P~L | AD17: P | AE17: P~L | AF17: P | AG17: P | AH17: P | AJ17: P͡F | AK17: F | AM17: P͡F | AQ17: P͡F
A18: Sonority value | B18: 4 | C18: 4 | D18: 4 | E18: 4 | F18: 4 | G18: 4 | H18: 4 | I18: 4 | J18: 4 | K18: 4 | L18: 4 | M18: 4 | N18: 4 | O18: 4 | P18: 4 | Q18: 4 | R18: 4 | S18: 4 | U18: 4 | V18: 4 | W18: 4 | X18: 4 | Y18: 4 | AA18: 4 | AB18: 4 | AC18: =AVERAGE(4,0.875) -> 2.4375 | AD18: 4 | AE18: =AVERAGE(4,0.875) -> 2.4375 | AF18: 4 | AG18: 4 | AH18: 4 | AJ18: 3 | AK18: 2 | AM18: 3 | AQ18: 3
D19: 005a,b | Q19: 005a,b | AG19: 005a | AJ19: 005b,c | AM19: 005c
A20: Overview of common sound changes
A21: 005a: d // #_{ĕNC,ē,ĭ} | B21: typically /d/
A22: 005b: d /? / #_{ĕ³} | B22: typically /d/
B23: /d͡z/ in ARO, /z/ in ROM
A24: 005c: d / ? / #_ī | B24: typically /d/
B25: /d͡ʒ/ in BR.POR
B26: /d͡z/ in ARO, QBC.FRA, /z/ in ROM
A28: Romanian: t͡s̪ | B28: 1) ē; ĭ; stressed /ĕ/~/æ/ followed by a cluster /NC/ (> ERom. /e/) 2) stressed /ĕ/~/æ/ *not* followed by a cluster /NC/ (> ERom. /je/) 3) i + vowel (consonantal /i/) (> ERom. /j/) 4) long /i:/ (> ERom. /i/), if not elided

Sheet 006 D-
A1: A - Consonantism | D1: 1. Initial Position | I1: 1.1 Simple consonants
A3: Number | B3: 6 | F3: Latin Reference Words
A4: Treatment | B4: D- | F4: DĂMNU, DĂRE, DŎMĬNA, DORMĪRE, DŬLCE, DŬO(S)
A5: Environment | B5: #_{a,O}
A7: Languages | B7: LAT | C7: EU POR | D7: BR POR | E7: GAL | F7: ASL | G7: CAS ESP | H7: AND ESP | I7: AMR ESP | J7: ARG | K7: CAT | L7: VAL | M7: BAL | N7: OCC | O7: GAS OCC | P7: EU FRA | Q7: QBC FRA | R7: WAL | S7: ARP | T7: LIG | U7: LMO | V7: RMH | W7: FUR | X7: LOG SRD | Y7: CPN SRD | Z7: COR | AA7: ITA | AB7: ABR | AC7: CAM | AD7: PGL | AE7: SCN | AF7: VEN | AG7: ARO | AH7: ROM | AJ7: QBC FRA
A8: Grapheme | B8: D | C8: d | D8: d | E8: d | F8: d | G8: d | H8: d | I8: d | J8: d | K8: d | L8: d | M8: d | N8: d | O8: d | P8: d | Q8: d | R8: d | S8: d | U8: d | V8: d | W8: d | X8: d | Y8: d | AA8: d | AB8: d | AC8: d | AD8: d | AE8: d | AF8: d | AG8: d | AH8: d | AJ8: d
A9: IPA | B9: d̪ | C9: d̪ | D9: d̪ | E9: d̪ | F9: d̪ | G9: d̪ | H9: d̪ | I9: d̪ | J9: d̪ | K9: d̪ | L9: d̪ | M9: d̪ | N9: d̪ | O9: d̪ | P9: d̪ | Q9: d̪ | R9: d̪ | S9: d̪ | U9: d̪ | V9: d̪ | W9: d̪ | X9: d̪ | Y9: d̪ | AA9: d̪ | AB9: d̪ | AC9: d̪~ɾ | AD9: d̪ | AE9: d̪~ɾ | AF9: d̪ | AG9: d̪ | AH9: d̪ | AJ9: d͡z̪
A10: IPA key | B10: 6 | C10: 6 | D10: 6 | E10: 6 | F10: 6 | G10: 6 | H10: 6 | I10: 6 | J10: 6 | K10: 6 | L10: 6 | M10: 6 | N10: 6 | O10: 6 | P10: 6 | Q10: 6 | R10: 6 | S10: 6 | U10: 6 | V10: 6 | W10: 6 | X10: 6 | Y10: 6 | AA10: 6 | AB10: 6 | AC10: 101 | AD10: 6 | AE10: 101 | AF10: 6 | AG10: 6 | AH10: 6 | AJ10: 27
A11: Consonantal +/− | B11: + | C11: + | D11: + | E11: + | F11: + | G11: + | H11: + | I11: + | J11: + | K11: + | L11: + | M11: + | N11: + | O11: + | P11: + | Q11: + | R11: + | S11: + | U11: + | V11: + | W11: + | X11: + | Y11: + | AA11: + | AB11: + | AC11: + | AD11: + | AE11: + | AF11: + | AG11: + | AH11: + | AJ11: +
A12: Voice +/− | B12: + | C12: + | D12: + | E12: + | F12: + | G12: + | H12: + | I12: + | J12: + | K12: + | L12: + | M12: + | N12: + | O12: + | P12: + | Q12: + | R12: + | S12: + | U12: + | V12: + | W12: + | X12: + | Y12: + | AA12: + | AB12: + | AC12: + | AD12: + | AE12: + | AF12: + | AG12: + | AH12: + | AJ12: +
A13: Sibilant +/− | B13: − | C13: − | D13: − | E13: − | F13: − | G13: − | H13: − | I13: − | J13: − | K13: − | L13: − | M13: − | N13: − | O13: − | P13: − | Q13: − | R13: − | S13: − | U13: − | V13: − | W13: − | X13: − | Y13: − | AA13: − | AB13: − | AC13: − | AD13: − | AE13: − | AF13: − | AG13: − | AH13: − | AJ13: +
A14: Lateral +/− | B14: − | C14: − | D14: − | E14: − | F14: − | G14: − | H14: − | I14: − | J14: − | K14: − | L14: − | M14: − | N14: − | O14: − | P14: − | Q14: − | R14: − | S14: − | U14: − | V14: − | W14: − | X14: − | Y14: − | AA14: − | AB14: − | AC14: − | AD14: − | AE14: − | AF14: − | AG14: − | AH14: − | AJ14: −
A15: Place of articulation | B15: D | C15: D | D15: D | E15: D | F15: D | G15: D | H15: D | I15: D | J15: D | K15: D | L15: D | M15: D | N15: D | O15: D | P15: D | Q15: D | R15: D | S15: D | U15: D | V15: D | W15: D | X15: D | Y15: D | AA15: D | AB15: D | AC15: D | AD15: D | AE15: D | AF15: D | AG15: D | AH15: D | AJ15: D
A16: Place value | B16: =5/3 -> 1.6666667 | C16: =5/3 -> 1.6666667 | D16: =5/3 -> 1.6666667 | E16: =5/3 -> 1.6666667 | F16: =5/3 -> 1.6666667 | G16: =5/3 -> 1.6666667 | H16: =5/3 -> 1.6666667 | I16: =5/3 -> 1.6666667 | ... S16: =5/3 -> 1.6666667 | U16: =5/3 -> 1.6666667 | V16: =5/3 -> 1.6666667 | W16: =5/3 -> 1.6666667 | X16: =5/3 -> 1.6666667 | Y16: =5/3 -> 1.6666667 | AA16: =5/3 -> 1.6666667 | AB16: =5/3 -> 1.6666667 | AC16: =AVERAGE(5/3,0.75) -> 1.2083333 | AD16: =5/3 -> 1.6666667 | AE16: =AVERAGE(5/3,0.75) -> 1.2083333 | AF16: =5/3 -> 1.6666667 | AG16: =5/3 -> 1.6666667 | AH16: =5/3 -> 1.6666667 | AJ16: =4/3 -> 1.3333333
A17: Manner of articulation | B17: P | C17: P | D17: P | E17: P | F17: P | G17: P | H17: P | I17: P | J17: P | K17: P | L17: P | M17: P | N17: P | O17: P | P17: P | Q17: P | R17: P | S17: P | U17: P | V17: P | W17: P | X17: P | Y17: P | AA17: P | AB17: P | AC17: P~L | AD17: P | AE17: P~L | AF17: P | AG17: P | AH17: P | AJ17: P͡F
A18: Sonority value | B18: 4 | C18: 4 | D18: 4 | E18: 4 | F18: 4 | G18: 4 | H18: 4 | I18: 4 | J18: 4 | K18: 4 | L18: 4 | M18: 4 | N18: 4 | O18: 4 | P18: 4 | Q18: 4 | R18: 4 | S18: 4 | U18: 4 | V18: 4 | W18: 4 | X18: 4 | Y18: 4 | AA18: 4 | AB18: 4 | AC18: =AVERAGE(4,0.875) -> 2.4375 | AD18: 4 | AE18: =AVERAGE(4,0.875) -> 2.4375 | AF18: 4 | AG18: 4 | AH18: 4 | AJ18: 3
Q19: 006a | AJ19: 006b
A20: Overview of common sound changes
A21: 006a: d // #_{a,o,ŭ} | B21: typically /d/
A22: 006b: d // #_ū | B22: typically /t/

Sheet 007 C-
A1: A - Consonantism | D1: 1. Initial Position | I1: 1.1 Simple consonants
A3: Number | B3: 7 | F3: Latin Reference Words
A4: Treatment | B4: C- | F4: 007a: CĬNĔRE, CÆLU, CĔRĔBĔLLU, CĔNTU, CĔRĔSĔA, CĒPA, CĬCĔRU, CĬLĬU; 007b: CĪNCTU, CĪMĬCE, CĪVĬTĀTE, CĪCCU
A5: Environment | B5: #_E
A7: Languages | B7: LAT | C7: EU POR | D7: BR POR | E7: GAL | F7: ASL | G7: CAS ESP | H7: AND ESP | I7: AMR ESP | J7: ARG | K7: CAT | L7: VAL | M7: BAL | N7: OCC | O7: GAS OCC | P7: EU FRA | Q7: QBC FRA | R7: WAL | S7: ARP | T7: LIG | U7: LMO | V7: RMH | W7: FUR | X7: LOG SRD | Y7: CPN SRD | Z7: COR | AA7: ITA | AB7: ABR | AC7: CAM | AD7: PGL | AE7: SCN | AF7: VEN | AG7: ARO | AH7: ROM
A8: Grapheme | B8: C | C8: c | D8: c | E8: c | F8: c | G8: c | H8: c | I8: c | J8: c | K8: c | L8: c | M8: c | N8: c | O8: c | P8: c | Q8: c | R8: c | S8: c | U8: sc | V8: tsch | W8: c | X8: ch | Y8: c | AA8: c | AC8: c | AE8: c | AF8: s/th | AG8: ts | AH8: c
A9: IPA | B9: k | C9: s | D9: s | E9: θ (s) | F9: θ | G9: θ | H9: s̟ | I9: s | J9: θ | K9: s̠ | L9: s̠ | M9: s̠ | N9: s̠ | O9: s̠ | P9: s̪ | Q9: s̪ | R9: s̪ | S9: s̪ | U9: ʃ~s̠ | V9: t̠͡ʃ | W9: t̠͡ʃ~s̠? | X9: k | Y9: t̠͡ʃ | AA9: t̠͡ʃ | AC9: t̠͡ʃ | AE9: t̠͡ʃ | AF9: s̠~θ | AG9: t͡s̪ | AH9: t̠͡ʃ
A10: IPA key | B10: 19 | C10: 50 | D10: 50 | E10: 102 | F10: 44 | G10: 44 | H10: 46 | I10: 50 | J10: 44 | K10: 52 | L10: 52 | M10: 52 | N10: 52 | O10: 52 | P10: 48 | Q10: 48 | R10: 48 | S10: 48 | U10: 103 | V10: 34 | X10: 19 | Y10: 34 | AA10: 34 | AC10: 34 | AE10: 34 | AF10: 104 | AG10: 26 | AH10: 34
A11: Consonantal +/− | B11: + | C11: + | D11: + | E11: + | F11: + | G11: + | H11: + | I11: + | J11: + | K11: + | L11: + | M11: + | N11: + | O11: + | P11: + | Q11: + | R11: + | S11: + | U11: + | V11: + | X11: + | Y11: + | AA11: + | AC11: + | AE11: + | AF11: + | AG11: + | AH11: +
A12: Voice +/− | B12: − | C12: − | D12: − | E12: − | F12: − | G12: − | H12: − | I12: − | J12: − | K12: − | L12: − | M12: − | N12: − | O12: − | P12: − | Q12: − | R12: − | S12: − | U12: − | V12: − | X12: − | Y12: − | AA12: − | AC12: − | AE12: − | AF12: − | AG12: − | AH12: −
A13: Sibilant +/− | B13: − | C13: + | D13: + | E13: +/− | F13: − | G13: − | H13: + | I13: + | J13: − | K13: + | L13: + | M13: + | N13: + | O13: + | P13: + | Q13: + | R13: + | S13: + | U13: + | V13: + | X13: − | Y13: + | AA13: + | AC13: + | AE13: + | AF13: +/− | AG13: + | AH13: +
A14: Lateral +/− | B14: − | C14: − | D14: − | E14: − | F14: − | G14: − | H14: − | I14: − | J14: − | K14: − | L14: − | M14: − | N14: − | O14: − | P14: − | Q14: − | R14: − | S14: − | U14: − | V14: − | X14: − | Y14: − | AA14: − | AC14: − | AE14: − | AF14: − | AG14: − | AH14: −
A15: Place of articulation | B15: K | C15: D | D15: D | E15: D | F15: D | G15: D | H15: D | I15: D | J15: D | K15: D | L15: D | M15: D | N15: D | O15: D | P15: D | Q15: D | R15: D | S15: D | U15: Ɉ~D | V15: Ɉ | X15: K | Y15: Ɉ | AA15: Ɉ | AC15: Ɉ | AE15: Ɉ | AF15: D | AG15: D | AH15: Ɉ
A16: Place value | B16: -3 | C16: 1 | D16: 1 | E16: =AVERAGE(2,2,1) -> 1.6666667 | F16: 2 | G16: 2 | H16: =5/3 -> 1.6666667 | I16: 1 | J16: 2 | K16: 0.5 | L16: 0.5 | M16: 0.5 | N16: 0.5 | O16: 0.5 | P16: =4/3 -> 1.3333333 | Q16: =4/3 -> 1.3333333 | R16: =4/3 -> 1.3333333 | S16: =4/3 -> 1.3333333 | U16: =AVERAGE(-0.5,0.5) -> 0 | V16: -0.5 | X16: -3 | Y16: -0.5 | AA16: -0.5 | AC16: -0.5 | AE16: -0.5 | AF16: =AVERAGE(0.5,2) -> 1.25 | AG16: =4/3 -> 1.3333333 | AH16: -0.5
A17: Manner of articulation | B17: P | C17: F | D17: F | E17: F | F17: F | G17: F | H17: F | I17: F | J17: F | K17: F | L17: F | M17: F | N17: F | O17: F | P17: F | Q17: F | R17: F | S17: F | U17: F | V17: P͡F | X17: P | Y17: P͡F | AA17: P͡F | AC17: P͡F | AE17: P͡F | AF17: F | AG17: P͡F | AH17: P͡F
A18: Sonority value | B18: 4 | C18: 2 | D18: 2 | E18: 2 | F18: 2 | G18: 2 | H18: 2 | I18: 2 | J18: 2 | K18: 2 | L18: 2 | M18: 2 | N18: 2 | O18: 2 | P18: 2 | Q18: 2 | R18: 2 | S18: 2 | U18: 2 | V18: 3 | X18: 4 | Y18: 3 | AA18: 3 | AC18: 3 | AE18: 3 | AF18: 2 | AG18: 3 | AH18: 3
A20: Overview of common sound changes
A21: 007a: k / ? / #_{e,ĭ} | B21: /k/ in LOG.SRD, DAL
B22: /t͡ʃ/ in ITA, ROM
B23: /s/ in POR, AND.ESP, AMR.ESP, CVB, FRA
B24: /θ/ in CAS.ESP
A26: 007b: k / ? / #_ī | B26: /k/ in LOG.SRD
B27: /t͡ʃ/ in ITA, ROM
B28: /s/ in POR, AND.ESP, AMR.ESP, CVB, FRA
B29: /θ/ in CAS.ESP

Sheet 008 C-
A1: A - Consonantism | D1: 1. Initial Position | I1: 1.1 Simple consonants
A3: Number | B3: 8 | F3: Latin Reference Words
A4: Treatment | B4: C- | F4: 008a: CĂPRA, CĂRBŌNE, CĂNTĀRE; 008b: CĂTTU, CĂRY̆ŎPHY̆LLU
A5: Environment | B5: #_a
A7: Languages | B7: LAT | C7: EU POR | D7: BR POR | E7: GAL | F7: ASL | G7: CAS ESP | H7: AND ESP | I7: AMR ESP | J7: ARG | K7: CAT | L7: VAL | M7: BAL | N7: OCC | O7: GAS OCC | P7: EU FRA | Q7: QBC FRA | R7: WAL | S7: ARP | T7: LIG | U7: LMO | V7: RMH | W7: FUR | X7: LOG SRD | Y7: CPN SRD | Z7: COR | AA7: ITA | AB7: ABR | AC7: CAM | AD7: PGL | AE7: SCN | AF7: VEN | AG7: ARO | AH7: ROM
A8: Grapheme | B8: C | C8: c | D8: c | E8: c | F8: c | G8: c | H8: c | I8: c | J8: c | K8: c | L8: c | M8: c | N8: c (ch) | O8: c | P8: ch | Q8: ch | R8: tch | S8: ch | T8: c | U8: c | V8: ch | W8: cj | X8: c | Y8: c | Z8: c | AA8: c | AB8: c | AC8: c | AD8: c | AE8: c | AF8: c | AG8: c | AH8: c
A9: IPA | B9: k | C9: k | D9: k | E9: k | F9: k | G9: k | H9: k | I9: k | J9: k | K9: k | L9: k | M9: k | N9: k (t͡s) | O9: k | P9: ʃ | Q9: ʃ | R9: t̠͡ʃ | S9: t̠͡ʃ~θ | T9: k | U9: k | V9: k~c | W9: c~t̠͡ʃ | X9: k | Y9: k | Z9: k | AA9: k | AB9: k | AC9: k | AD9: k | AE9: k | AF9: k | AG9: k | AH9: k
A10: IPA key | B10: 19 | C10: 19 | D10: 19 | E10: 19 | F10: 19 | G10: 19 | H10: 19 | I10: 19 | J10: 19 | K10: 19 | L10: 19 | M10: 19 | N10: 105 | O10: 19 | P10: 56 | Q10: 56 | R10: 34 | S10: 106 | T10: 19 | U10: 19 | V10: 150 | W10: 152 | X10: 19 | Y10: 19 | Z10: 19 | AA10: 19 | AB10: 19 | AC10: 19 | AD10: 19 | AE10: 19 | AF10: 19 | AG10: 19 | AH10: 19
A11: Consonantal +/− | B11: + | C11: + | D11: + | E11: + | F11: + | G11: + | H11: + | I11: + | J11: + | K11: + | L11: + | M11: + | N11: + | O11: + | P11: + | Q11: + | R11: + | S11: + | T11: + | U11: + | V11: + | W11: + | X11: + | Y11: + | Z11: + | AA11: + | AB11: + | AC11: + | AD11: + | AE11: + | AF11: + | AG11: + | AH11: +
A12: Voice +/− | B12: − | C12: − | D12: − | E12: − | F12: − | G12: − | H12: − | I12: − | J12: − | K12: − | L12: − | M12: − | N12: − | O12: − | P12: − | Q12: − | R12: − | S12: − | T12: − | U12: − | V12: − | W12: − | X12: − | Y12: − | Z12: − | AA12: − | AB12: − | AC12: − | AD12: − | AE12: − | AF12: − | AG12: − | AH12: −
A13: Sibilant +/− | B13: − | C13: − | D13: − | E13: − | F13: − | G13: − | H13: − | I13: − | J13: − | K13: − | L13: − | M13: − | N13: −/+ | O13: − | P13: + | Q13: + | R13: + | S13: + (−) | T13: − | U13: − | V13: − | W13: −/+ | X13: − | Y13: − | Z13: − | AA13: − | AB13: − | AC13: − | AD13: − | AE13: − | AF13: − | AG13: − | AH13: −
A14: Lateral +/− | B14: − | C14: − | D14: − | E14: − | F14: − | G14: − | H14: − | I14: − | J14: − | K14: − | L14: − | M14: − | N14: − | O14: − | P14: − | Q14: − | R14: − | S14: − | T14: − | U14: − | V14: − | W14: − | X14: − | Y14: − | Z14: − | AA14: − | AB14: − | AC14: − | AD14: − | AE14: − | AF14: − | AG14: − | AH14: −
A15: Place of articulation | B15: K | C15: K | D15: K | E15: K | F15: K | G15: K | H15: K | I15: K | J15: K | K15: K | L15: K | M15: K | N15: K (Ɉ) | O15: K | P15: Ɉ | Q15: Ɉ | R15: Ɉ | S15: Ɉ~D | T15: K | U15: K | V15: K~Ɉ | W15: Ɉ | X15: K | Y15: K | Z15: K | AA15: K | AB15: K | AC15: K | AD15: K | AE15: K | AF15: K | AG15: K | AH15: K
A16: Place value | B16: -3 | C16: -3 | D16: -3 | E16: -3 | F16: -3 | G16: -3 | H16: -3 | I16: -3 | J16: -3 | K16: -3 | L16: -3 | M16: -3 | N16: =AVERAGE(3,3,1) -> 2.3333333 | O16: -3 | P16: -0.5 | Q16: -0.5 | R16: -0.5 | S16: =AVERAGE(-0.5,2) -> 0.75 | T16: -3 | U16: -3 | V16: -2.5 | W16: =AVERAGE(-2,-0.5) -> -1.25 | X16: -3 | Y16: -3 | Z16: -3 | AA16: -3 | AB16: -3 | AC16: -3 | AD16: -3 | AE16: -3 | AF16: -3 | AG16: -3 | AH16: -3
A17: Manner of articulation | B17: P | C17: P | D17: P | E17: P | F17: P | G17: P | H17: P | I17: P | J17: P | K17: P | L17: P | M17: P | N17: P (P͡F) | O17: P | P17: F | Q17: F | R17: P͡F | S17: P͡F~F | T17: P | U17: P | V17: P | W17: P~P͡F | X17: P | Y17: P | Z17: P | AA17: P | AB17: P | AC17: P | AD17: P | AE17: P | AF17: P | AG17: P | AH17: P
A18: Sonority value | B18: 4 | C18: 4 | D18: 4 | E18: 4 | F18: 4 | G18: 4 | H18: 4 | I18: 4 | J18: 4 | K18: 4 | L18: 4 | M18: 4 | N18: =AVERAGE(4,4,3) -> 3.6666667 | O18: 4 | P18: 2 | Q18: 2 | R18: 3 | S18: =AVERAGE(3,2) -> 2.5 | T18: 4 | U18: 4 | V18: 4 | W18: =AVERAGE(4,3) -> 3.5 | X18: 4 | Y18: 4 | Z18: 4 | AA18: 4 | AB18: 4 | AC18: 4 | AD18: 4 | AE18: 4 | AF18: 4 | AG18: 4 | AH18: 4
A20: Overview of common sound changes
A21: 008a: k / ? / #_a | B21: typically /k/
B22: palatalized to /(t)ʃ/ in Gallo-Romance
A23: 008b: k / ɡ / #_a | B23: typically /ɡ/
B24: palatalized to /(d)ʒ/ in Gallo-Romance

Sheet 009 C-
A1: A - Consonantism | D1: 1. Initial Position | I1: 1.1 Simple consonants
A3: Number | B3: 9 | F3: Latin Reference Words
A4: Treatment | B4: C- | F4: 009a) CŎCERE, CŎLLU, CŎLŌRE, CŬM, CŬNĪCŬLU; 009b) CŬBĬTU
A5: Environment | B5: #_{o,ŭ}
A7: Languages | B7: LAT | C7: EU POR | D7: BR POR | E7: GAL | F7: ASL | G7: CAS ESP | H7: AND ESP | I7: AMR ESP | J7: ARG | K7: CAT | L7: VAL | M7: BAL | N7: OCC | O7: GAS OCC | P7: EU FRA | Q7: QBC FRA | R7: WAL | S7: ARP | T7: LIG | U7: LMO | V7: RMH | W7: FUR | X7: LOG SRD | Y7: CPN SRD | Z7: COR | AA7: ITA | AB7: ABR | AC7: CAM | AD7: PGL | AE7: SCN | AF7: VEN | AG7: ARO | AH7: ROM | AJ7: ITA
A8: Grapheme | B8: C | C8: c | D8: c | E8: c | F8: c | G8: c | H8: c | I8: c | J8: c | K8: c | L8: c | M8: c | N8: c | O8: c | P8: c | Q8: c | R8: c | S8: c | T8: c | U8: c | X8: c | Y8: c | Z8: c | AA8: c | AB8: c | AC8: c | AD8: c | AE8: c | AF8: c | AG8: c | AH8: c | AJ8: g
A9: IPA | B9: k | C9: k | D9: k | E9: k | F9: k | G9: k | H9: k | I9: k | J9: k | K9: k | L9: k | M9: k | N9: k | O9: k | P9: k | Q9: k | R9: k | S9: k | T9: k | U9: k | X9: k | Y9: k | Z9: k | AA9: k | AB9: k | AC9: k | AD9: k | AE9: k | AF9: k | AG9: k | AH9: k | AJ9: ɡ
A10: IPA key | B10: 19 | C10: 19 | D10: 19 | E10: 19 | F10: 19 | G10: 19 | H10: 19 | I10: 19 | J10: 19 | K10: 19 | L10: 19 | M10: 19 | N10: 19 | O10: 19 | P10: 19 | Q10: 19 | R10: 19 | S10: 19 | T10: 19 | U10: 19 | X10: 19 | Y10: 19 | Z10: 19 | AA10: 19 | AB10: 19 | AC10: 19 | AD10: 19 | AE10: 19 | AF10: 19 | AG10: 19 | AH10: 19 | AJ10: 20
A11: Consonantal +/− | B11: + | C11: + | D11: + | E11: + | F11: + | G11: + | H11: + | I11: + | J11: + | K11: + | L11: + | M11: + | N11: + | O11: + | P11: + | Q11: + | R11: + | S11: + | T11: + | U11: + | X11: + | Y11: + | Z11: + | AA11: + | AB11: + | AC11: + | AD11: + | AE11: + | AF11: + | AG11: + | AH11: + | AJ11: +
A12: Voice +/− | B12: − | C12: − | D12: − | E12: − | F12: − | G12: − | H12: − | I12: − | J12: − | K12: − | L12: − | M12: − | N12: − | O12: − | P12: − | Q12: − | R12: − | S12: − | T12: − | U12: − | X12: − | Y12: − | Z12: − | AA12: − | AB12: − | AC12: − | AD12: − | AE12: − | AF12: − | AG12: − | AH12: − | AJ12: +
A13: Sibilant +/− | B13: − | C13: − | D13: − | E13: − | F13: − | G13: − | H13: − | I13: − | J13: − | K13: − | L13: − | M13: − | N13: − | O13: − | P13: − | Q13: − | R13: − | S13: − | T13: − | U13: − | X13: − | Y13: − | Z13: − | AA13: − | AB13: − | AC13: − | AD13: − | AE13: − | AF13: − | AG13: − | AH13: − | AJ13: −
A14: Lateral +/− | B14: − | C14: − | D14: − | E14: − | F14: − | G14: − | H14: − | I14: − | J14: − | K14: − | L14: − | M14: − | N14: − | O14: − | P14: − | Q14: − | R14: − | S14: − | T14: − | U14: − | X14: − | Y14: − | Z14: − | AA14: − | AB14: − | AC14: − | AD14: − | AE14: − | AF14: − | AG14: − | AH14: − | AJ14: −
A15: Place of articulation | B15: K | C15: K | D15: K | E15: K | F15: K | G15: K | H15: K | I15: K | J15: K | K15: K | L15: K | M15: K | N15: K | O15: K | P15: K | Q15: K | R15: K | S15: K | T15: K | U15: K | X15: K | Y15: K | Z15: K | AA15: K | AB15: K | AC15: K | AD15: K | AE15: K | AF15: K | AG15: K | AH15: K | AJ15: K
A16: Place value | B16: -3 | C16: -3 | D16: -3 | E16: -3 | F16: -3 | G16: -3 | H16: -3 | I16: -3 | J16: -3 | K16: -3 | L16: -3 | M16: -3 | N16: -3 | O16: -3 | P16: -3 | Q16: -3 | R16: -3 | S16: -3 | T16: -3 | U16: -3 | X16: -3 | Y16: -3 | Z16: -3 | AA16: -3 | AB16: -3 | AC16: -3 | AD16: -3 | AE16: -3 | AF16: -3 | AG16: -3 | AH16: -3 | AJ16: -3
A17: Manner of articulation | B17: P | C17: P | D17: P | E17: P | F17: P | G17: P | H17: P | I17: P | J17: P | K17: P | L17: P | M17: P | N17: P | O17: P | P17: P | Q17: P | R17: P | S17: P | T17: P | U17: P | X17: P | Y17: P | Z17: P | AA17: P | AB17: P | AC17: P | AD17: P | AE17: P | AF17: P | AG17: P | AH17: P | AJ17: P
A18: Sonority value | B18: 4 | C18: 4 | D18: 4 | E18: 4 | F18: 4 | G18: 4 | H18: 4 | I18: 4 | J18: 4 | K18: 4 | L18: 4 | M18: 4 | N18: 4 | O18: 4 | P18: 4 | Q18: 4 | R18: 4 | S18: 4 | T18: 4 | U18: 4 | X18: 4 | Y18: 4 | Z18: 4 | AA18: 4 | AB18: 4 | AC18: 4 | AD18: 4 | AE18: 4 | AF18: 4 | AG18: 4 | AH18: 4 | AJ18: 4
AA19: 009a | AJ19: 009b
A20: Overview of common sound changes
A21: 009a: k // #_{o,ŭ} | B21: typically /k/
A22: 009b: k / ɡ / #_{o,ŭ} | B22: typically /ɡ/

Sheet 010 C-
A1: A - Consonantism | D1: 1. Initial Position | I1: 1.1 Simple consonants
A3: Number | B3: 10 | F3: Latin Reference Words
A4: Treatment | B4: C- | F4: CŪLU, CŪRA, CŪNA
A5: Environment | B5: #_ū
A7: Languages | B7: LAT | C7: EU POR | D7: BR POR | E7: GAL | F7: ASL | G7: CAS ESP | H7: AND ESP | I7: AMR ESP | J7: ARG | K7: CAT | L7: VAL | M7: BAL | N7: OCC | O7: GAS OCC | P7: EU FRA | Q7: QBC FRA | R7: WAL | S7: ARP | T7: LIG | U7: LMO | V7: RMH | W7: FUR | X7: LOG SRD | Y7: CPN SRD | Z7: COR | AA7: ITA | AB7: ABR | AC7: CAM | AD7: PGL | AE7: SCN | AF7: VEN | AG7: ARO | AH7: ROM
A8: Grapheme | B8: C | C8: c | D8: c | E8: c | F8: c | G8: c | H8: c | I8: c | J8: c | K8: c | L8: c | M8: c | N8: c | O8: c | P8: c | Q8: c | R8: c | S8: c | T8: c | U8: c | X8: c | Y8: c | Z8: c | AA8: c | AB8: c | AC8: c | AD8: c | AE8: c | AF8: c | AG8: c | AH8: c
A9: IPA | B9: k | C9: k | D9: k | E9: k | F9: k | G9: k | H9: k | I9: k | J9: k | K9: k | L9: k | M9: k | N9: k | O9: k | P9: k | Q9: k | R9: k | S9: k | T9: k | U9: k | X9: k | Y9: k | Z9: k | AA9: k | AB9: k | AC9: k | AD9: k | AE9: k | AF9: k | AG9: k | AH9: k
A10: IPA key | B10: 19 | C10: 19 | D10: 19 | E10: 19 | F10: 19 | G10: 19 | H10: 19 | I10: 19 | J10: 19 | K10: 19 | L10: 19 | M10: 19 | N10: 19 | O10: 19 | P10: 19 | Q10: 19 | R10: 19 | S10: 19 | T10: 19 | U10: 19 | X10: 19 | Y10: 19 | Z10: 19 | AA10: 19 | AB10: 19 | AC10: 19 | AD10: 19 | AE10: 19 | AF10: 19 | AG10: 19 | AH10: 19
A11: Consonantal +/− | B11: + | C11: + | D11: + | E11: + | F11: + | G11: + | H11: + | I11: + | J11: + | K11: + | L11: + | M11: + | N11: + | O11: + | P11: + | Q11: + | R11: + | S11: + | T11: + | U11: + | X11: + | Y11: + | Z11: + | AA11: + | AB11: + | AC11: + | AD11: + | AE11: + | AF11: + | AG11: + | AH11: +
A12: Voice +/− | B12: − | C12: − | D12: − | E12: − | F12: − | G12: − | H12: − | I12: − | J12: − | K12: − | L12: − | M12: − | N12: − | O12: − | P12: − | Q12: − | R12: − | S12: − | T12: − | U12: − | X12: − | Y12: − | Z12: − | AA12: − | AB12: − | AC12: − | AD12: − | AE12: − | AF12: − | AG12: − | AH12: −
A13: Sibilant +/− | B13: − | C13: − | D13: − | E13: − | F13: − | G13: − | H13: − | I13: − | J13: − | K13: − | L13: − | M13: − | N13: − | O13: − | P13: − | Q13: − | R13: − | S13: − | T13: − | U13: − | X13: − | Y13: − | Z13: − | AA13: − | AB13: − | AC13: − | AD13: − | AE13: − | AF13: − | AG13: − | AH13: −
A14: Lateral +/− | B14: − | C14: − | D14: − | E14: − | F14: − | G14: − | H14: − | I14: − | J14: − | K14: − | L14: − | M14: − | N14: − | O14: − | P14: − | Q14: − | R14: − | S14: − | T14: − | U14: − | X14: − | Y14: − | Z14: − | AA14: − | AB14: − | AC14: − | AD14: − | AE14: − | AF14: − | AG14: − | AH14: −
A15: Place of articulation | B15: K | C15: K | D15: K | E15: K | F15: K | G15: K | H15: K | I15: K | J15: K | K15: K | L15: K | M15: K | N15: K | O15: K | P15: K | Q15: K | R15: K | S15: K | T15: K | U15: K | X15: K | Y15: K | Z15: K | AA15: K | AB15: K | AC15: K | AD15: K | AE15: K | AF15: K | AG15: K | AH15: K
A16: Place value | B16: -3 | C16: -3 | D16: -3 | E16: -3 | F16: -3 | G16: -3 | H16: -3 | I16: -3 | J16: -3 | K16: -3 | L16: -3 | M16: -3 | N16: -3 | O16: -3 | P16: -3 | Q16: -3 | R16: -3 | S16: -3 | T16: -3 | U16: -3 | X16: -3 | Y16: -3 | Z16: -3 | AA16: -3 | AB16: -3 | AC16: -3 | AD16: -3 | AE16: -3 | AF16: -3 | AG16: -3 | AH16: -3
A17: Manner of articulation | B17: P | C17: P | D17: P | E17: P | F17: P | G17: P | H17: P | I17: P | J17: P | K17: P | L17: P | M17: P | N17: P | O17: P | P17: P | Q17: P | R17: P | S17: P | T17: P | U17: P | X17: P | Y17: P | Z17: P | AA17: P | AB17: P | AC17: P | AD17: P | AE17: P | AF17: P | AG17: P | AH17: P
A18: Sonority value | B18: 4 | C18: 4 | D18: 4 | E18: 4 | F18: 4 | G18: 4 | H18: 4 | I18: 4 | J18: 4 | K18: 4 | L18: 4 | M18: 4 | N18: 4 | O18: 4 | P18: 4 | Q18: 4 | R18: 4 | S18: 4 | T18: 4 | U18: 4 | X18: 4 | Y18: 4 | Z18: 4 | AA18: 4 | AB18: 4 | AC18: 4 | AD18: 4 | AE18: 4 | AF18: 4 | AG18: 4 | AH18: 4
A20: Overview of common sound changes
A21: k // #_ū | B21: typically /k/

Sheet 011 G-
A1: A - Consonantism | D1: 1. Initial Position | I1: 1.1 Simple consonants
A3: Number | B3: 11 | F3: Latin Reference Words
A4: Treatment | B4: G- | F4: GĔNĔRU, GĔLU, GY̆PSU
A5: Environment | B5: ˈ#_E
A7: Languages | B7: LAT | C7: EU POR | D7: BR POR | E7: GAL | F7: ASL | G7: CAS ESP | H7: AND ESP | I7: AMR ESP | J7: ARG | K7: CAT | L7: VAL | M7: BAL | N7: OCC | O7: GAS OCC | P7: EU FRA | Q7: QBC FRA | R7: WAL | S7: ARP | T7: LIG | U7: LMO | V7: RMH | W7: FUR | X7: LOG SRD | Y7: CPN SRD | Z7: COR | AA7: ITA | AB7: ABR | AC7: CAM | AD7: PGL | AE7: SCN | AF7: VEN | AG7: ARO | AH7: ROM
A8: Grapheme | B8: G | C8: g | D8: g | E8: x | F8: x | G8: y | H8: y | I8: y | J8: ch | K8: g | L8: g | M8: g | N8: g | O8: g | P8: g | Q8: g | R8: dj | S8: g | T8: z | U8: sg | V8: sch | W8: z | X8: g | Y8: g | Z8: ghj | AA8: g | AC8: j | AE8: j | AF8: z/dh | AG8: dz | AH8: g
A9: IPA | B9: ɡ | C9: ʒ | D9: ʒ | E9: ʃ | F9: ʃ | G9: ɟ͡ʝ | H9: ɟ͡ʝ | I9: ɟ͡ʝ | J9: t̠͡ʃ | K9: ʒ | L9: d̠͡ʒ | M9: ʒ | N9: d̠͡ʒ | O9: ʒ | P9: ʒ | Q9: ʒ | R9: d̠͡ʒ | S9: d͡z~ð | T9: z (d͡z) | U9: d̠͡ʒ~z | V9: d̠͡ʒ~ʃ | X9: ɡ | Y9: d̠͡ʒ | Z9: ɟ | AA9: d̠͡ʒ | AC9: j | AE9: j | AF9: z̠~ð | AG9: d͡z̪ | AH9: d̠͡ʒ
A10: IPA key | B10: 20 | C10: 57 | D10: 57 | E10: 56 | F10: 56 | G10: 39 | H10: 39 | I10: 39 | J10: 34 | K10: 57 | L10: 35 | M10: 57 | N10: 35 | O10: 57 | P10: 57 | Q10: 57 | R10: 35 | S10: 107 | T10: 111 | U10: 108 | X10: 20 | Y10: 35 | Z10: 18 | AA10: 35 | AC10: 98 | AE10: 98 | AF10: 109 | AG10: 27 | AH10: 35
A11: Consonantal +/− | B11: + | C11: + | D11: + | E11: + | F11: + | G11: + | H11: + | I11: + | J11: + | K11: + | L11: + | M11: + | N11: + | O11: + | P11: + | Q11: + | R11: + | S11: + | T11: + | U11: + | X11: + | Y11: + | Z11: + | AA11: + | AC11: + | AE11: + | AF11: + | AG11: + | AH11: +
A12: Voice +/− | B12: + | C12: + | D12: + | E12: − | F12: − | G12: + | H12: + | I12: + | J12: − | K12: + | L12: + | M12: + | N12: + | O12: + | P12: + | Q12: + | R12: + | S12: + | T12: + | U12: + | X12: + | Y12: + | Z12: + | AA12: + | AC12: + | AE12: + | AF12: − | AG12: + | AH12: +
A13: Sibilant +/− | B13: − | C13: + | D13: + | E13: + | F13: + | G13: − | H13: − | I13: − | J13: + | K13: + | L13: + | M13: + | N13: + | O13: + | P13: + | Q13: + | R13: + | S13: +/− | T13: + | U13: + | X13: − | Y13: + | Z13: − | AA13: + | AC13: − | AE13: − | AF13: +/− | AG13: + | AH13: +
A14: Lateral +/− | B14: − | C14: − | D14: − | E14: − | F14: − | G14: − | H14: − | I14: − | J14: − | K14: − | L14: − | M14: − | N14: − | O14: − | P14: − | Q14: − | R14: − | S14: − | T14: − | U14: − | X14: − | Y14: − | Z14: − | AA14: − | AC14: − | AE14: − | AF14: − | AG14: − | AH14: −
A15: Place of articulation | B15: K | C15: Ɉ | D15: Ɉ | E15: Ɉ | F15: Ɉ | G15: Ɉ | H15: Ɉ | I15: Ɉ | J15: Ɉ | K15: Ɉ | L15: Ɉ | M15: Ɉ | N15: Ɉ | O15: Ɉ | P15: Ɉ | Q15: Ɉ | R15: Ɉ | S15: D | T15: D | U15: Ɉ~D | X15: K | Y15: Ɉ | Z15: Ɉ | AA15: Ɉ | AC15: Ɉ | AE15: Ɉ | AF15: D | AG15: D | AH15: Ɉ
A16: Place value | B16: -3 | C16: -0.5 | D16: -0.5 | E16: -0.5 | F16: -0.5 | G16: -2 | H16: -2 | I16: -2 | J16: -0.5 | K16: -0.5 | L16: -0.5 | M16: -0.5 | N16: -0.5 | O16: -0.5 | P16: -0.5 | Q16: -0.5 | R16: -0.5 | S16: =AVERAGE(1,2) -> 1.5 | T16: 1 | U16: =AVERAGE(-0.5,1) -> 0.25 | X16: -3 | Y16: -0.5 | Z16: -2 | AA16: -0.5 | AC16: -2 | AE16: -2 | AF16: =AVERAGE(0.5,2) -> 1.25 | AG16: =4/3 -> 1.3333333 | AH16: -0.5
A17: Manner of articulation | B17: P | C17: F | D17: F | E17: F | F17: F | G17: P͡F | H17: P͡F | I17: P͡F | J17: P͡F | K17: F | L17: P͡F | M17: F | N17: P͡F | O17: F | P17: F | Q17: F | R17: P͡F | S17: P͡F~F | T17: F (P͡F) | U17: P͡F~F | X17: P | Y17: P͡F | Z17: P | AA17: P͡F | AC17: W | AE17: W | AF17: F | AG17: P͡F | AH17: P͡F
A18: Sonority value | B18: 4 | C18: 2 | D18: 2 | E18: 2 | F18: 2 | G18: 3 | H18: 3 | I18: 3 | J18: 3 | K18: 2 | L18: 3 | M18: 2 | N18: 3 | O18: 2 | P18: 2 | Q18: 2 | R18: 3 | S18: =AVERAGE(3,2) -> 2.5 | T18: =AVERAGE(2,2,3) -> 2.3333333 | U18: =AVERAGE(3,2) -> 2.5 | X18: 4 | Y18: 3 | Z18: 4 | AA18: 3 | AC18: =1/3 -> 0.33333333 | AE18: =1/3 -> 0.33333333 | AF18: 2 | AG18: 3 | AH18: 3
A20: Overview of common sound changes
A21: ɡ / ? / ˈ#_E | B21: typically palatalized to /(d̠͡)ʒ/
B22: /ɟ͡ʝ/ in ESP

Sheet 012 G-
A1: A - Consonantism | D1: 1. Initial Position | I1: 1.1 Simple consonants
A3: Number | B3: 12 | F3: Latin Reference Words
A4: Treatment | B4: G- | F4: GĔLĀRE, GENŬCŬLU, GENĔSTA, GĬNGĪVA
A5: Environment | B5: #_E.ˈ
A7: Languages | B7: LAT | C7: EU POR | D7: BR POR | E7: GAL | F7: ASL | G7: CAS ESP | H7: AND ESP | I7: AMR ESP | J7: ARG | K7: CAT | L7: VAL | M7: BAL | N7: OCC | O7: GAS OCC | P7: EU FRA | Q7: QBC FRA | R7: WAL | S7: ARP | T7: LIG | U7: LMO | V7: RMH | W7: FUR | X7: LOG SRD | Y7: CPN SRD | Z7: COR | AA7: ITA | AB7: ABR | AC7: CAM | AD7: PGL | AE7: SCN | AF7: VEN | AG7: ARO | AH7: ROM
A8: Grapheme | B8: G | C8: g | D8: g | E8: x | F8: x | G8: h/∅ | H8: h/∅ | I8: h/∅ | J8: ch | K8: g | L8: g | M8: g | N8: g | O8: g | P8: g | Q8: g | R8: dj | S8: g | T8: z | U8: sg | V8: sch | W8: z | X8: g | Y8: g | Z8: ghj | AA8: g | AC8: j | AE8: j | AF8: z/dh | AG8: dz | AH8: g
A9: IPA | B9: ɡ | C9: ʒ | D9: ʒ | E9: ʃ | F9: ʃ | G9: ∅ | H9: ∅ | I9: ∅ | J9: t̠͡ʃ | K9: ʒ | L9: d̠͡ʒ | M9: ʒ | N9: d̠͡ʒ | O9: ʒ | P9: ʒ | Q9: ʒ | R9: d̠͡ʒ | S9: d͡z~ð | T9: z (d͡z) | U9: d̠͡ʒ~z | X9: ɡ | Y9: d̠͡ʒ | Z9: ɟ | AA9: d̠͡ʒ | AC9: j | AE9: j | AF9: z̠~ð | AG9: d͡z̪ | AH9: d̠͡ʒ
A10: IPA key | B10: 20 | C10: 57 | D10: 57 | E10: 56 | F10: 56 | G10: ∅ | H10: ∅ | I10: ∅ | J10: 34 | K10: 57 | L10: 35 | M10: 57 | N10: 35 | O10: 57 | P10: 57 | Q10: 57 | R10: 35 | S10: 107 | T10: 111 | U10: 108 | X10: 20 | Y10: 35 | Z10: 18 | AA10: 35 | AC10: 98 | AE10: 98 | AF10: 109 | AG10: 27 | AH10: 35
A11: Consonantal +/− | B11: + | C11: + | D11: + | E11: + | F11: + | G11: − | H11: − | I11: − | J11: + | K11: + | L11: + | M11: + | N11: + | O11: + | P11: + | Q11: + | R11: + | S11: + | T11: + | U11: + | X11: + | Y11: + | Z11: + | AA11: + | AC11: + | AE11: + | AF11: + | AG11: + | AH11: +
A12: Voice +/− | B12: + | C12: + | D12: + | E12: − | F12: − | G12: − | H12: − | I12: − | J12: − | K12: + | L12: + | M12: + | N12: + | O12: + | P12: + | Q12: + | R12: + | S12: + | T12: + | U12: + | X12: + | Y12: + | Z12: + | AA12: + | AC12: + | AE12: + | AF12: − | AG12: + | AH12: +
A13: Sibilant +/− | B13: − | C13: + | D13: + | E13: + | F13: + | G13: − | H13: − | I13: − | J13: + | K13: + | L13: + | M13: + | N13: + | O13: + | P13: + | Q13: + | R13: + | S13: +/− | T13: + | U13: + | X13: − | Y13: + | Z13: − | AA13: + | AC13: − | AE13: − | AF13: +/− | AG13: + | AH13: +
A14: Lateral +/− | B14: − | C14: − | D14: − | E14: − | F14: − | G14: − | H14: − | I14: − | J14: − | K14: − | L14: − | M14: − | N14: − | O14: − | P14: − | Q14: − | R14: − | S14: − | T14: − | U14: − | X14: − | Y14: − | Z14: − | AA14: − | AC14: − | AE14: − | AF14: − | AG14: − | AH14: −
A15: Place of articulation | B15: K | C15: Ɉ | D15: Ɉ | E15: Ɉ | F15: Ɉ | G15: Ɉ | H15: Ɉ | I15: Ɉ | J15: Ɉ | K15: Ɉ | L15: Ɉ | M15: Ɉ | N15: Ɉ | O15: Ɉ | P15: Ɉ | Q15: Ɉ | R15: Ɉ | S15: D | T15: D | U15: Ɉ~D | X15: K | Y15: Ɉ | Z15: Ɉ | AA15: Ɉ | AC15: Ɉ | AE15: Ɉ | AF15: D | AG15: D | AH15: Ɉ
A16: Place value | B16: -3 | C16: -0.5 | D16: -0.5 | E16: -0.5 | F16: -0.5 | G16: -0.5 | H16: -0.5 | I16: -0.5 | J16: -0.5 | K16: -0.5 | L16: -0.5 | M16: -0.5 | N16: -0.5 | O16: -0.5 | P16: -0.5 | Q16: -0.5 | R16: -0.5 | S16: =AVERAGE(1,2) -> 1.5 | T16: 1 | U16: =AVERAGE(-0.5,1) -> 0.25 | X16: -3 | Y16: -0.5 | Z16: -2 | AA16: -0.5 | AC16: -2 | AE16: -2 | AF16: =AVERAGE(0.5,2) -> 1.25 | AG16: =4/3 -> 1.3333333 | AH16: -0.5
A17: Manner of articulation | B17: P | C17: F | D17: F | E17: F | F17: F | G17: ∅ | H17: ∅ | I17: ∅ | J17: P͡F | K17: F | L17: P͡F | M17: F | N17: P͡F | O17: F | P17: F | Q17: F | R17: P͡F | S17: P͡F~F | T17: F (P͡F) | U17: P͡F~F | X17: P | Y17: P͡F | Z17: P | AA17: P͡F | AC17: W | AE17: W | AF17: F | AG17: P͡F | AH17: P͡F
A18: Sonority value | B18: 4 | C18: 2 | D18: 2 | E18: 2 | F18: 2 | G18: 0 | H18: 0 | I18: 0 | J18: 3 | K18: 2 | L18: 3 | M18: 2 | N18: 3 | O18: 2 | P18: 2 | Q18: 2 | R18: 3 | S18: =AVERAGE(3,2) -> 2.5 | T18: =AVERAGE(2,2,3) -> 2.3333333 | U18: =AVERAGE(3,2) -> 2.5 | X18: 4 | Y18: 3 | Z18: 4 | AA18: 3 | AC18: =1/3 -> 0.33333333 | AE18: =1/3 -> 0.33333333 | AF18: 2 | AG18: 3 | AH18: 3
A20: Overview of common sound changes
A21: g / ? / #_E.ˈ | B21: typically palatalized to /(d̠͡)ʒ/
B22: ∅ in ESP

Sheet 013 G-
A1: A - Consonantism | D1: 1. Initial Position | I1: 1.1 Simple consonants
A3: Number | B3: 13 | F3: Latin Reference Words
A4: Treatment | B4: G- | F4: GĂLLU, GĂLLĪNA, GĂLBĬNU, GĂUDĬU, GĂLLA
A5: Environment | B5: #_a
A7: Languages | B7: LAT | C7: EU POR | D7: BR POR | E7: GAL | F7: ASL | G7: CAS ESP | H7: AND ESP | I7: AMR ESP | J7: ARG | K7: CAT | L7: VAL | M7: BAL | N7: OCC | O7: GAS OCC | P7: EU FRA | Q7: QBC FRA | R7: WAL | S7: ARP | T7: LIG | U7: LMO | V7: RMH | W7: FUR | X7: LOG SRD | Y7: CPN SRD | Z7: COR | AA7: ITA | AB7: ABR | AC7: CAM | AD7: PGL | AE7: SCN | AF7: VEN | AG7: ARO | AH7: ROM
A8: Grapheme | B8: G | C8: g | D8: g | E8: g (gh) | F8: g | G8: g | H8: g | I8: g | J8: g | K8: g | L8: g | M8: g | N8: g (j) | O8: g | P8: j/g | Q8: j/g | R8: dj | S8: j | T8: g | U8: g | V8: gi | W8: gj | X8: g | Y8: g | Z8: g | AA8: g | AC8: g | AE8: g/j | AF8: g | AG8: g | AH8: g
A9: IPA | B9: ɡ | C9: ɡ | D9: ɡ | E9: ɡ (ħ) | F9: ɡ | G9: ɡ | H9: ɡ | I9: ɡ | J9: ɡ | K9: ɡ | L9: ɡ | M9: ɡ | N9: ɡ (d͡z) | O9: ɡ | P9: ʒ | Q9: ʒ | R9: d̠͡ʒ | S9: d͡z~ð | T9: ɡ | U9: ɡ | V9: ɟ~d̠͡ʒ | W9: ɟ~d̠͡ʒ | X9: ɡ | Y9: ɡ | Z9: ɡ | AA9: ɡ | AC9: ɡ | AE9: ɡ~j | AF9: ɡ | AG9: ɡ | AH9: ɡ
A10: IPA key | B10: 20 | C10: 20 | D10: 20 | E10: 176 | F10: 20 | G10: 20 | H10: 20 | I10: 20 | J10: 20 | K10: 20 | L10: 20 | M10: 20 | N10: 110 | O10: 20 | P10: 57 | Q10: 57 | R10: 35 | S10: 107 | T10: 20 | U10: 20 | V10: 153 | W10: 153 | X10: 20 | Y10: 20 | Z10: 20 | AA10: 20 | AC10: 20 | AE10: 112 | AF10: 20 | AG10: 20 | AH10: 20
A11: Consonantal +/− | B11: + | C11: + | D11: + | E11: + | F11: + | G11: + | H11: + | I11: + | J11: + | K11: + | L11: + | M11: + | N11: + | O11: + | P11: + | Q11: + | R11: + | S11: + | T11: + | U11: + | V11: + | W11: + | X11: + | Y11: + | Z11: + | AA11: + | AC11: + | AE11: + | AF11: + | AG11: + | AH11: +
A12: Voice +/− | B12: + | C12: + | D12: + | E12: + (−) | F12: + | G12: + | H12: + | I12: + | J12: + | K12: + | L12: + | M12: + | N12: + | O12: + | P12: + | Q12: + | R12: + | S12: + | T12: + | U12: + | V12: + | W12: + | X12: + | Y12: + | Z12: + | AA12: + | AC12: + | AE12: + | AF12: + | AG12: + | AH12: +
A13: Sibilant +/− | B13: − | C13: − | D13: − | E13: − | F13: − | G13: − | H13: − | I13: − | J13: − | K13: − | L13: − | M13: − | N13: −/+ | O13: − | P13: + | Q13: + | R13: + | S13: +/− | T13: − | U13: − | V13: −/+ | W13: −/+ | X13: − | Y13: − | Z13: − | AA13: − | AC13: − | AE13: − | AF13: − | AG13: − | AH13: −
A14: Lateral +/− | B14: − | C14: − | D14: − | E14: − | F14: − | G14: − | H14: − | I14: − | J14: − | K14: − | L14: − | M14: − | N14: − | O14: − | P14: − | Q14: − | R14: − | S14: − | T14: − | U14: − | V14: − | W14: − | X14: − | Y14: − | Z14: − | AA14: − | AC14: − | AE14: − | AF14: − | AG14: − | AH14: −
A15: Place of articulation | B15: K | C15: K | D15: K | E15: K (H) | F15: K | G15: K | H15: K | I15: K | J15: K | K15: K | L15: K | M15: K | N15: K (Ɉ) | O15: K | P15: Ɉ | Q15: Ɉ | R15: Ɉ | S15: D | T15: K | U15: K | V15: Ɉ | W15: Ɉ | X15: K | Y15: K | Z15: K | AA15: K | AC15: K | AE15: K~Ɉ | AF15: K | AG15: K | AH15: K
A16: Place value | B16: -3 | C16: -3 | D16: -3 | E16: =AVERAGE(-3,-3,-5) -> -3.6666667 | F16: -3 | G16: -3 | H16: -3 | I16: -3 | J16: -3 | K16: -3 | L16: -3 | M16: -3 | N16: =AVERAGE(3,3,1) -> 2.3333333 | O16: -3 | P16: -0.5 | Q16: -0.5 | R16: -0.5 | S16: =AVERAGE(1,2) -> 1.5 | T16: -3 | U16: -3 | V16: =AVERAGE(-2,-0.5) -> -1.25 | W16: =AVERAGE(-2,-0.5) -> -1.25 | X16: -3 | Y16: -3 | Z16: -3 | AA16: -3 | AC16: -3 | AE16: =AVERAGE(-3,-2) -> -2.5 | AF16: -3 | AG16: -3 | AH16: -3
A17: Manner of articulation | B17: P | C17: P | D17: P | E17: P (F) | F17: P | G17: P | H17: P | I17: P | J17: P | K17: P | L17: P | M17: P | N17: P (P͡F) | O17: P | P17: F | Q17: F | R17: P͡F | S17: P͡F~F | T17: P | U17: P | V17: P~P͡F | W17: P~P͡F | X17: P | Y17: P | Z17: P | AA17: P | AC17: P | AE17: P~W | AF17: P | AG17: P | AH17: P
A18: Sonority value | B18: 4 | C18: 4 | D18: 4 | E18: =AVERAGE(4,4,2) -> 3.3333333 | F18: 4 | G18: 4 | H18: 4 | I18: 4 | J18: 4 | K18: 4 | L18: 4 | M18: 4 | N18: =AVERAGE(4,4,3) -> 3.6666667 | O18: 4 | P18: 2 | Q18: 2 | R18: 3 | S18: =AVERAGE(3,2) -> 2.5 | T18: 4 | U18: 4 | V18: =AVERAGE(4,3) -> 3.5 | W18: =AVERAGE(4,3) -> 3.5 | X18: 4 | Y18: 4 | Z18: 4 | AA18: 4 | AC18: 4 | AE18: =AVERAGE(4,1/3) -> 2.1666667 | AF18: 4 | AG18: 4 | AH18: 4
A20: Overview of common sound changes
A21: ɡ / ? / #_a | B21: typically /ɡ/
B22: palatalized to /(d̠͡)ʒ/ in Gallo-Romance

Sheet 014 G-
A1: A - Consonantism | D1: 1. Initial Position | I1: 1.1 Simple consonants
A3: Number | B3: 14 | F3: Latin Reference Words
A4: Treatment | B4: G- | F4: GŬBĔRNĀRE, GŬLA, GŬRGU, GŬSTĀRE, GŬTTA
A5: Environment | B5: #_O
A7: Languages | B7: LAT | C7: EU POR | D7: BR POR | E7: GAL | F7: ASL | G7: CAS ESP | H7: AND ESP | I7: AMR ESP | J7: ARG | K7: CAT | L7: VAL | M7: BAL | N7: OCC | O7: GAS OCC | P7: EU FRA | Q7: QBC FRA | R7: WAL | S7: ARP | T7: LIG | U7: LMO | V7: RMH | W7: FUR | X7: LOG SRD | Y7: CPN SRD | Z7: COR | AA7: ITA | AB7: ABR | AC7: CAM | AD7: PGL | AE7: SCN | AF7: VEN | AG7: ARO | AH7: ROM
A8: Grapheme | B8: G | C8: g | D8: g | E8: g (gh) | F8: g | G8: g | H8: g | I8: g | J8: g | K8: g | L8: g | M8: g | N8: g | O8: g | P8: g | Q8: g | R8: g | S8: g | T8: g | U8: g | V8: g | W8: g | X8: g | Y8: g | Z8: g | AA8: g | AC8: g | AE8: g/j | AF8: g | AG8: g | AH8: g
A9: IPA | B9: ɡ | C9: ɡ | D9: ɡ | E9: ɡ (ħ) | F9: ɡ | G9: ɡ | H9: ɡ | I9: ɡ | J9: ɡ | K9: ɡ | L9: ɡ | M9: ɡ | N9: ɡ | O9: ɡ | P9: ɡ | Q9: ɡ | R9: ɡ | S9: ɡ | T9: ɡ | U9: ɡ | V9: ɡ | W9: ɡ | X9: ɡ | Y9: ɡ | Z9: ɡ | AA9: ɡ | AC9: ɡ | AE9: ɡ~j | AF9: ɡ | AG9: ɡ | AH9: ɡ
A10: IPA key | B10: 20 | C10: 20 | D10: 20 | E10: 176 | F10: 20 | G10: 20 | H10: 20 | I10: 20 | J10: 20 | K10: 20 | L10: 20 | M10: 20 | N10: 20 | O10: 20 | P10: 20 | Q10: 20 | R10: 20 | S10: 20 | T10: 20 | U10: 20 | V10: 20 | W10: 20 | X10: 20 | Y10: 20 | Z10: 20 | AA10: 20 | AC10: 20 | AE10: 112 | AF10: 20 | AG10: 20 | AH10: 20
A11: Consonantal +/− | B11: + | C11: + | D11: + | E11: + | F11: + | G11: + | H11: + | I11: + | J11: + | K11: + | L11: + | M11: + | N11: + | O11: + | P11: + | Q11: + | R11: + | S11: + | T11: + | U11: + | V11: + | W11: + | X11: + | Y11: + | Z11: + | AA11: + | AC11: + | AE11: + | AF11: + | AG11: + | AH11: +
A12: Voice +/− | B12: + | C12: + | D12: + | E12: + (−) | F12: + | G12: + | H12: + | I12: + | J12: + | K12: + | L12: + | M12: + | N12: + | O12: + | P12: + | Q12: + | R12: + | S12: + | T12: + | U12: + | V12: + | W12: + | X12: + | Y12: + | Z12: + | AA12: + | AC12: + | AE12: + | AF12: + | AG12: + | AH12: +
A13: Sibilant +/− | B13: − | C13: − | D13: − | E13: − | F13: − | G13: − | H13: − | I13: − | J13: − | K13: − | L13: − | M13: − | N13: − | O13: − | P13: − | Q13: − | R13: − | S13: − | T13: − | U13: − | V13: − | W13: − | X13: − | Y13: − | Z13: − | AA13: − | AC13: − | AE13: − | AF13: − | AG13: − | AH13: −
A14: Lateral +/− | B14: − | C14: − | D14: − | E14: − | F14: − | G14: − | H14: − | I14: − | J14: − | K14: − | L14: − | M14: − | N14: − | O14: − | P14: − | Q14: − | R14: − | S14: − | T14: − | U14: − | V14: − | W14: − | X14: − | Y14: − | Z14: − | AA14: − | AC14: − | AE14: − | AF14: − | AG14: − | AH14: −
A15: Place of articulation | B15: K | C15: K | D15: K | E15: K (H) | F15: K | G15: K | H15: K | I15: K | J15: K | K15: K | L15: K | M15: K | N15: K | O15: K | P15: K | Q15: K | R15: K | S15: K | T15: K | U15: K | V15: K | W15: K | X15: K | Y15: K | Z15: K | AA15: K | AC15: K | AE15: K~Ɉ | AF15: K | AG15: K | AH15: K
A16: Place value | B16: -3 | C16: -3 | D16: -3 | E16: =AVERAGE(-3,-3,-5) -> -3.6666667 | F16: -3 | G16: -3 | H16: -3 | I16: -3 | J16: -3 | K16: -3 | L16: -3 | M16: -3 | N16: -3 | O16: -3 | P16: -3 | Q16: -3 | R16: -3 | S16: -3 | T16: -3 | U16: -3 | V16: -3 | W16: -3 | X16: -3 | Y16: -3 | Z16: -3 | AA16: -3 | AC16: -3 | AE16: =AVERAGE(-3,-2) -> -2.5 | AF16: -3 | AG16: -3 | AH16: -3
A17: Manner of articulation | B17: P | C17: P | D17: P | E17: P (F) | F17: P | G17: P | H17: P | I17: P | J17: P | K17: P | L17: P | M17: P | N17: P | O17: P | P17: P | Q17: P | R17: P | S17: P | T17: P | U17: P | V17: P | W17: P | X17: P | Y17: P | Z17: P | AA17: P | AC17: P | AE17: P~W | AF17: P | AG17: P | AH17: P
A18: Sonority value | B18: 4 | C18: 4 | D18: 4 | E18: =AVERAGE(4,4,2) -> 3.3333333 | F18: 4 | G18: 4 | H18: 4 | I18: 4 | J18: 4 | K18: 4 | L18: 4 | M18: 4 | N18: 4 | O18: 4 | P18: 4 | Q18: 4 | R18: 4 | S18: 4 | T18: 4 | U18: 4 | V18: 4 | W18: 4 | X18: 4 | Y18: 4 | Z18: 4 | AA18: 4 | AC18: 4 | AE18: =AVERAGE(4,1/3) -> 2.1666667 | AF18: 4 | AG18: 4 | AH18: 4
A20: Overview of common sound changes
A21: ɡ // #_O | B21: typically /ɡ/

Sheet 015 N-
A1: A - Consonantism | D1: 1. Initial Position | I1: 1.1 Simple consonants
A3: Number | B3: 15 | F3: Latin Reference Words
A4: Treatment | B4: N- | F4: NĬVE/NĔVE, NEPŌTE
A5: Environment | B5: #_E
A7: Languages | B7: LAT | C7: EU POR | D7: BR POR | E7: GAL | F7: ASL | G7: CAS ESP | H7: AND ESP | I7: AMR ESP | J7: ARG | K7: CAT | L7: VAL | M7: BAL | N7: OCC | O7: GAS OCC | P7: EU FRA | Q7: QBC FRA | R7: WAL | S7: ARP | T7: LIG | U7: LMO | V7: RMH | W7: FUR | X7: LOG SRD | Y7: CPN SRD | Z7: COR | AA7: ITA | AB7: ABR | AC7: CAM | AD7: PGL | AE7: SCN | AF7: VEN | AG7: ARO | AH7: ROM
A8: Grapheme | B8: N | C8: n | D8: n | E8: n | F8: n/ñ | G8: n | H8: n | I8: n | J8: n | K8: n | L8: n | M8: n | N8: n | O8: n | P8: n | Q8: n | R8: n | S8: n | T8: n | U8: n | W8: n | X8: n | Y8: n | AA8: n | AC8: n | AE8: n | AF8: n | AG8: n | AH8: n
A9: IPA | B9: n | C9: n | D9: n | E9: n | F9: n~ɲ | G9: n | H9: n | I9: n | J9: n | K9: n | L9: n | M9: n | N9: n | O9: n | P9: n | Q9: n | R9: n | S9: n | T9: n | U9: n | W9: n | X9: n | Y9: n | AA9: n | AC9: n | AE9: n | AF9: n | AG9: n | AH9: n
A10: IPA key | B10: 73 | C10: 73 | D10: 73 | E10: 73 | F10: 113 | G10: 73 | H10: 73 | I10: 73 | J10: 73 | K10: 73 | L10: 73 | M10: 73 | N10: 73 | O10: 73 | P10: 73 | Q10: 73 | R10: 73 | S10: 73 | T10: 73 | U10: 73 | W10: 73 | X10: 73 | Y10: 73 | AA10: 73 | AC10: 73 | AE10: 73 | AF10: 73 | AG10: 73 | AH10: 73
A11: Consonantal +/− | B11: + | C11: + | D11: + | E11: + | F11: + | G11: + | H11: + | I11: + | J11: + | K11: + | L11: + | M11: + | N11: + | O11: + | P11: + | Q11: + | R11: + | S11: + | T11: + | U11: + | W11: + | X11: + | Y11: + | AA11: + | AC11: + | AE11: + | AF11: + | AG11: + | AH11: +
A12: Voice +/− | B12: + | C12: + | D12: + | E12: + | F12: + | G12: + | H12: + | I12: + | J12: + | K12: + | L12: + | M12: + | N12: + | O12: + | P12: + | Q12: + | R12: + | S12: + | T12: + | U12: + | W12: + | X12: + | Y12: + | AA12: + | AC12: + | AE12: + | AF12: + | AG12: + | AH12: +
A13: Sibilant +/− | B13: − | C13: − | D13: − | E13: − | F13: − | G13: − | H13: − | I13: − | J13: − | K13: − | L13: − | M13: − | N13: − | O13: − | P13: − | Q13: − | R13: − | S13: − | T13: − | U13: − | W13: − | X13: − | Y13: − | AA13: − | AC13: − | AE13: − | AF13: − | AG13: − | AH13: −
A14: Lateral +/− | B14: − | C14: − | D14: − | E14: − | F14: − | G14: − | H14: − | I14: − | J14: − | K14: − | L14: − | M14: − | N14: − | O14: − | P14: − | Q14: − | R14: − | S14: − | T14: − | U14: − | W14: − | X14: − | Y14: − | AA14: − | AC14: − | AE14: − | AF14: − | AG14: − | AH14: −
A15: Place of articulation | B15: D | C15: D | D15: D | E15: D | F15: D~Ɉ | G15: D | H15: D | I15: D | J15: D | K15: D | L15: D | M15: D | N15: D | O15: D | P15: D | Q15: D | R15: D | S15: D | T15: D | U15: D | W15: D | X15: D | Y15: D | AA15: D | AC15: D | AE15: D | AF15: D | AG15: D | AH15: D
A16: Place value | B16: 1 | C16: 1 | D16: 1 | E16: 1 | F16: =AVERAGE(1,-2) -> -0.5 | G16: 1 | H16: 1 | I16: 1 | J16: 1 | K16: 1 | L16: 1 | M16: 1 | N16: 1 | O16: 1 | P16: 1 | Q16: 1 | R16: 1 | S16: 1 | T16: 1 | U16: 1 | W16: 1 | X16: 1 | Y16: 1 | AA16: 1 | AC16: 1 | AE16: 1 | AF16: 1 | AG16: 1 | AH16: 1
A17: Manner of articulation | B17: N | C17: N | D17: N | E17: N | F17: N | G17: N | H17: N | I17: N | J17: N | K17: N | L17: N | M17: N | N17: N | O17: N | P17: N | Q17: N | R17: N | S17: N | T17: N | U17: N | W17: N | X17: N | Y17: N | AA17: N | AC17: N | AE17: N | AF17: N | AG17: N | AH17: N
A18: Sonority value | B18: 1.5 | C18: 1.5 | D18: 1.5 | E18: 1.5 | F18: 1.5 | G18: 1.5 | H18: 1.5 | I18: 1.5 | J18: 1.5 | K18: 1.5 | L18: 1.5 | M18: 1.5 | N18: 1.5 | O18: 1.5 | P18: 1.5 | Q18: 1.5 | R18: 1.5 | S18: 1.5 | T18: 1.5 | U18: 1.5 | W18: 1.5 | X18: 1.5 | Y18: 1.5 | AA18: 1.5 | AC18: 1.5 | AE18: 1.5 | AF18: 1.5 | AG18: 1.5 | AH18: 1.5
A20: Overview of common sound changes
A21: n // #_E | B21: typically /n/

Sheet 016 N-
A1: A - Consonantism | D1: 1. Initial Position | I1: 1.1 Simple consonants
A3: Number | B3: 16 | F3: Latin Reference Words
A4: Treatment | B4: N- | F4: NŬRA/NŎRA, NŌMEN/NŌMĬNE, NĀSU, NATĀRE
A5: Environment | B5: #_{a,O}
A7: Languages | B7: LAT | C7: EU POR | D7: BR POR | E7: GAL | F7: ASL | G7: CAS ESP | H7: AND ESP | I7: AMR ESP | J7: ARG | K7: CAT | L7: VAL | M7: BAL | N7: OCC | O7: GAS OCC | P7: EU FRA | Q7: QBC FRA | R7: WAL | S7: ARP | T7: LIG | U7: LMO | V7: RMH | W7: FUR | X7: LOG SRD | Y7: CPN SRD | Z7: COR | AA7: ITA | AB7: ABR | AC7: CAM | AD7: PGL | AE7: SCN | AF7: VEN | AG7: ARO | AH7: ROM
A8: Grapheme | B8: N | C8: n | D8: n | E8: n | F8: n/ñ | G8: n | H8: n | I8: n | J8: n | K8: n | L8: n | M8: n | N8: n | O8: n | P8: n | Q8: n | R8: n | S8: n | T8: n | U8: n | W8: n | X8: n | Y8: n | AA8: n | AC8: n | AE8: n | AF8: n | AG8: n | AH8: n
A9: IPA | B9: n | C9: n | D9: n | E9: n | F9: n~ɲ | G9: n | H9: n | I9: n | J9: n | K9: n | L9: n | M9: n | N9: n | O9: n | P9: n | Q9: n | R9: n | S9: n | T9: n | U9: n | W9: n | X9: n | Y9: n | AA9: n | AC9: n | AE9: n | AF9: n | AG9: n | AH9: n
A10: IPA key | B10: 73 | C10: 73 | D10: 73 | E10: 73 | F10: 113 | G10: 73 | H10: 73 | I10: 73 | J10: 73 | K10: 73 | L10: 73 | M10: 73 | N10: 73 | O10: 73 | P10: 73 | Q10: 73 | R10: 73 | S10: 73 | T10: 73 | U10: 73 | W10: 73 | X10: 73 | Y10: 73 | AA10: 73 | AC10: 73 | AE10: 73 | AF10: 73 | AG10: 73 | AH10: 73
A11: Consonantal +/− | B11: + | C11: + | D11: + | E11: + | F11: + | G11: + | H11: + | I11: + | J11: + | K11: + | L11: + | M11: + | N11: + | O11: + | P11: + | Q11: + | R11: + | S11: + | T11: + | U11: + | W11: + | X11: + | Y11: + | AA11: + | AC11: + | AE11: + | AF11: + | AG11: + | AH11: +
A12: Voice +/− | B12: + | C12: + | D12: + | E12: + | F12: + | G12: + | H12: + | I12: + | J12: + | K12: + | L12: + | M12: + | N12: + | O12: + | P12: + | Q12: + | R12: + | S12: + | T12: + | U12: + | W12: + | X12: + | Y12: + | AA12: + | AC12: + | AE12: + | AF12: + | AG12: + | AH12: +
A13: Sibilant +/− | B13: − | C13: − | D13: − | E13: − | F13: − | G13: − | H13: − | I13: − | J13: − | K13: − | L13: − | M13: − | N13: − | O13: − | P13: − | Q13: − | R13: − | S13: − | T13: − | U13: − | W13: − | X13: − | Y13: − | AA13: − | AC13: − | AE13: − | AF13: − | AG13: − | AH13: −
A14: Lateral +/− | B14: − | C14: − | D14: − | E14: − | F14: − | G14: − | H14: − | I14: − | J14: − | K14: − | L14: − | M14: − | N14: − | O14: − | P14: − | Q14: − | R14: − | S14: − | T14: − | U14: − | W14: − | X14: − | Y14: − | AA14: − | AC14: − | AE14: − | AF14: − | AG14: − | AH14: −
A15: Place of articulation | B15: D | C15: D | D15: D | E15: D | F15: D~Ɉ | G15: D | H15: D | I15: D | J15: D | K15: D | L15: D | M15: D | N15: D | O15: D | P15: D | Q15: D | R15: D | S15: D | T15: D | U15: D | W15: D | X15: D | Y15: D | AA15: D | AC15: D | AE15: D | AF15: D | AG15: D | AH15: D
A16: Place value | B16: 1 | C16: 1 | D16: 1 | E16: 1 | F16: =AVERAGE(1,-2) -> -0.5 | G16: 1 | H16: 1 | I16: 1 | J16: 1 | K16: 1 | L16: 1 | M16: 1 | N16: 1 | O16: 1 | P16: 1 | Q16: 1 | R16: 1 | S16: 1 | T16: 1 | U16: 1 | W16: 1 | X16: 1 | Y16: 1 | AA16: 1 | AC16: 1 | AE16: 1 | AF16: 1 | AG16: 1 | AH16: 1
A17: Manner of articulation | B17: N | C17: N | D17: N | E17: N | F17: N | G17: N | H17: N | I17: N | J17: N | K17: N | L17: N | M17: N | N17: N | O17: N | P17: N | Q17: N | R17: N | S17: N | T17: N | U17: N | W17: N | X17: N | Y17: N | AA17: N | AC17: N | AE17: N | AF17: N | AG17: N | AH17: N
A18: Sonority value | B18: 1.5 | C18: 1.5 | D18: 1.5 | E18: 1.5 | F18: 1.5 | G18: 1.5 | H18: 1.5 | I18: 1.5 | J18: 1.5 | K18: 1.5 | L18: 1.5 | M18: 1.5 | N18: 1.5 | O18: 1.5 | P18: 1.5 | Q18: 1.5 | R18: 1.5 | S18: 1.5 | T18: 1.5 | U18: 1.5 | W18: 1.5 | X18: 1.5 | Y18: 1.5 | AA18: 1.5 | AC18: 1.5 | AE18: 1.5 | AF18: 1.5 | AG18: 1.5 | AH18: 1.5
A20: Overview of common sound changes
A21: n // #_{a,O} | B21: typically /n/

Sheet 016.5 M-
A1: A - Consonantism | D1: 1. Initial Position | I1: 1.1 Simple consonants
A3: Number | B3: 16.5 | F3: Latin Reference Words
A4: Treatment | B4: M- | F4: MĂNU, MĒ, MĬLLE, MŎLLE, MŬLTU
A5: Environment | B5: #_
A7: Languages | B7: LAT | C7: EU POR | D7: BR POR | E7: GAL | F7: ASL | G7: CAS ESP | H7: AND ESP | I7: AMR ESP | J7: ARG | K7: CAT | L7: VAL | M7: BAL | N7: OCC | O7: GAS OCC | P7: EU FRA | Q7: QBC FRA | R7: WAL | S7: ARP | T7: LIG | U7: LMO | V7: RMH | W7: FUR | X7: LOG SRD | Y7: CPN SRD | Z7: COR | AA7: ITA | AB7: ABR | AC7: CAM | AD7: PGL | AE7: SCN | AF7: VEN | AG7: ARO | AH7: ROM
A8: Grapheme | B8: M | C8: m | D8: m | E8: m | F8: m | G8: m | H8: m | I8: m | J8: m | K8: m | L8: m | M8: m | N8: m | O8: m | P8: m | Q8: m | R8: m | S8: m | T8: m | U8: m | W8: m | X8: m | Y8: m | AA8: m | AC8: m | AE8: m | AF8: m | AG8: m | AH8: m
A9: IPA | B9: m | C9: m | D9: m | E9: m | F9: m | G9: m | H9: m | I9: m | J9: m | K9: m | L9: m | M9: m | N9: m | O9: m | P9: m | Q9: m | R9: m | S9: m | T9: m | U9: m | W9: m | X9: m | Y9: m | AA9: m | AC9: m | AE9: m | AF9: m | AG9: m | AH9: m
A10: IPA key | B10: 70 | C10: 70 | D10: 70 | E10: 70 | F10: 70 | G10: 70 | H10: 70 | I10: 70 | J10: 70 | K10: 70 | L10: 70 | M10: 70 | N10: 70 | O10: 70 | P10: 70 | Q10: 70 | R10: 70 | S10: 70 | T10: 70 | U10: 70 | W10: 70 | X10: 70 | Y10: 70 | AA10: 70 | AC10: 70 | AE10: 70 | AF10: 70 | AG10: 70 | AH10: 70
A11: Consonantal +/− | B11: + | C11: + | D11: + | E11: + | F11: + | G11: + | H11: + | I11: + | J11: + | K11: + | L11: + | M11: + | N11: + | O11: + | P11: + | Q11: + | R11: + | S11: + | T11: + | U11: + | W11: + | X11: + | Y11: + | AA11: + | AC11: + | AE11: + | AF11: + | AG11: + | AH11: +
A12: Voice +/− | B12: + | C12: + | D12: + | E12: + | F12: + | G12: + | H12: + | I12: + | J12: + | K12: + | L12: + | M12: + | N12: + | O12: + | P12: + | Q12: + | R12: + | S12: + | T12: + | U12: + | W12: + | X12: + | Y12: + | AA12: + | AC12: + | AE12: + | AF12: + | AG12: + | AH12: +
A13: Sibilant +/− | B13: − | C13: − | D13: − | E13: − | F13: − | G13: − | H13: − | I13: − | J13: − | K13: − | L13: − | M13: − | N13: − | O13: − | P13: − | Q13: − | R13: − | S13: − | T13: − | U13: − | W13: − | X13: − | Y13: − | AA13: − | AC13: − | AE13: − | AF13: − | AG13: − | AH13: −
A14: Lateral +/− | B14: − | C14: − | D14: − | E14: − | F14: − | G14: − | H14: − | I14: − | J14: − | K14: − | L14: − | M14: − | N14: − | O14: − | P14: − | Q14: − | R14: − | S14: − | T14: − | U14: − | W14: − | X14: − | Y14: − | AA14: − | AC14: − | AE14: − | AF14: − | AG14: − | AH14: −
A15: Place of articulation | B15: B | C15: B | D15: B | E15: B | F15: B | G15: B | H15: B | I15: B | J15: B | K15: B | L15: B | M15: B | N15: B | O15: B | P15: B | Q15: B | R15: B | S15: B | T15: B | U15: B | W15: B | X15: B | Y15: B | AA15: B | AC15: B | AE15: B | AF15: B | AG15: B | AH15: B
A16: Place value | B16: 3 | C16: 3 | D16: 3 | E16: 3 | F16: 3 | G16: 3 | H16: 3 | I16: 3 | J16: 3 | K16: 3 | L16: 3 | M16: 3 | N16: 3 | O16: 3 | P16: 3 | Q16: 3 | R16: 3 | S16: 3 | T16: 3 | U16: 3 | W16: 3 | X16: 3 | Y16: 3 | AA16: 3 | AC16: 3 | AE16: 3 | AF16: 3 | AG16: 3 | AH16: 3
A17: Manner of articulation | B17: N | C17: N | D17: N | E17: N | F17: N | G17: N | H17: N | I17: N | J17: N | K17: N | L17: N | M17: N | N17: N | O17: N | P17: N | Q17: N | R17: N | S17: N | T17: N | U17: N | W17: N | X17: N | Y17: N | AA17: N | AC17: N | AE17: N | AF17: N | AG17: N | AH17: N
A18: Sonority value | B18: 1.5 | C18: 1.5 | D18: 1.5 | E18: 1.5 | F18: 1.5 | G18: 1.5 | H18: 1.5 | I18: 1.5 | J18: 1.5 | K18: 1.5 | L18: 1.5 | M18: 1.5 | N18: 1.5 | O18: 1.5 | P18: 1.5 | Q18: 1.5 | R18: 1.5 | S18: 1.5 | T18: 1.5 | U18: 1.5 | W18: 1.5 | X18: 1.5 | Y18: 1.5 | AA18: 1.5 | AC18: 1.5 | AE18: 1.5 | AF18: 1.5 | AG18: 1.5 | AH18: 1.5
A20: Overview of common sound changes
A21: m // #_ | B21: typically /m/

Sheet 017 F-
A1: A - Consonantism | D1: 1. Initial Position | I1: 1.1 Simple consonants
A3: Number | B3: 17 | F3: Latin Reference Words
A4: Treatment | B4: F- | F4: FŎCU, FĔRA, FĔBRE, FŎNTE, FŎRĪS; FŎSSA
A5: Environment | B5: ˈ#_{ĕ,ŏ}
A7: Languages | B7: LAT | C7: EU POR | D7: BR POR | E7: GAL | F7: ASL | G7: CAS ESP | H7: AND ESP | I7: AMR ESP | J7: ARG | K7: CAT | L7: VAL | M7: BAL | N7: OCC | O7: GAS OCC | P7: EU FRA | Q7: QBC FRA | R7: WAL | S7: ARP | T7: LIG | U7: LMO | V7: RMH | W7: FUR | X7: LOG SRD | Y7: CPN SRD | Z7: COR | AA7: ITA | AB7: ABR | AC7: CAM | AD7: PGL | AE7: SCN | AF7: VEN | AG7: ARO | AH7: ROM
A8: Grapheme | B8: F | C8: f | D8: f | E8: f | F8: f (ḥ) | G8: f | H8: f | I8: f | J8: f | K8: f | L8: f | M8: f | N8: f | O8: f | P8: f | Q8: f | R8: f | S8: f | T8: f | U8: f | W8: f | X8: f | Y8: f | AA8: f | AC8: f | AE8: f | AF8: f | AG8: f | AH8: f
A9: IPA | B9: ɸ~f | C9: f | D9: f | E9: f | F9: f (h) | G9: ɸ~f | H9: ɸ~f | I9: ɸ~f | J9: f | K9: f | L9: f | M9: f | N9: f | O9: f | P9: f | Q9: f | R9: f | S9: f | T9: f | U9: f | W9: f | X9: f | Y9: f | AA9: f | AC9: f | AE9: f | AF9: f | AG9: f | AH9: f
A10: IPA key | B10: 114 | C10: 42 | D10: 42 | E10: 42 | F10: 115 | G10: 114 | H10: 114 | I10: 114 | J10: 42 | K10: 42 | L10: 42 | M10: 42 | N10: 42 | O10: 42 | P10: 42 | Q10: 42 | R10: 42 | S10: 42 | T10: 42 | U10: 42 | W10: 42 | X10: 42 | Y10: 42 | AA10: 42 | AC10: 42 | AE10: 42 | AF10: 42 | AG10: 42 | AH10: 42
A11: Consonantal +/− | B11: + | C11: + | D11: + | E11: + | F11: + | G11: + | H11: + | I11: + | J11: + | K11: + | L11: + | M11: + | N11: + | O11: + | P11: + | Q11: + | R11: + | S11: + | T11: + | U11: + | W11: + | X11: + | Y11: + | AA11: + | AC11: + | AE11: + | AF11: + | AG11: + | AH11: +
A12: Voice +/− | B12: − | C12: − | D12: − | E12: − | F12: − | G12: − | H12: − | I12: − | J12: − | K12: − | L12: − | M12: − | N12: − | O12: − | P12: − | Q12: − | R12: − | S12: − | T12: − | U12: − | W12: − | X12: − | Y12: − | AA12: − | AC12: − | AE12: − | AF12: − | AG12: − | AH12: −
A13: Sibilant +/− | B13: − | C13: − | D13: − | E13: − | F13: − | G13: − | H13: − | I13: − | J13: − | K13: − | L13: − | M13: − | N13: − | O13: − | P13: − | Q13: − | R13: − | S13: − | T13: − | U13: − | W13: − | X13: − | Y13: − | AA13: − | AC13: − | AE13: − | AF13: − | AG13: − | AH13: −
A14: Lateral +/− | B14: − | C14: − | D14: − | E14: − | F14: − | G14: − | H14: − | I14: − | J14: − | K14: − | L14: − | M14: − | N14: − | O14: − | P14: − | Q14: − | R14: − | S14: − | T14: − | U14: − | W14: − | X14: − | Y14: − | AA14: − | AC14: − | AE14: − | AF14: − | AG14: − | AH14: −
A15: Place of articulation | B15: B | C15: B | D15: B | E15: B | F15: B (H) | G15: B | H15: B | I15: B | J15: B | K15: B | L15: B | M15: B | N15: B | O15: B | P15: B | Q15: B | R15: B | S15: B | T15: B | U15: B | W15: B | X15: B | Y15: B | AA15: B | AC15: B | AE15: B | AF15: B | AG15: B | AH15: B
A16: Place value | B16: 2.75 | C16: 2.5 | D16: 2.5 | E16: 2.5 | F16: =AVERAGE(2.75,2.75,-6) -> -0.16666667 | G16: 2.75 | H16: 2.75 | I16: 2.75 | J16: 2.5 | K16: 2.5 | L16: 2.5 | M16: 2.5 | N16: 2.5 | O16: 2.5 | P16: 2.5 | Q16: 2.5 | R16: 2.5 | S16: 2.5 | T16: 2.5 | U16: 2.5 | W16: 2.5 | X16: 2.5 | Y16: 2.5 | AA16: 2.5 | AC16: 2.5 | AE16: 2.5 | AF16: 2.5 | AG16: 2.5 | AH16: 2.5
A17: Manner of articulation | B17: F | C17: F | D17: F | E17: F | F17: F | G17: F | H17: F | I17: F | J17: F | K17: F | L17: F | M17: F | N17: F | O17: F | P17: F | Q17: F | R17: F | S17: F | T17: F | U17: F | W17: F | X17: F | Y17: F | AA17: F | AC17: F | AE17: F | AF17: F | AG17: F | AH17: F
A18: Sonority value | B18: 2 | C18: 2 | D18: 2 | E18: 2 | F18: 2 | G18: 2 | H18: 2 | I18: 2 | J18: 2 | K18: 2 | L18: 2 | M18: 2 | N18: 2 | O18: 2 | P18: 2 | Q18: 2 | R18: 2 | S18: 2 | T18: 2 | U18: 2 | W18: 2 | X18: 2 | Y18: 2 | AA18: 2 | AC18: 2 | AE18: 2 | AF18: 2 | AG18: 2 | AH18: 2
A20: Overview of common sound changes
A21: f / ? / ˈ#_{ĕ,ŏ} | B21: typically /f/
A22: 17b: FŎSSA > Spanish huesa, against expected /f/ (cf. also fosa)

Sheet 018 F-
A1: A - Consonantism | D1: 1. Initial Position | I1: 1.1 Simple consonants
A3: Number | B3: 18 | F3: Latin Reference Words
A4: Treatment | B4: F- | F4: FĂRĪNA, FÆNU/FĒNU, FĒMINA, FŬRNU, FŬRCA, FŪMU, FĂBA
A5: Environment | B5: #_{a,ē,i,ō,u}
A7: Languages | B7: LAT | C7: EU POR | D7: BR POR | E7: GAL | F7: ASL | G7: CAS ESP | H7: AND ESP | I7: AMR ESP | J7: ARG | K7: CAT | L7: VAL | M7: BAL | N7: OCC | O7: GAS OCC | P7: EU FRA | Q7: QBC FRA | R7: WAL | S7: ARP | T7: LIG | U7: LMO | V7: RMH | W7: FUR | X7: LOG SRD | Y7: CPN SRD | Z7: COR | AA7: ITA | AB7: ABR | AC7: CAM | AD7: PGL | AE7: SCN | AF7: VEN | AG7: ARO | AH7: ROM
A8: Grapheme | B8: F | C8: f | D8: f | E8: f | F8: f (ḥ) | G8: h | H8: h | I8: h | J8: f | K8: f | L8: f | M8: f | N8: f | O8: f | P8: f | Q8: f | R8: f | S8: f | T8: f | U8: f | W8: f | X8: f | Y8: f | AA8: f | AC8: f | AE8: f | AF8: f | AG8: f | AH8: f
A9: IPA | B9: ɸ~f | C9: f | D9: f | E9: f | F9: f (h) | G9: ∅ | H9: h~∅ | I9: ∅ | J9: f | K9: f | L9: f | M9: f | N9: f | O9: f | P9: f | Q9: f | R9: f | S9: f | T9: f | U9: f | W9: f | X9: f | Y9: f | AA9: f | AC9: f | AE9: f | AF9: f | AG9: f | AH9: f
A10: IPA key | B10: 114 | C10: 42 | D10: 42 | E10: 42 | F10: 115 | G10: ∅ | H10: 116 | I10: ∅ | J10: 42 | K10: 42 | L10: 42 | M10: 42 | N10: 42 | O10: 42 | P10: 42 | Q10: 42 | R10: 42 | S10: 42 | T10: 42 | U10: 42 | W10: 42 | X10: 42 | Y10: 42 | AA10: 42 | AC10: 42 | AE10: 42 | AF10: 42 | AG10: 42 | AH10: 42
A11: Consonantal +/− | B11: + | C11: + | D11: + | E11: + | F11: + | G11: − | H11: − | I11: − | J11: + | K11: + | L11: + | M11: + | N11: + | O11: + | P11: + | Q11: + | R11: + | S11: + | T11: + | U11: + | W11: + | X11: + | Y11: + | AA11: + | AC11: + | AE11: + | AF11: + | AG11: + | AH11: +
A12: Voice +/− | B12: − | C12: − | D12: − | E12: − | F12: − | G12: − | H12: − | I12: − | J12: − | K12: − | L12: − | M12: − | N12: − | O12: − | P12: − | Q12: − | R12: − | S12: − | T12: − | U12: − | W12: − | X12: − | Y12: − | AA12: − | AC12: − | AE12: − | AF12: − | AG12: − | AH12: −
A13: Sibilant +/− | B13: − | C13: − | D13: − | E13: − | F13: − | G13: − | H13: − | I13: − | J13: − | K13: − | L13: − | M13: − | N13: − | O13: − | P13: − | Q13: − | R13: − | S13: − | T13: − | U13: − | W13: − | X13: − | Y13: − | AA13: − | AC13: − | AE13: − | AF13: − | AG13: − | AH13: −
A14: Lateral +/− | B14: − | C14: − | D14: − | E14: − | F14: − | G14: − | H14: − | I14: − | J14: − | K14: − | L14: − | M14: − | N14: − | O14: − | P14: − | Q14: − | R14: − | S14: − | T14: − | U14: − | W14: − | X14: − | Y14: − | AA14: − | AC14: − | AE14: − | AF14: − | AG14: − | AH14: −
A15: Place of articulation | B15: B | C15: B | D15: B | E15: B | F15: B (H) | G15: H | H15: H | I15: H | J15: B | K15: B | L15: B | M15: B | N15: B | O15: B | P15: B | Q15: B | R15: B | S15: B | T15: B | U15: B | W15: B | X15: B | Y15: B | AA15: B | AC15: B | AE15: B | AF15: B | AG15: B | AH15: B
A16: Place value | B16: 2.75 | C16: 2.5 | D16: 2.5 | E16: 2.5 | F16: =AVERAGE(2.75,2.75,-6) -> -0.16666667 | G16: -6 | H16: -6 | I16: -6 | J16: 2.5 | K16: 2.5 | L16: 2.5 | M16: 2.5 | N16: 2.5 | O16: 2.5 | P16: 2.5 | Q16: 2.5 | R16: 2.5 | S16: 2.5 | T16: 2.5 | U16: 2.5 | W16: 2.5 | X16: 2.5 | Y16: 2.5 | AA16: 2.5 | AC16: 2.5 | AE16: 2.5 | AF16: 2.5 | AG16: 2.5 | AH16: 2.5
A17: Manner of articulation | B17: F | C17: F | D17: F | E17: F | F17: F | G17: ∅ | H17: F~∅ | I17: ∅ | J17: F | K17: F | L17: F | M17: F | N17: F | O17: F | P17: F | Q17: F | R17: F | S17: F | T17: F | U17: F | W17: F | X17: F | Y17: F | AA17: F | AC17: F | AE17: F | AF17: F | AG17: F | AH17: F
A18: Sonority value | B18: 2 | C18: 2 | D18: 2 | E18: 2 | F18: 2 | G18: 0 | H18: 1 | I18: 0 | J18: 2 | K18: 2 | L18: 2 | M18: 2 | N18: 2 | O18: 2 | P18: 2 | Q18: 2 | R18: 2 | S18: 2 | T18: 2 | U18: 2 | W18: 2 | X18: 2 | Y18: 2 | AA18: 2 | AC18: 2 | AE18: 2 | AF18: 2 | AG18: 2 | AH18: 2
A20: Overview of common sound changes
A21: f / ? / #_{a,ē,i,ō,u} | B21: typically /f/
B22: ∅ in ESP

Sheet 019 V-
A1: A - Consonantism | D1: 1. Initial Position | I1: 1.1 Simple consonants
A3: Number | B3: 19 | F3: Latin Reference Words
A4: Treatment | B4: V- | F4: VĪNEA, VĬTĔLLU, VĪCĪNU/*VECĪNU, *VĬRDE, VĔSPA, *VESSĪCA
A5: Environment | B5: #_E
A7: Languages | B7: LAT | C7: EU POR | D7: BR POR | E7: GAL | F7: ASL | G7: CAS ESP | H7: AND ESP | I7: AMR ESP | J7: ARG | K7: CAT | L7: VAL | M7: BAL | N7: OCC | O7: GAS OCC | P7: EU FRA | Q7: QBC FRA | R7: WAL | S7: ARP | T7: LIG | U7: LMO | V7: RMH | W7: FUR | X7: LOG SRD | Y7: CPN SRD | Z7: COR | AA7: ITA | AB7: ABR | AC7: CAM | AD7: PGL | AE7: SCN | AF7: VEN | AG7: ARO | AH7: ROM
A8: Grapheme | B8: V | C8: v | D8: v | E8: v | F8: v | G8: v | H8: v | I8: v | K8: v | L8: v | M8: v | N8: v | O8: v | P8: v | Q8: v | S8: v | U8: v | X8: b | Y8: b | AA8: v | AC8: v | AE8: v | AF8: v | AG8: v | AH8: v
A9: IPA | B9: w | C9: v | D9: v | E9: b | F9: b | G9: b | H9: b | I9: b | K9: b | L9: v | M9: v | N9: b~v | O9: b | P9: v | Q9: v | S9: v | U9: v | X9: b | Y9: b | AA9: v | AC9: v | AE9: v | AF9: v | AG9: v | AH9: v
A10: IPA key | B10: 97 | C10: 43 | D10: 43 | E10: 2 | F10: 2 | G10: 2 | H10: 2 | I10: 2 | K10: 2 | L10: 43 | M10: 43 | N10: 117 | O10: 2 | P10: 43 | Q10: 43 | S10: 43 | U10: 43 | X10: 2 | Y10: 2 | AA10: 43 | AC10: 43 | AE10: 43 | AF10: 43 | AG10: 43 | AH10: 43
A11: Consonantal +/− | B11: + | C11: + | D11: + | E11: + | F11: + | G11: + | H11: + | I11: + | K11: + | L11: + | M11: + | N11: + | O11: + | P11: + | Q11: + | S11: + | U11: + | X11: + | Y11: + | AA11: + | AC11: + | AE11: + | AF11: + | AG11: + | AH11: +
A12: Voice +/− | B12: + | C12: + | D12: + | E12: + | F12: + | G12: + | H12: + | I12: + | K12: + | L12: + | M12: + | N12: + | O12: + | P12: + | Q12: + | S12: + | U12: + | X12: + | Y12: + | AA12: + | AC12: + | AE12: + | AF12: + | AG12: + | AH12: +
A13: Sibilant +/− | B13: − | C13: − | D13: − | E13: − | F13: − | G13: − | H13: − | I13: − | K13: − | L13: − | M13: − | N13: − | O13: − | P13: − | Q13: − | S13: − | U13: − | X13: − | Y13: − | AA13: − | AC13: − | AE13: − | AF13: − | AG13: − | AH13: −
A14: Lateral +/− | B14: − | C14: − | D14: − | E14: − | F14: − | G14: − | H14: − | I14: − | K14: − | L14: − | M14: − | N14: − | O14: − | P14: − | Q14: − | S14: − | U14: − | X14: − | Y14: − | AA14: − | AC14: − | AE14: − | AF14: − | AG14: − | AH14: −
A15: Place of articulation | B15: BK | C15: B | D15: B | E15: B | F15: B | G15: B | H15: B | I15: B | K15: B | L15: B | M15: B | N15: B | O15: B | P15: B | Q15: B | S15: B | U15: B | X15: B | Y15: B | AA15: B | AC15: B | AE15: B | AF15: B | AG15: B | AH15: B
A16: Place value | B16: 0 | C16: 2.5 | D16: 2.5 | E16: 3 | F16: 3 | G16: 3 | H16: 3 | I16: 3 | K16: 3 | L16: 2.5 | M16: 2.5 | N16: =AVERAGE(3,2.5) -> 2.75 | O16: 3 | P16: 2.5 | Q16: 2.5 | S16: 2.5 | U16: 2.5 | X16: 3 | Y16: 3 | AA16: 2.5 | AC16: 2.5 | AE16: 2.5 | AF16: 2.5 | AG16: 2.5 | AH16: 2.5
A17: Manner of articulation | B17: W | C17: F | D17: F | E17: P | F17: P | G17: P | H17: P | I17: P | K17: P | L17: F | M17: F | N17: P~F | O17: P | P17: F | Q17: F | S17: F | U17: F | X17: P | Y17: P | AA17: F | AC17: F | AE17: F | AF17: F | AG17: F | AH17: F
A18: Sonority value | B18: 0.5 | C18: 2 | D18: 2 | E18: 4 | F18: 4 | G18: 4 | H18: 4 | I18: 4 | K18: 4 | L18: 2 | M18: 2 | N18: =AVERAGE(4,2) -> 3 | O18: 4 | P18: 2 | Q18: 2 | S18: 2 | U18: 2 | X18: 4 | Y18: 4 | AA18: 2 | AC18: 2 | AE18: 2 | AF18: 2 | AG18: 2 | AH18: 2
A20: Overview of common sound changes
A21: w // #_E | B21: typically /v/

Sheet 020 V-
A1: A - Consonantism | D1: 1. Initial Position | I1: 1.1 Simple consonants
A3: Number | B3: 20 | F3: Latin Reference Words
A4: Treatment | B4: V- | F4: 020a) VĂCCA, VŬLPĔ, VOLĒRĔ, VŎLŬTA, VŬLTŬRĔ; 020b) VŎLVĔRĔ
A5: Environment | B5: #_{a,O}
A7: Languages | B7: LAT | C7: EU POR | D7: BR POR | E7: GAL | F7: ASL | G7: CAS ESP | H7: AND ESP | I7: AMR ESP | J7: ARG | K7: CAT | L7: VAL | M7: BAL | N7: OCC | O7: GAS OCC | P7: EU FRA | Q7: QBC FRA | R7: WAL | S7: ARP | T7: LIG | U7: LMO | V7: RMH | W7: FUR | X7: LOG SRD | Y7: CPN SRD | Z7: COR | AA7: ITA | AB7: ABR | AC7: CAM | AD7: PGL | AE7: SCN | AF7: VEN | AG7: ARO | AH7: ROM
A8: Grapheme | B8: V | C8: v | D8: v | E8: v | F8: v | G8: v | H8: v | I8: v | K8: v | L8: v | M8: v | N8: v | O8: v | P8: v | Q8: v | S8: v | U8: v | X8: b | Y8: b | AA8: v | AC8: v | AE8: v | AF8: v | AG8: v | AH8: v
A9: IPA | B9: w | C9: v | D9: v | E9: b | F9: b | G9: b | H9: b | I9: b | K9: b | L9: v | M9: v | N9: b~v | O9: b | P9: v | Q9: v | S9: v | U9: v | X9: b | Y9: b | AA9: v | AC9: v | AE9: v | AF9: v | AG9: v | AH9: v
A10: IPA key | B10: 97 | C10: 43 | D10: 43 | E10: 2 | F10: 2 | G10: 2 | H10: 2 | I10: 2 | K10: 2 | L10: 43 | M10: 43 | N10: 117 | O10: 2 | P10: 43 | Q10: 43 | S10: 43 | U10: 43 | X10: 2 | Y10: 2 | AA10: 43 | AC10: 43 | AE10: 43 | AF10: 43 | AG10: 43 | AH10: 43
A11: Consonantal +/− | B11: + | C11: + | D11: + | E11: + | F11: + | G11: + | H11: + | I11: + | K11: + | L11: + | M11: + | N11: + | O11: + | P11: + | Q11: + | S11: + | U11: + | X11: + | Y11: + | AA11: + | AC11: + | AE11: + | AF11: + | AG11: + | AH11: +
A12: Voice +/− | B12: + | C12: + | D12: + | E12: + | F12: + | G12: + | H12: + | I12: + | K12: + | L12: + | M12: + | N12: + | O12: + | P12: + | Q12: + | S12: + | U12: + | X12: + | Y12: + | AA12: + | AC12: + | AE12: + | AF12: + | AG12: + | AH12: +
A13: Sibilant +/− | B13: − | C13: − | D13: − | E13: − | F13: − | G13: − | H13: − | I13: − | K13: − | L13: − | M13: − | N13: − | O13: − | P13: − | Q13: − | S13: − | U13: − | X13: − | Y13: − | AA13: − | AC13: − | AE13: − | AF13: − | AG13: − | AH13: −
A14: Lateral +/− | B14: − | C14: − | D14: − | E14: − | F14: − | G14: − | H14: − | I14: − | K14: − | L14: − | M14: − | N14: − | O14: − | P14: − | Q14: − | S14: − | U14: − | X14: − | Y14: − | AA14: − | AC14: − | AE14: − | AF14: − | AG14: − | AH14: −
A15: Place of articulation | B15: BK | C15: B | D15: B | E15: B | F15: B | G15: B | H15: B | I15: B | K15: B | L15: B | M15: B | N15: B | O15: B | P15: B | Q15: B | S15: B | U15: B | X15: B | Y15: B | AA15: B | AC15: B | AE15: B | AF15: B | AG15: B | AH15: B
A16: Place value | B16: 0 | C16: 2.5 | D16: 2.5 | E16: 3 | F16: 3 | G16: 3 | H16: 3 | I16: 3 | K16: 3 | L16: 2.5 | M16: 2.5 | N16: =AVERAGE(3,2.5) -> 2.75 | O16: 3 | P16: 2.5 | Q16: 2.5 | S16: 2.5 | U16: 2.5 | X16: 3 | Y16: 3 | AA16: 2.5 | AC16: 2.5 | AE16: 2.5 | AF16: 2.5 | AG16: 2.5 | AH16: 2.5
A17: Manner of articulation | B17: W | C17: F | D17: F | E17: P | F17: P | G17: P | H17: P | I17: P | K17: P | L17: F | M17: F | N17: P~F | O17: P | P17: F | Q17: F | S17: F | U17: F | X17: P | Y17: P | AA17: F | AC17: F | AE17: F | AF17: F | AG17: F | AH17: F
A18: Sonority value | B18: 0.5 | C18: 2 | D18: 2 | E18: 4 | F18: 4 | G18: 4 | H18: 4 | I18: 4 | K18: 4 | L18: 2 | M18: 2 | N18: =AVERAGE(4,2) -> 3 | O18: 4 | P18: 2 | Q18: 2 | S18: 2 | U18: 2 | X18: 4 | Y18: 4 | AA18: 2 | AC18: 2 | AE18: 2 | AF18: 2 | AG18: 2 | AH18: 2
A20: Overview of common sound changes
A21: 020a: w // #_{a,O} | B21: typically /v/
A22: 020b: w / ? / #_{a,O} | B22: typically /v/
B23: /h/ in ROM

Sheet 021 S-
A1: A - Consonantism | D1: 1. Initial Position | I1: 1.1 Simple consonants
A3: Number | B3: 21 | F3: Latin Reference Words
A4: Treatment | B4: S- | F4: 021a) SĬCCU, SĒBU, SĬTĬ, SĬGNU; 021b) SĔRVU, SĔPTĔ, SĪMĬU/SĪMĬA, SĪC
A5: Environment | B5: ˈ#_E
A7: Languages | B7: LAT | C7: EU POR | D7: BR POR | E7: GAL | F7: ASL | G7: CAS ESP | H7: AND ESP | I7: AMR ESP | J7: ARG | K7: CAT | L7: VAL | M7: BAL | N7: OCC | O7: GAS OCC | P7: EU FRA | Q7: QBC FRA | R7: WAL | S7: ARP | T7: LIG | U7: LMO | V7: RMH | W7: FUR | X7: LOG SRD | Y7: CPN SRD | Z7: COR | AA7: ITA | AB7: ABR | AC7: CAM | AD7: PGL | AE7: SCN | AF7: VEN | AG7: ARO | AH7: ROM | AJ7: ROM
A8: Grapheme | B8: S | C8: s | D8: s | E8: s | F8: s | G8: s | H8: s | I8: s | J8: s | K8: s | L8: s | M8: s | N8: s | O8: s | P8: s | Q8: s | R8: s | S8: s | T8: s | U8: s | V8: s | W8: s | X8: s | Y8: s | Z8: s | AA8: s | AB8: s | AC8: s | AD8: s | AE8: s | AF8: s | AG8: s | AH8: s | AJ8: ș
A9: IPA | B9: s̠ | C9: s (s̠) | D9: s | E9: s̠ | F9: s̠ | G9: s̠ | H9: s̟ | I9: s | J9: s̠ | K9: s̠ | L9: s̠ | M9: s̠ | N9: s̠ | O9: s̠ | P9: s̪ | Q9: s̪ | R9: s̪ | S9: s | T9: s | U9: s̠ | V9: s | W9: s̠~s | X9: s̠ | Y9: s (s̠) | Z9: s | AA9: s | AB9: s | AC9: s | AD9: s | AE9: s | AF9: s̠ | AG9: s̪ | AH9: s̪ | AJ9: ʃ
A10: IPA key | B10: 52 | C10: 118 | D10: 50 | E10: 122 | F10: 52 | G10: 52 | H10: 46 | I10: 50 | J10: 52 | K10: 52 | L10: 52 | M10: 52 | N10: 52 | O10: 52 | P10: 48 | Q10: 48 | R10: 48 | S10: 50 | T10: 50 | U10: 52 | V10: 50 | W10: 161 | X10: 52 | Y10: 118 | Z10: 50 | AA10: 50 | AB10: 50 | AC10: 50 | AD10: 50 | AE10: 50 | AF10: 52 | AG10: 48 | AH10: 48 | AJ10: 56
A11: Consonantal +/− | B11: + | C11: + | D11: + | E11: + | F11: + | G11: + | H11: + | I11: + | J11: + | K11: + | L11: + | M11: + | N11: + | O11: + | P11: + | Q11: + | R11: + | S11: + | T11: + | U11: + | V11: + | W11: + | X11: + | Y11: + | Z11: + | AA11: + | AB11: + | AC11: + | AD11: + | AE11: + | AF11: + | AG11: + | AH11: + | AJ11: +
A12: Voice +/− | B12: − | C12: − | D12: − | E12: − | F12: − | G12: − | H12: − | I12: − | J12: − | K12: − | L12: − | M12: − | N12: − | O12: − | P12: − | Q12: − | R12: − | S12: − | T12: − | U12: − | V12: − | W12: − | X12: − | Y12: − | Z12: − | AA12: − | AB12: − | AC12: − | AD12: − | AE12: − | AF12: − | AG12: − | AH12: − | AJ12: −
A13: Sibilant +/− | B13: + | C13: + | D13: + | E13: + | F13: + | G13: + | H13: + | I13: + | J13: + | K13: + | L13: + | M13: + | N13: + | O13: + | P13: + | Q13: + | R13: + | S13: + | T13: + | U13: + | V13: + | W13: + | X13: + | Y13: + | Z13: + | AA13: + | AB13: + | AC13: + | AD13: + | AE13: + | AF13: + | AG13: + | AH13: + | AJ13: +
A14: Lateral +/− | B14: − | C14: − | D14: − | E14: − | F14: − | G14: − | H14: − | I14: − | J14: − | K14: − | L14: − | M14: − | N14: − | O14: − | P14: − | Q14: − | R14: − | S14: − | T14: − | U14: − | V14: − | W14: − | X14: − | Y14: − | Z14: − | AA14: − | AB14: − | AC14: − | AD14: − | AE14: − | AF14: − | AG14: − | AH14: − | AJ14: −
A15: Place of articulation | B15: D | C15: D | D15: D | E15: D | F15: D | G15: D | H15: D | I15: D | J15: D | K15: D | L15: D | M15: D | N15: D | O15: D | P15: D | Q15: D | R15: D | S15: D | T15: D | U15: D | V15: D | W15: D | X15: D | Y15: D | Z15: D | AA15: D | AB15: D | AC15: D | AD15: D | AE15: D | AF15: D | AG15: D | AH15: D | AJ15: Ɉ
A16: Place value | B16: 0.5 | C16: =AVERAGE(1,1,1,0.5) -> 0.875 | D16: 1 | E16: =AVERAGE(0.5,0.5,0.5,1) -> 0.625 | F16: 0.5 | G16: 0.5 | H16: =5/3 -> 1.6666667 | I16: 1 | J16: 0.5 | K16: 0.5 | L16: 0.5 | M16: 0.5 | N16: 0.5 | O16: 0.5 | P16: =4/3 -> 1.3333333 | Q16: =4/3 -> 1.3333333 | R16: =4/3 -> 1.3333333 | S16: 1 | T16: 1 | U16: 0.5 | V16: 1 | W16: =AVERAGE(0.5,1) -> 0.75 | X16: 0.5 | Y16: =AVERAGE(1,1,1,0.5) -> 0.875 | Z16: 1 | AA16: 1 | AB16: 1 | AC16: 1 | AD16: 1 | AE16: 1 | AF16: 0.5 | AG16: =4/3 -> 1.3333333 | AH16: =4/3 -> 1.3333333 | AJ16: -0.5
A17: Manner of articulation | B17: F | C17: F | D17: F | E17: F | F17: F | G17: F | H17: F | I17: F | J17: F | K17: F | L17: F | M17: F | N17: F | O17: F | P17: F | Q17: F | R17: F | S17: F | T17: F | U17: F | V17: F | W17: F | X17: F | Y17: F | Z17: F | AA17: F | AB17: F | AC17: F | AD17: F | AE17: F | AF17: F | AG17: F | AH17: F | AJ17: F
A18: Sonority value | B18: 2 | C18: 2 | D18: 2 | E18: 2 | F18: 2 | G18: 2 | H18: 2 | I18: 2 | J18: 2 | K18: 2 | L18: 2 | M18: 2 | N18: 2 | O18: 2 | P18: 2 | Q18: 2 | R18: 2 | S18: 2 | T18: 2 | U18: 2 | V18: 2 | W18: 2 | X18: 2 | Y18: 2 | Z18: 2 | AA18: 2 | AB18: 2 | AC18: 2 | AD18: 2 | AE18: 2 | AF18: 2 | AG18: 2 | AH18: 2 | AJ18: 2
AH19: 021a | AJ19: 021b,c
A20: Overview of common sound changes
A21: 021a: s // ˈ#_{ĕNC,ē,ĭ} | B21: typically /s/
A22: 021b: s / ? / ˈ#_{ĕ³,ī} | B22: typically /s/
B23: /ʃ/ in ROM
A25: Romanian: | B25: 1) long /i:/ (> ERom. /i/), if not elided. 2) i + vowel (consonantal /i/) (> ERom. /j/) 3) stressed short /e/ ~ /ae/ *not* followed by a nasal cluster /NC/ (> ERom. /je/)

Sheet 022 S-
A1: A - Consonantism | D1: 1. Initial Position | I1: 1.1 Simple consonants
A3: Number | B3: 22 | F3: Latin Reference Words
A4: Treatment | B4: S- | F4: 022a) SĬGĔLLU/SĬGĬLLU, SĬCCĀRE, SĔNTĪRE, SĒMINĀRE; 022b) SĔCĀRE, SÆTĂCĬU
A5: Environment | B5: #_Eˈ
A7: Languages | B7: LAT | C7: EU POR | D7: BR POR | E7: GAL | F7: ASL | G7: CAS ESP | H7: AND ESP | I7: AMR ESP | J7: ARG | K7: CAT | L7: VAL | M7: BAL | N7: OCC | O7: GAS OCC | P7: EU FRA | Q7: QBC FRA | R7: WAL | S7: ARP | T7: LIG | U7: LMO | V7: RMH | W7: FUR | X7: LOG SRD | Y7: CPN SRD | Z7: COR | AA7: ITA | AB7: ABR | AC7: CAM | AD7: PGL | AE7: SCN | AF7: VEN | AG7: ARO | AH7: ROM | AJ7: ROM
A8: Grapheme | B8: S | C8: s | D8: s | E8: s | F8: s | G8: s | H8: s | I8: s | J8: s | K8: s | L8: s | M8: s | N8: s | O8: s | P8: s | Q8: s | R8: s | S8: s | T8: s | U8: s | V8: s | W8: s | X8: s | Y8: s | Z8: s | AA8: s | AB8: s | AC8: s | AD8: s | AE8: s | AF8: s | AG8: s | AH8: s | AJ8: ș
A9: IPA | B9: s̠ | C9: s (s̠) | D9: s | E9: s̠ | F9: s̠ | G9: s̠ | H9: s̟ | I9: s | J9: s̠ | K9: s̠ | L9: s̠ | M9: s̠ | N9: s̠ | O9: s̠ | P9: s̪ | Q9: s̪ | R9: s̪ | S9: s | T9: s | U9: s̠ | V9: s | W9: s̠~s | X9: s̠ | Y9: s (s̠) | Z9: s | AA9: s | AB9: s | AC9: s | AD9: s | AE9: s | AF9: s̠ | AG9: s̪ | AH9: s̪ | AJ9: ʃ
A10: IPA key | B10: 52 | C10: 118 | D10: 50 | E10: 122 | F10: 52 | G10: 52 | H10: 46 | I10: 50 | J10: 52 | K10: 52 | L10: 52 | M10: 52 | N10: 52 | O10: 52 | P10: 48 | Q10: 48 | R10: 48 | S10: 50 | T10: 50 | U10: 52 | V10: 50 | W10: 161 | X10: 52 | Y10: 118 | Z10: 50 | AA10: 50 | AB10: 50 | AC10: 50 | AD10: 50 | AE10: 50 | AF10: 52 | AG10: 48 | AH10: 48 | AJ10: 56
A11: Consonantal +/− | B11: + | C11: + | D11: + | E11: + | F11: + | G11: + | H11: + | I11: + | J11: + | K11: + | L11: + | M11: + | N11: + | O11: + | P11: + | Q11: + | R11: + | S11: + | T11: + | U11: + | V11: + | W11: + | X11: + | Y11: + | Z11: + | AA11: + | AB11: + | AC11: + | AD11: + | AE11: + | AF11: + | AG11: + | AH11: + | AJ11: +
A12: Voice +/− | B12: − | C12: − | D12: − | E12: − | F12: − | G12: − | H12: − | I12: − | J12: − | K12: − | L12: − | M12: − | N12: − | O12: − | P12: − | Q12: − | R12: − | S12: − | T12: − | U12: − | V12: − | W12: − | X12: − | Y12: − | Z12: − | AA12: − | AB12: − | AC12: − | AD12: − | AE12: − | AF12: − | AG12: − | AH12: − | AJ12: −
A13: Sibilant +/− | B13: + | C13: + | D13: + | E13: + | F13: + | G13: + | H13: + | I13: + | J13: + | K13: + | L13: + | M13: + | N13: + | O13: + | P13: + | Q13: + | R13: + | S13: + | T13: + | U13: + | V13: + | W13: + | X13: + | Y13: + | Z13: + | AA13: + | AB13: + | AC13: + | AD13: + | AE13: + | AF13: + | AG13: + | AH13: + | AJ13: +
A14: Lateral +/− | B14: − | C14: − | D14: − | E14: − | F14: − | G14: − | H14: − | I14: − | J14: − | K14: − | L14: − | M14: − | N14: − | O14: − | P14: − | Q14: − | R14: − | S14: − | T14: − | U14: − | V14: − | W14: − | X14: − | Y14: − | Z14: − | AA14: − | AB14: − | AC14: − | AD14: − | AE14: − | AF14: − | AG14: − | AH14: − | AJ14: −
A15: Place of articulation | B15: D | C15: D | D15: D | E15: D | F15: D | G15: D | H15: D | I15: D | J15: D | K15: D | L15: D | M15: D | N15: D | O15: D | P15: D | Q15: D | R15: D | S15: D | T15: D | U15: D | V15: D | W15: D | X15: D | Y15: D | Z15: D | AA15: D | AB15: D | AC15: D | AD15: D | AE15: D | AF15: D | AG15: D | AH15: D | AJ15: Ɉ
A16: Place value | B16: 0.5 | C16: =AVERAGE(1,1,1,0.5) -> 0.875 | D16: 1 | E16: =AVERAGE(0.5,0.5,0.5,1) -> 0.625 | F16: 0.5 | G16: 0.5 | H16: =5/3 -> 1.6666667 | I16: 1 | J16: 0.5 | K16: 0.5 | L16: 0.5 | M16: 0.5 | N16: 0.5 | O16: 0.5 | P16: =4/3 -> 1.3333333 | Q16: =4/3 -> 1.3333333 | R16: =4/3 -> 1.3333333 | S16: 1 | T16: 1 | U16: 0.5 | V16: 1 | W16: =AVERAGE(0.5,1) -> 0.75 | X16: 0.5 | Y16: =AVERAGE(1,1,1,0.5) -> 0.875 | Z16: 1 | AA16: 1 | AB16: 1 | AC16: 1 | AD16: 1 | AE16: 1 | AF16: 0.5 | AG16: =4/3 -> 1.3333333 | AH16: =4/3 -> 1.3333333 | AJ16: -0.5
A17: Manner of articulation | B17: F | C17: F | D17: F | E17: F | F17: F | G17: F | H17: F | I17: F | J17: F | K17: F | L17: F | M17: F | N17: F | O17: F | P17: F | Q17: F | R17: F | S17: F | T17: F | U17: F | V17: F | W17: F | X17: F | Y17: F | Z17: F | AA17: F | AB17: F | AC17: F | AD17: F | AE17: F | AF17: F | AG17: F | AH17: F | AJ17: F
A18: Sonority value | B18: 2 | C18: 2 | D18: 2 | E18: 2 | F18: 2 | G18: 2 | H18: 2 | I18: 2 | J18: 2 | K18: 2 | L18: 2 | M18: 2 | N18: 2 | O18: 2 | P18: 2 | Q18: 2 | R18: 2 | S18: 2 | T18: 2 | U18: 2 | V18: 2 | W18: 2 | X18: 2 | Y18: 2 | Z18: 2 | AA18: 2 | AB18: 2 | AC18: 2 | AD18: 2 | AE18: 2 | AF18: 2 | AG18: 2 | AH18: 2 | AJ18: 2
AH19: 022a | AJ19: 022b,c
A20: Overview of common sound changes
A21: 022a: s // #_{ĕNC,ē,ĭ}ˈ | B21: typically /s/
A22: 022b: s / ? / #_{ĕ³,ī}ˈ | B22: typically /s/
B23: /ʃ/ in ROM
A25: Romanian: | B25: 1) long /i:/ (> ERom. /i/), if not elided. 2) i + vowel (consonantal /i/) (> ERom. /j/) 3) stressed short /e/ ~ /ae/ *not* followed by a nasal cluster /NC/ (> ERom. /je/)

Sheet 023 S-
A1: A - Consonantism | D1: 1. Initial Position | I1: 1.1 Simple consonants
A3: Number | B3: 23 | F3: Latin Reference Words
A4: Treatment | B4: S- | F4: SŎNU, SĀNU, SAPĒRE, SĀL[E], SŬBTU/-A
A5: Environment | B5: #_{a,O}
A7: Languages | B7: LAT | C7: EU POR | D7: BR POR | E7: GAL | F7: ASL | G7: CAS ESP | H7: AND ESP | I7: AMR ESP | J7: ARG | K7: CAT | L7: VAL | M7: BAL | N7: OCC | O7: GAS OCC | P7: EU FRA | Q7: QBC FRA | R7: WAL | S7: ARP | T7: LIG | U7: LMO | V7: RMH | W7: FUR | X7: LOG SRD | Y7: CPN SRD | Z7: COR | AA7: ITA | AB7: ABR | AC7: CAM | AD7: PGL | AE7: SCN | AF7: VEN | AG7: ARO | AH7: ROM
A8: Grapheme | B8: S | C8: s | D8: s | E8: s | F8: s | G8: s | H8: s | I8: s | J8: s | K8: s | L8: s | M8: s | N8: s | O8: s | P8: s | Q8: s | R8: s | S8: s | T8: s | U8: s | V8: s | W8: s | X8: s | Y8: s | Z8: s | AA8: s | AB8: s | AC8: s | AD8: s | AE8: s | AF8: s | AG8: s | AH8: s
A9: IPA | B9: s̠ | C9: s (s̠) | D9: s | E9: s̠ | F9: s̠ | G9: s̠ | H9: s̟ | I9: s | J9: s̠ | K9: s̠ | L9: s̠ | M9: s̠ | N9: s̠ | O9: s̠ | P9: s̪ | Q9: s̪ | R9: s̪ | S9: s | T9: s | U9: s̠ | V9: s | W9: s̠~s | X9: s̠ | Y9: s (s̠) | Z9: s | AA9: s | AB9: s | AC9: s | AD9: s | AE9: s | AF9: s̠ | AG9: s̪ | AH9: s̪
A10: IPA key | B10: 52 | C10: 118 | D10: 50 | E10: 122 | F10: 52 | G10: 52 | H10: 46 | I10: 50 | J10: 52 | K10: 52 | L10: 52 | M10: 52 | N10: 52 | O10: 52 | P10: 48 | Q10: 48 | R10: 48 | S10: 50 | T10: 50 | U10: 52 | V10: 50 | W10: 161 | X10: 52 | Y10: 118 | Z10: 50 | AA10: 50 | AB10: 50 | AC10: 50 | AD10: 50 | AE10: 50 | AF10: 52 | AG10: 48 | AH10: 48
A11: Consonantal +/− | B11: + | C11: + | D11: + | E11: + | F11: + | G11: + | H11: + | I11: + | J11: + | K11: + | L11: + | M11: + | N11: + | O11: + | P11: + | Q11: + | R11: + | S11: + | T11: + | U11: + | V11: + | W11: + | X11: + | Y11: + | Z11: + | AA11: + | AB11: + | AC11: + | AD11: + | AE11: + | AF11: + | AG11: + | AH11: +
A12: Voice +/− | B12: − | C12: − | D12: − | E12: − | F12: − | G12: − | H12: − | I12: − | J12: − | K12: − | L12: − | M12: − | N12: − | O12: − | P12: − | Q12: − | R12: − | S12: − | T12: − | U12: − | V12: − | W12: − | X12: − | Y12: − | Z12: − | AA12: − | AB12: − | AC12: − | AD12: − | AE12: − | AF12: − | AG12: − | AH12: −
A13: Sibilant +/− | B13: + | C13: + | D13: + | E13: + | F13: + | G13: + | H13: + | I13: + | J13: + | K13: + | L13: + | M13: + | N13: + | O13: + | P13: + | Q13: + | R13: + | S13: + | T13: + | U13: + | V13: + | W13: + | X13: + | Y13: + | Z13: + | AA13: + | AB13: + | AC13: + | AD13: + | AE13: + | AF13: + | AG13: + | AH13: +
A14: Lateral +/− | B14: − | C14: − | D14: − | E14: − | F14: − | G14: − | H14: − | I14: − | J14: − | K14: − | L14: − | M14: − | N14: − | O14: − | P14: − | Q14: − | R14: − | S14: − | T14: − | U14: − | V14: − | W14: − | X14: − | Y14: − | Z14: − | AA14: − | AB14: − | AC14: − | AD14: − | AE14: − | AF14: − | AG14: − | AH14: −
A15: Place of articulation | B15: D | C15: D | D15: D | E15: D | F15: D | G15: D | H15: D | I15: D | J15: D | K15: D | L15: D | M15: D | N15: D | O15: D | P15: D | Q15: D | R15: D | S15: D | T15: D | U15: D | V15: D | W15: D | X15: D | Y15: D | Z15: D | AA15: D | AB15: D | AC15: D | AD15: D | AE15: D | AF15: D | AG15: D | AH15: D
A16: Place value | B16: 0.5 | C16: =AVERAGE(1,1,1,0.5) -> 0.875 | D16: 1 | E16: =AVERAGE(0.5,0.5,0.5,1) -> 0.625 | F16: 0.5 | G16: 0.5 | H16: =5/3 -> 1.6666667 | I16: 1 | J16: 0.5 | K16: 0.5 | L16: 0.5 | M16: 0.5 | N16: 0.5 | O16: 0.5 | P16: =4/3 -> 1.3333333 | Q16: =4/3 -> 1.3333333 | R16: =4/3 -> 1.3333333 | S16: 1 | T16: 1 | U16: 0.5 | V16: 1 | W16: =AVERAGE(0.5,1) -> 0.75 | X16: 0.5 | Y16: =AVERAGE(1,1,1,0.5) -> 0.875 | Z16: 1 | AA16: 1 | AB16: 1 | AC16: 1 | AD16: 1 | AE16: 1 | AF16: 0.5 | AG16: =4/3 -> 1.3333333 | AH16: =4/3 -> 1.3333333
A17: Manner of articulation | B17: F | C17: F | D17: F | E17: F | F17: F | G17: F | H17: F | I17: F | J17: F | K17: F | L17: F | M17: F | N17: F | O17: F | P17: F | Q17: F | R17: F | S17: F | T17: F | U17: F | V17: F | W17: F | X17: F | Y17: F | Z17: F | AA17: F | AB17: F | AC17: F | AD17: F | AE17: F | AF17: F | AG17: F | AH17: F
A18: Sonority value | B18: 2 | C18: 2 | D18: 2 | E18: 2 | F18: 2 | G18: 2 | H18: 2 | I18: 2 | J18: 2 | K18: 2 | L18: 2 | M18: 2 | N18: 2 | O18: 2 | P18: 2 | Q18: 2 | R18: 2 | S18: 2 | T18: 2 | U18: 2 | V18: 2 | W18: 2 | X18: 2 | Y18: 2 | Z18: 2 | AA18: 2 | AB18: 2 | AC18: 2 | AD18: 2 | AE18: 2 | AF18: 2 | AG18: 2 | AH18: 2
A20: Overview of common sound changes
A21: s / ? / #_{a,O} | B21: typically /s/

Sheet 024 H-
A1: A - Consonantism | D1: 1. Initial Position | I1: 1.1 Simple consonants
A3: Number | B3: 24 | F3: Latin Reference Words
A4: Treatment | B4: H- | F4: 024a) *HĂPPIA, *HĂGGIA, HĂRPA, *HERIWALD, *HĂSPA, HĒNRĪCUS; 024b) HĔRBA, HŎMŌ/HŎMĬNĔ
A5: Environment | B5: #_
A7: Languages | B7: LAT | C7: EU POR | D7: BR POR | E7: GAL | F7: ASL | G7: CAS ESP | H7: AND ESP | I7: AMR ESP | J7: ARG | K7: CAT | L7: VAL | M7: BAL | N7: OCC | O7: GAS OCC | P7: EU FRA | Q7: QBC FRA | R7: WAL | S7: ARP | T7: LIG | U7: LMO | V7: RMH | W7: FUR | X7: LOG SRD | Y7: CPN SRD | Z7: COR | AA7: ITA | AB7: ABR | AC7: CAM | AD7: PGL | AE7: SCN | AF7: VEN | AG7: ARO | AH7: ROM | AJ7: WAL | AK7: ITA | AL7: CAM | AM7: SCN
A8: Grapheme | B8: H (∅) | C8: h/∅ | D8: h~∅ | E8: h~∅ | F8: h~∅ | G8: h~∅ | H8: h~∅ | I8: h~∅ | J8: h~∅ | K8: h~∅ | L8: h~∅ | M8: h~∅ | N8: ∅ | O8: ∅ | P8: h~∅ | Q8: h~∅ | R8: h | S8: h~∅ | U8: ∅ | V8: ∅ | X8: ∅ | Y8: ∅ | Z8: ∅ | AA8: ∅ | AB8: ∅ | AC8: ∅ | AD8: ∅ | AE8: ∅ | AF8: ∅ | AG8: ∅ | AH8: ∅ | AJ8: ∅ | AK8: ∅/h | AL8: ∅/h | AM8: ∅/h
A9: IPA | B9: h~∅ | C9: ∅ | D9: ∅ | E9: ∅ | F9: ∅ | G9: ∅ | H9: ∅ | I9: ∅ | J9: ∅ | K9: ∅ | L9: ∅ | M9: ∅ | N9: ∅ | O9: ∅ | P9: ∅ | Q9: ∅ | R9: h~∅ | S9: ∅ | T9: ∅ | U9: ∅ | V9: ∅ | W9: ∅ | X9: ∅ | Y9: ∅ | Z9: ∅ | AA9: ∅ | AB9: ∅ | AC9: ∅ | AD9: ∅ | AE9: ∅ | AF9: ∅ | AG9: ∅ | AH9: ∅ | AJ9: ∅ | AK9: ∅ | AL9: ∅ | AM9: ∅
A10: IPA key | B10: 116 | C10: ∅ | D10: ∅ | E10: ∅ | F10: ∅ | G10: ∅ | H10: ∅ | I10: ∅ | J10: ∅ | K10: ∅ | L10: ∅ | M10: ∅ | N10: ∅ | O10: ∅ | P10: ∅ | Q10: ∅ | R10: 116 | S10: ∅ | T10: ∅ | U10: ∅ | V10: ∅ | W10: ∅ | X10: ∅ | Y10: ∅ | Z10: ∅ | AA10: ∅ | AB10: ∅ | AC10: ∅ | AD10: ∅ | AE10: ∅ | AF10: ∅ | AG10: ∅ | AH10: ∅ | AJ10: ∅ | AK10: ∅ | AL10: ∅ | AM10: ∅
A11: Consonantal +/− | B11: − | C11: − | D11: − | E11: − | F11: − | G11: − | H11: − | I11: − | J11: − | K11: − | L11: − | M11: − | N11: − | O11: − | P11: − | Q11: − | R11: − | S11: − | T11: − | U11: − | V11: − | W11: − | X11: − | Y11: − | Z11: − | AA11: − | AB11: − | AC11: − | AD11: − | AE11: − | AF11: − | AG11: − | AH11: − | AJ11: − | AK11: − | AL11: − | AM11: −
A12: Voice +/− | B12: − | C12: − | D12: − | E12: − | F12: − | G12: − | H12: − | I12: − | J12: − | K12: − | L12: − | M12: − | N12: − | O12: − | P12: − | Q12: − | R12: − | S12: − | T12: − | U12: − | V12: − | W12: − | X12: − | Y12: − | Z12: − | AA12: − | AB12: − | AC12: − | AD12: − | AE12: − | AF12: − | AG12: − | AH12: − | AJ12: − | AK12: − | AL12: − | AM12: −
A13: Sibilant +/− | B13: − | C13: − | D13: − | E13: − | F13: − | G13: − | H13: − | I13: − | J13: − | K13: − | L13: − | M13: − | N13: − | O13: − | P13: − | Q13: − | R13: − | S13: − | T13: − | U13: − | V13: − | W13: − | X13: − | Y13: − | Z13: − | AA13: − | AB13: − | AC13: − | AD13: − | AE13: − | AF13: − | AG13: − | AH13: − | AJ13: − | AK13: − | AL13: − | AM13: −
A14: Lateral +/− | B14: − | C14: − | D14: − | E14: − | F14: − | G14: − | H14: − | I14: − | J14: − | K14: − | L14: − | M14: − | N14: − | O14: − | P14: − | Q14: − | R14: − | S14: − | T14: − | U14: − | V14: − | W14: − | X14: − | Y14: − | Z14: − | AA14: − | AB14: − | AC14: − | AD14: − | AE14: − | AF14: − | AG14: − | AH14: − | AJ14: − | AK14: − | AL14: − | AM14: −
A15: Place of articulation | B15: H | C15: H | D15: H | E15: H | F15: H | G15: H | H15: H | I15: H | J15: H | K15: H | L15: H | M15: H | N15: H | O15: H | P15: H | Q15: H | R15: H | S15: H | T15: H | U15: H | V15: H | W15: H | X15: H | Y15: H | Z15: H | AA15: H | AB15: H | AC15: H | AD15: H | AE15: H | AF15: H | AG15: H | AH15: H | AJ15: H | AK15: H | AL15: H | AM15: H
A16: Place value | B16: -6 | C16: -6 | D16: -6 | E16: -6 | F16: -6 | G16: -6 | H16: -6 | I16: -6 | J16: -6 | K16: -6 | L16: -6 | M16: -6 | N16: -6 | O16: -6 | P16: -6 | Q16: -6 | R16: -6 | S16: -6 | T16: -6 | U16: -6 | V16: -6 | W16: -6 | X16: -6 | Y16: -6 | Z16: -6 | AA16: -6 | AB16: -6 | AC16: -6 | AD16: -6 | AE16: -6 | AF16: -6 | AG16: -6 | AH16: -6 | AJ16: -6 | AK16: -6 | AL16: -6 | AM16: -6
A17: Manner of articulation | B17: F~∅ | C17: ∅ | D17: ∅ | E17: ∅ | F17: ∅ | G17: ∅ | H17: ∅ | I17: ∅ | J17: ∅ | K17: ∅ | L17: ∅ | M17: ∅ | N17: ∅ | O17: ∅ | P17: ∅ | Q17: ∅ | R17: F~∅ | S17: ∅ | T17: ∅ | U17: ∅ | V17: ∅ | W17: ∅ | X17: ∅ | Y17: ∅ | Z17: ∅ | AA17: ∅ | AB17: ∅ | AC17: ∅ | AD17: ∅ | AE17: ∅ | AF17: ∅ | AG17: ∅ | AH17: ∅ | AJ17: ∅ | AK17: ∅ | AL17: ∅ | AM17: ∅
A18: Sonority value | B18: 1 | C18: 0 | D18: 0 | E18: 0 | F18: 0 | G18: 0 | H18: 0 | I18: 0 | J18: 0 | K18: 0 | L18: 0 | M18: 0 | N18: 0 | O18: 0 | P18: 0 | Q18: 0 | R18: 1 | S18: 0 | T18: 0 | U18: 0 | V18: 0 | W18: 0 | X18: 0 | Y18: 0 | Z18: 0 | AA18: 0 | AB18: 0 | AC18: 0 | AD18: 0 | AE18: 0 | AF18: 0 | AG18: 0 | AH18: 0 | AJ18: 0 | AK18: 0 | AL18: 0 | AM18: 0
R19: 024a | AJ19: 024b
A20: Overview of common sound changes
A21: h / ∅ / #_ | B21: almost always silent
A22: (024a: Germanic-derived words)
A23: (024b: native Latin-derived words)

Sheet 025 R-
A1: A - Consonantism | D1: 1. Initial Position | I1: 1.1 Simple consonants
A3: Number | B3: 25 | F3: Latin Reference Words
A4: Treatment | B4: R- | F4: RĪPA, RŎTA, RĀNA
A5: Environment | B5: #_
A7: Languages | B7: LAT | C7: EU POR | D7: BR POR | E7: GAL | F7: ASL | G7: CAS ESP | H7: AND ESP | I7: AMR ESP | J7: ARG | K7: CAT | L7: VAL | M7: BAL | N7: OCC | O7: GAS OCC | P7: EU FRA | Q7: QBC FRA | R7: WAL | S7: ARP | T7: LIG | U7: LMO | V7: RMH | W7: FUR | X7: LOG SRD | Y7: CPN SRD | Z7: COR | AA7: ITA | AB7: ABR | AC7: CAM | AD7: PGL | AE7: SCN | AF7: VEN | AG7: ARO | AH7: ROM
A8: Grapheme | B8: R | C8: r | D8: r | E8: r | F8: r | G8: r | H8: r | I8: r | J8: r | K8: r | L8: r | M8: r | N8: r | O8: r | P8: r | Q8: r | R8: r | S8: r | T8: r | U8: r | V8: r | W8: r | X8: r | Y8: r | Z8: r | AA8: r | AB8: r | AC8: r | AD8: r | AE8: r | AF8: r | AG8: r | AH8: r
A9: IPA | B9: r | C9: ʁ~ʀ (r) | D9: x~h | E9: r | F9: r | G9: r | H9: r | I9: r | J9: r | K9: r̠ | L9: r̠ | M9: r̠ | N9: r (ʀ) | O9: r | P9: ʁ (ʀ) | Q9: ʁ (ʀ) | R9: ʀ | S9: r (ʀ) | T9: r | U9: r | V9: r (ʁ) | W9: r | X9: r | Y9: r | Z9: r | AA9: r | AB9: r | AC9: r | AD9: r | AE9: ʐː~rː | AF9: r | AG9: r̪ | AH9: r̪
A10: IPA key | B10: 79 | C10: 123 | D10: 124 | E10: 79 | F10: 79 | G10: 79 | H10: 79 | I10: 79 | J10: 79 | K10: 141 | L10: 141 | M10: 141 | N10: 127 | O10: 79 | P10: 142 | Q10: 142 | R10: 81 | S10: 127 | T10: 79 | U10: 79 | V10: 132 | W10: 79 | X10: 79 | Y10: 79 | Z10: 79 | AA10: 79 | AB10: 79 | AC10: 79 | AD10: 79 | AE10: 128 | AF10: 79 | AG10: 78 | AH10: 78
A11: Consonantal +/− | B11: + | C11: + | D11: + | E11: + | F11: + | G11: + | H11: + | I11: + | J11: + | K11: + | L11: + | M11: + | N11: + | O11: + | P11: + | Q11: + | R11: + | S11: + | T11: + | U11: + | V11: + | W11: + | X11: + | Y11: + | Z11: + | AA11: + | AB11: + | AC11: + | AD11: + | AE11: + | AF11: + | AG11: + | AH11: +
A12: Voice +/− | B12: + | C12: + | D12: − | E12: + | F12: + | G12: + | H12: + | I12: + | J12: + | K12: + | L12: + | M12: + | N12: + | O12: + | P12: + | Q12: + | R12: + | S12: + | T12: + | U12: + | V12: + | W12: + | X12: + | Y12: + | Z12: + | AA12: + | AB12: + | AC12: + | AD12: + | AE12: + | AF12: + | AG12: + | AH12: +
A13: Sibilant +/− | B13: − | C13: − | D13: − | E13: − | F13: − | G13: − | H13: − | I13: − | J13: − | K13: − | L13: − | M13: − | N13: − | O13: − | P13: − | Q13: − | R13: − | S13: − | T13: − | U13: − | V13: − | W13: − | X13: − | Y13: − | Z13: − | AA13: − | AB13: − | AC13: − | AD13: − | AE13: +/− | AF13: − | AG13: − | AH13: −
A14: Lateral +/− | B14: − | C14: − | D14: − | E14: − | F14: − | G14: − | H14: − | I14: − | J14: − | K14: − | L14: − | M14: − | N14: − | O14: − | P14: − | Q14: − | R14: − | S14: − | T14: − | U14: − | V14: − | W14: − | X14: − | Y14: − | Z14: − | AA14: − | AB14: − | AC14: − | AD14: − | AE14: − | AF14: − | AG14: − | AH14: −
A15: Place of articulation | B15: D | C15: Q (D) | D15: K~H | E15: D | F15: D | G15: D | H15: D | I15: D | J15: D | K15: Ɉ | L15: Ɉ | M15: Ɉ | N15: D (Q) | O15: D | P15: Q | Q15: Q | R15: Q | S15: D (Q) | T15: D | U15: D | V15: D (Q) | W15: D | X15: D | Y15: D | Z15: D | AA15: D | AB15: D | AC15: D | AD15: D | AE15: Ɉ~D | AF15: D | AG15: D | AH15: D
A16: Place value | B16: 0.75 | C16: =AVERAGE(-4,-4,0.75) -> -2.4166667 | D16: =AVERAGE(-3,-6) -> -4.5 | E16: 0.75 | F16: 0.75 | G16: 0.75 | H16: 0.75 | I16: 0.75 | J16: 0.75 | K16: -0.5 | L16: -0.5 | M16: -0.5 | N16: =AVERAGE(0.75,0.75,-4) -> -0.83333333 | O16: 0.75 | P16: -4 | Q16: -4 | R16: -4 | S16: =AVERAGE(0.75,0.75,-4) -> -0.83333333 | T16: 0.75 | U16: 0.75 | V16: =AVERAGE(0.75,0.75,-4) -> -0.83333333 | W16: 0.75 | X16: 0.75 | Y16: 0.75 | Z16: 0.75 | AA16: 0.75 | AB16: 0.75 | AC16: 0.75 | AD16: 0.75 | AE16: =AVERAGE(-1.25,0.75) -> -0.25 | AF16: 0.75 | AG16: =5/3 -> 1.6666667 | AH16: =5/3 -> 1.6666667
A17: Manner of articulation | B17: L | C17: L (F) | D17: F | E17: L | F17: L | G17: L | H17: L | I17: L | J17: L | K17: L | L17: L | M17: L | N17: L | O17: L | P17: F (L) | Q17: F (L) | R17: L | S17: L | T17: L | U17: L | V17: L (F) | W17: L | X17: L | Y17: L | Z17: L | AA17: L | AB17: L | AC17: L | AD17: L | AE17: FF~LL | AF17: L | AG17: L | AH17: L
A18: Sonority value | B18: 1.25 | C18: =AVERAGE(1.25,1.25,2) -> 1.5 | D18: 2 | E18: 1.25 | F18: 1.25 | G18: 1.25 | H18: 1.25 | I18: 1.25 | J18: 1.25 | K18: 1.25 | L18: 1.25 | M18: 1.25 | N18: 1.25 | O18: 1.25 | P18: =AVERAGE(2,2,1.25) -> 1.75 | Q18: =AVERAGE(2,2,1.25) -> 1.75 | R18: 1.25 | S18: 1.25 | T18: 1.25 | U18: 1.25 | V18: =AVERAGE(1.25,1.25,2) -> 1.5 | W18: 1.25 | X18: 1.25 | Y18: 1.25 | Z18: 1.25 | AA18: 1.25 | AB18: 1.25 | AC18: 1.25 | AD18: 1.25 | AE18: =AVERAGE(2.5,25/16) -> 2.03125 | AF18: 1.25 | AG18: 1.25 | AH18: 1.25
A20: Overview of common sound changes
A21: r / ? / #_ | B21: typically /r/
B22: /ʁ~ʀ/ in EU.POR, FRA
B23: /x~h/ in BR.POR

Sheet 026 L-
A1: A - Consonantism | D1: 1. Initial Position | I1: 1.1 Simple consonants
A3: Number | B3: 26 | F3: Latin Reference Words
A4: Treatment | B4: L- | F4: LĪNU, LĔCTU, LĔPORE, LĬGĀRE
A5: Environment | B5: #_E
A7: Languages | B7: LAT | C7: EU POR | D7: BR POR | E7: GAL | F7: ASL | G7: CAS ESP | H7: AND ESP | I7: AMR ESP | J7: ARG | K7: CAT | L7: VAL | M7: BAL | N7: OCC | O7: GAS OCC | P7: EU FRA | Q7: QBC FRA | R7: WAL | S7: ARP | T7: LIG | U7: LMO | V7: RMH | W7: FUR | X7: LOG SRD | Y7: CPN SRD | Z7: COR | AA7: ITA | AB7: ABR | AC7: CAM | AD7: PGL | AE7: SCN | AF7: VEN | AG7: ARO | AH7: ROM | AJ7: LAT | AK7: RMH
A8: Grapheme | B8: L | C8: l | D8: l | E8: l | F8: ll (ḷḷ) | G8: l | H8: l | I8: l | J8: l (ll) | K8: ll | L8: ll | M8: ll | N8: l | O8: l | P8: l | Q8: l | R8: l | S8: l | T8: l | U8: l | V8: l | W8: l | X8: l | Y8: l | Z8: l | AA8: l | AB8: l | AC8: l | AD8: l | AE8: l | AF8: ł | AG8: l | AH8: l | AJ8: L | AK8: gl
A9: IPA | B9: ɫ̪ | C9: ɫ̪ | D9: l | E9: l | F9: ȴ[ʎ̟] (ʈ͡ʂ) | G9: l | H9: l | I9: l | J9: l (ȴ) | K9: ȴ [ʎ̟] | L9: ȴ [ʎ̟] | M9: ȴ [ʎ̟] | N9: l | O9: l | P9: l | Q9: l | R9: l | S9: l | T9: l | U9: l | V9: l | W9: l | X9: l | Y9: l | Z9: l | AA9: l | AB9: l | AC9: l | AD9: l | AE9: l | AF9: l~ɰ | AG9: l | AH9: l | AJ9: l̪ʲ | AK9: ȴ [ʎ̟]
A10: IPA key | B10: 87 | C10: 87 | D10: 85 | E10: 85 | F10: 129 | G10: 85 | H10: 85 | I10: 85 | J10: 130 | K10: 86 | L10: 86 | M10: 86 | N10: 85 | O10: 85 | P10: 85 | Q10: 85 | R10: 85 | S10: 85 | T10: 85 | U10: 85 | V10: 85 | W10: 85 | X10: 85 | Y10: 85 | Z10: 85 | AA10: 85 | AB10: 85 | AC10: 85 | AD10: 85 | AE10: 85 | AF10: 131 | AG10: 85 | AH10: 85 | AJ10: 139 | AK10: 86
A11: Consonantal +/− | B11: + | C11: + | D11: + | E11: + | F11: + | G11: + | H11: + | I11: + | J11: + | K11: + | L11: + | M11: + | N11: + | O11: + | P11: + | Q11: + | R11: + | S11: + | T11: + | U11: + | V11: + | W11: + | X11: + | Y11: + | Z11: + | AA11: + | AB11: + | AC11: + | AD11: + | AE11: + | AF11: + | AG11: + | AH11: + | AJ11: + | AK11: +
A12: Voice +/− | B12: + | C12: + | D12: + | E12: + | F12: + (−) | G12: + | H12: + | I12: + | J12: + | K12: + | L12: + | M12: + | N12: + | O12: + | P12: + | Q12: + | R12: + | S12: + | T12: + | U12: + | V12: + | W12: + | X12: + | Y12: + | Z12: + | AA12: + | AB12: + | AC12: + | AD12: + | AE12: + | AF12: + | AG12: + | AH12: + | AJ12: + | AK12: +
A13: Sibilant +/− | B13: − | C13: − | D13: − | E13: − | F13: − (+) | G13: − | H13: − | I13: − | J13: − | K13: − | L13: − | M13: − | N13: − | O13: − | P13: − | Q13: − | R13: − | S13: − | T13: − | U13: − | V13: − | W13: − | X13: − | Y13: − | Z13: − | AA13: − | AB13: − | AC13: − | AD13: − | AE13: − | AF13: − | AG13: − | AH13: − | AJ13: − | AK13: −
A14: Lateral +/− | B14: + | C14: + | D14: + | E14: + | F14: + (−) | G14: + | H14: + | I14: + | J14: + | K14: + | L14: + | M14: + | N14: + | O14: + | P14: + | Q14: + | R14: + | S14: + | T14: + | U14: + | V14: + | W14: + | X14: + | Y14: + | Z14: + | AA14: + | AB14: + | AC14: + | AD14: + | AE14: + | AF14: +/− | AG14: + | AH14: + | AJ14: + | AK14: +
A15: Place of articulation | B15: DQ | C15: DQ | D15: D | E15: D | F15: Ɉ | G15: D | H15: D | I15: D | J15: D (Ɉ) | K15: Ɉ | L15: Ɉ | M15: Ɉ | N15: D | O15: D | P15: D | Q15: D | R15: D | S15: D | T15: D | U15: D | V15: D | W15: D | X15: D | Y15: D | Z15: D | AA15: D | AB15: D | AC15: D | AD15: D | AE15: D | AF15: D~K | AG15: D | AH15: D | AJ15: Ɉ | AK15: Ɉ
A16: Place value | B16: =-7/6 -> -1.1666667 | C16: =-7/6 -> -1.1666667 | D16: 0.75 | E16: 0.75 | F16: =AVERAGE(0,0,-1.25) -> -0.41666667 | G16: 0.75 | H16: 0.75 | I16: 0.75 | J16: =AVERAGE(0.75,0.75,0.75,0) -> 0.5625 | K16: 0 | L16: 0 | M16: 0 | N16: 0.75 | O16: 0.75 | P16: 0.75 | Q16: 0.75 | R16: 0.75 | S16: 0.75 | T16: 0.75 | U16: 0.75 | V16: 0.75 | W16: 0.75 | X16: 0.75 | Y16: 0.75 | Z16: 0.75 | AA16: 0.75 | AB16: 0.75 | AC16: 0.75 | AD16: 0.75 | AE16: 0.75 | AF16: =AVERAGE(0.75,-3) -> -1.125 | AG16: 0.75 | AH16: 0.75 | AJ16: =-1/6 -> -0.16666667 | AK16: 0
A17: Manner of articulation | B17: LW | C17: LW | D17: LW | E17: LW | F17: LW (P͡F) | G17: LW | H17: LW | I17: LW | J17: LW | K17: LW | L17: LW | M17: LW | N17: LW | O17: LW | P17: LW | Q17: LW | R17: LW | S17: LW | T17: LW | U17: LW | V17: LW | W17: LW | X17: LW | Y17: LW | Z17: LW | AA17: LW | AB17: LW | AC17: LW | AD17: LW | AE17: LW | AF17: LW~W | AG17: LW | AH17: LW | AJ17: LW | AK17: LW
A18: Sonority value | B18: 0.75 | C18: 0.75 | D18: 0.75 | E18: 0.75 | F18: =AVERAGE(0.75,0.75,3) -> 1.5 | G18: 0.75 | H18: 0.75 | I18: 0.75 | J18: 0.75 | K18: 0.75 | L18: 0.75 | M18: 0.75 | N18: 0.75 | O18: 0.75 | P18: 0.75 | Q18: 0.75 | R18: 0.75 | S18: 0.75 | T18: 0.75 | U18: 0.75 | V18: 0.75 | W18: 0.75 | X18: 0.75 | Y18: 0.75 | Z18: 0.75 | AA18: 0.75 | AB18: 0.75 | AC18: 0.75 | AD18: 0.75 | AE18: 0.75 | AF18: =AVERAGE(0.75,1/3) -> 0.54166667 | AG18: 0.75 | AH18: 0.75 | AJ18: 0.75 | AK18: 0.75
B19: 026a | V19: 026a,b | AJ19: 026b,c | AK19: 026c
A20: Overview of common sound changes
A21: 026a: l / ? / #_e | B21: typically /l/
B22: /ȴ/ [ʎ̟] in CVB
A23: 026b: l / ? / #_ĭ | B23: typically /l/
B24: /ȴ/ [ʎ̟] in CVB
A25: 026c: l / ? / #_ī | B25: typically /l/
B26: /ȴ/ [ʎ̟] in CVB, RMH

Sheet 027 L-
A1: A - Consonantism | D1: 1. Initial Position | I1: 1.1 Simple consonants
A3: Number | B3: 27 | F3: Latin Reference Words
A4: Treatment | B4: L- | F4: LĀNA, LŪNA, LŎNGU
A5: Environment | B5: #_{a,O}
A7: Languages | B7: LAT | C7: EU POR | D7: BR POR | E7: GAL | F7: ASL | G7: CAS ESP | H7: AND ESP | I7: AMR ESP | J7: ARG | K7: CAT | L7: VAL | M7: BAL | N7: OCC | O7: GAS OCC | P7: EU FRA | Q7: QBC FRA | R7: WAL | S7: ARP | T7: LIG | U7: LMO | V7: RMH | W7: FUR | X7: LOG SRD | Y7: CPN SRD | Z7: COR | AA7: ITA | AB7: ABR | AC7: CAM | AD7: PGL | AE7: SCN | AF7: VEN | AG7: ARO | AH7: ROM | AJ7: RMH
A8: Grapheme | B8: L | C8: l | D8: l | E8: l | F8: ll (ḷḷ) | G8: l | H8: l | I8: l | J8: l (ll) | K8: ll | L8: ll | M8: ll | N8: l | O8: l | P8: l | Q8: l | R8: l | S8: l | T8: l | U8: l | V8: l | W8: l | X8: l | Y8: l | Z8: l | AA8: l | AB8: l | AC8: l | AD8: l | AE8: l | AF8: ł | AG8: l | AH8: l | AJ8: gl
A9: IPA | B9: ɫ̪ | C9: ɫ̪ | D9: l | E9: l | F9: ȴ[ʎ̟] (ʈ͡ʂ) | G9: l | H9: l | I9: l | J9: l (ȴ) | K9: ȴ [ʎ̟] | L9: ȴ [ʎ̟] | M9: ȴ [ʎ̟] | N9: l | O9: l | P9: l | Q9: l | R9: l | S9: l | T9: l | U9: l | V9: l | W9: l | X9: l | Y9: l | Z9: l | AA9: l | AB9: l | AC9: l | AD9: l | AE9: l | AF9: l~ɰ | AG9: l | AH9: l | AJ9: ȴ [ʎ̟]
A10: IPA key | B10: 87 | C10: 87 | D10: 85 | E10: 85 | F10: 129 | G10: 85 | H10: 85 | I10: 85 | J10: 130 | K10: 86 | L10: 86 | M10: 86 | N10: 85 | O10: 85 | P10: 85 | Q10: 85 | R10: 85 | S10: 85 | T10: 85 | U10: 85 | V10: 85 | W10: 85 | X10: 85 | Y10: 85 | Z10: 85 | AA10: 85 | AB10: 85 | AC10: 85 | AD10: 85 | AE10: 85 | AF10: 131 | AG10: 85 | AH10: 85 | AJ10: 86
A11: Consonantal +/− | B11: + | C11: + | D11: + | E11: + | F11: + | G11: + | H11: + | I11: + | J11: + | K11: + | L11: + | M11: + | N11: + | O11: + | P11: + | Q11: + | R11: + | S11: + | T11: + | U11: + | V11: + | W11: + | X11: + | Y11: + | Z11: + | AA11: + | AB11: + | AC11: + | AD11: + | AE11: + | AF11: + | AG11: + | AH11: + | AJ11: +
A12: Voice +/− | B12: + | C12: + | D12: + | E12: + | F12: + (−) | G12: + | H12: + | I12: + | J12: + | K12: + | L12: + | M12: + | N12: + | O12: + | P12: + | Q12: + | R12: + | S12: + | T12: + | U12: + | V12: + | W12: + | X12: + | Y12: + | Z12: + | AA12: + | AB12: + | AC12: + | AD12: + | AE12: + | AF12: + | AG12: + | AH12: + | AJ12: +
A13: Sibilant +/− | B13: − | C13: − | D13: − | E13: − | F13: − (+) | G13: − | H13: − | I13: − | J13: − | K13: − | L13: − | M13: − | N13: − | O13: − | P13: − | Q13: − | R13: − | S13: − | T13: − | U13: − | V13: − | W13: − | X13: − | Y13: − | Z13: − | AA13: − | AB13: − | AC13: − | AD13: − | AE13: − | AF13: − | AG13: − | AH13: − | AJ13: −
A14: Lateral +/− | B14: + | C14: + | D14: + | E14: + | F14: + (−) | G14: + | H14: + | I14: + | J14: + | K14: + | L14: + | M14: + | N14: + | O14: + | P14: + | Q14: + | R14: + | S14: + | T14: + | U14: + | V14: + | W14: + | X14: + | Y14: + | Z14: + | AA14: + | AB14: + | AC14: + | AD14: + | AE14: + | AF14: +/− | AG14: + | AH14: + | AJ14: +
A15: Place of articulation | B15: DQ | C15: DQ | D15: D | E15: D | F15: Ɉ | G15: D | H15: D | I15: D | J15: D (Ɉ) | K15: Ɉ | L15: Ɉ | M15: Ɉ | N15: D | O15: D | P15: D | Q15: D | R15: D | S15: D | T15: D | U15: D | V15: D | W15: D | X15: D | Y15: D | Z15: D | AA15: D | AB15: D | AC15: D | AD15: D | AE15: D | AF15: D~K | AG15: D | AH15: D | AJ15: Ɉ
A16: Place value | B16: =-7/6 -> -1.1666667 | C16: =-7/6 -> -1.1666667 | D16: 0.75 | E16: 0.75 | F16: =AVERAGE(0,0,-1.25) -> -0.41666667 | G16: 0.75 | H16: 0.75 | I16: 0.75 | J16: =AVERAGE(0.75,0.75,0.75,0) -> 0.5625 | K16: 0 | L16: 0 | M16: 0 | N16: 0.75 | O16: 0.75 | P16: 0.75 | Q16: 0.75 | R16: 0.75 | S16: 0.75 | T16: 0.75 | U16: 0.75 | V16: 0.75 | W16: 0.75 | X16: 0.75 | Y16: 0.75 | Z16: 0.75 | AA16: 0.75 | AB16: 0.75 | AC16: 0.75 | AD16: 0.75 | AE16: 0.75 | AF16: =AVERAGE(0.75,-3) -> -1.125 | AG16: 0.75 | AH16: 0.75 | AJ16: 0
A17: Manner of articulation | B17: LW | C17: LW | D17: LW | E17: LW | F17: LW (P͡F) | G17: LW | H17: LW | I17: LW | J17: LW | K17: LW | L17: LW | M17: LW | N17: LW | O17: LW | P17: LW | Q17: LW | R17: LW | S17: LW | T17: LW | U17: LW | V17: LW | W17: LW | X17: LW | Y17: LW | Z17: LW | AA17: LW | AB17: LW | AC17: LW | AD17: LW | AE17: LW | AF17: LW~W | AG17: LW | AH17: LW | AJ17: LW
A18: Sonority value | B18: 0.75 | C18: 0.75 | D18: 0.75 | E18: 0.75 | F18: =AVERAGE(0.75,0.75,3) -> 1.5 | G18: 0.75 | H18: 0.75 | I18: 0.75 | J18: 0.75 | K18: 0.75 | L18: 0.75 | M18: 0.75 | N18: 0.75 | O18: 0.75 | P18: 0.75 | Q18: 0.75 | R18: 0.75 | S18: 0.75 | T18: 0.75 | U18: 0.75 | V18: 0.75 | W18: 0.75 | X18: 0.75 | Y18: 0.75 | Z18: 0.75 | AA18: 0.75 | AB18: 0.75 | AC18: 0.75 | AD18: 0.75 | AE18: 0.75 | AF18: =AVERAGE(0.75,1/3) -> 0.54166667 | AG18: 0.75 | AH18: 0.75 | AJ18: 0.75
V19: 027a | AJ19: 027b
A20: Overview of common sound changes
A21: 027a: l / ? / #_{a,o,ŭ} | B21: typically /l/
B22: /ȴ/ [ʎ̟] in CVB
A23: 027b: l / ? / #_ū | B23: typically /l/
B24: /ȴ/ [ʎ̟] in CVB, RMH

Sheet 028 J-
A1: A - Consonantism | D1: 1. Initial Position | I1: 1.1 Simple consonants
A3: Number | B3: 28 | F3: Latin Reference Words
A4: Treatment | B4: J- | F4: JŎCU, JŎCĀRE, JŬNCU, JŬGU, JŌANNE
A5: Environment | B5: #_O
A7: Languages | B7: LAT | C7: EU POR | D7: BR POR | E7: GAL | F7: ASL | G7: CAS ESP | H7: AND ESP | I7: AMR ESP | J7: ARG | K7: CAT | L7: VAL | M7: BAL | N7: OCC | O7: GAS OCC | P7: EU FRA | Q7: QBC FRA | R7: WAL | S7: ARP | T7: LIG | U7: LMO | V7: RMH | W7: FUR | X7: LOG SRD | Y7: CPN SRD | Z7: COR | AA7: ITA | AB7: ABR | AC7: CAM | AD7: PGL | AE7: SCN | AF7: VEN | AG7: ARO | AH7: ROM
A8: Grapheme | B8: I | C8: j | D8: j | E8: x | F8: x | G8: j | H8: j | I8: j | J8: ch | K8: j | L8: j | M8: j | N8: g | O8: g | P8: j | Q8: j | R8: dj | S8: j/g | T8: z | U8: sg | V8: gi | W8: z | X8: j | Y8: gi | AA8: gi | AE8: j | AH8: j
A9: IPA | B9: j | C9: ʒ | D9: ʒ | E9: ʃ | F9: ʃ | G9: x | H9: h | I9: h | J9: t̠͡ʃ | K9: ʒ | L9: d̠͡ʒ | M9: ʒ | N9: d̠͡ʒ | O9: ʒ | P9: ʒ | Q9: ʒ | R9: d̠͡ʒ | S9: d͡z~ð | T9: z (d͡z) | U9: d̠͡ʒ~z | X9: j | Y9: d̠͡ʒ | AA9: d̠͡ʒ | AE9: j | AH9: ʒ
A10: IPA key | B10: 98 | C10: 57 | D10: 57 | E10: 56 | F10: 56 | G10: 63 | H10: 68 | I10: 68 | J10: 34 | K10: 57 | L10: 35 | M10: 57 | N10: 35 | O10: 57 | P10: 57 | Q10: 57 | R10: 35 | S10: 107 | T10: 111 | U10: 108 | X10: 98 | Y10: 35 | AA10: 35 | AE10: 98 | AH10: 57
A11: Consonantal +/− | B11: + | C11: + | D11: + | E11: + | F11: + | G11: + | H11: + | I11: + | J11: + | K11: + | L11: + | M11: + | N11: + | O11: + | P11: + | Q11: + | R11: + | S11: + | T11: + | U11: + | X11: + | Y11: + | AA11: + | AE11: + | AH11: +
A12: Voice +/− | B12: + | C12: + | D12: + | E12: − | F12: − | G12: − | H12: + | I12: + | J12: − | K12: + | L12: + | M12: + | N12: + | O12: + | P12: + | Q12: + | R12: + | S12: + | T12: + | U12: + | X12: + | Y12: + | AA12: + | AE12: + | AH12: +
A13: Sibilant +/− | B13: − | C13: + | D13: + | E13: + | F13: + | G13: − | H13: − | I13: − | J13: + | K13: + | L13: + | M13: + | N13: + | O13: + | P13: + | Q13: + | R13: + | S13: +/− | T13: + | U13: + | X13: − | Y13: + | AA13: + | AE13: − | AH13: +
A14: Lateral +/− | B14: − | C14: − | D14: − | E14: − | F14: − | G14: − | H14: − | I14: − | J14: − | K14: − | L14: − | M14: − | N14: − | O14: − | P14: − | Q14: − | R14: − | S14: − | T14: − | U14: − | X14: − | Y14: − | AA14: − | AE14: − | AH14: −
A15: Place of articulation | B15: Ɉ | C15: Ɉ | D15: Ɉ | E15: Ɉ | F15: Ɉ | G15: K | H15: H | I15: H | J15: Ɉ | K15: Ɉ | L15: Ɉ | M15: Ɉ | N15: Ɉ | O15: Ɉ | P15: Ɉ | Q15: Ɉ | R15: Ɉ | S15: D | T15: D | U15: Ɉ~D | X15: Ɉ | Y15: Ɉ | AA15: Ɉ | AE15: Ɉ | AH15: Ɉ
A16: Place value | B16: -2 | C16: -0.5 | D16: -0.5 | E16: -0.5 | F16: -0.5 | G16: -3 | H16: -6 | I16: -6 | J16: -0.5 | K16: -0.5 | L16: -0.5 | M16: -0.5 | N16: -0.5 | O16: -0.5 | P16: -0.5 | Q16: -0.5 | R16: -0.5 | S16: =AVERAGE(1,2) -> 1.5 | T16: 1 | U16: =AVERAGE(-0.5,1) -> 0.25 | X16: -2 | Y16: -0.5 | AA16: -0.5 | AE16: -2 | AH16: -0.5
A17: Manner of articulation | B17: W | C17: F | D17: F | E17: F | F17: F | G17: F | H17: F | I17: F | J17: P͡F | K17: F | L17: P͡F | M17: F | N17: P͡F | O17: F | P17: F | Q17: F | R17: P͡F | S17: P͡F~F | T17: F (P͡F) | U17: P͡F~F | X17: W | Y17: P͡F | AA17: P͡F | AE17: W | AH17: F
A18: Sonority value | B18: 0.5 | C18: 2 | D18: 2 | E18: 2 | F18: 2 | G18: 2 | H18: 2 | I18: 2 | J18: 3 | K18: 2 | L18: 3 | M18: 2 | N18: 3 | O18: 2 | P18: 2 | Q18: 2 | R18: 3 | S18: =AVERAGE(3,2) -> 2.5 | T18: =AVERAGE(2,2,3) -> 2.3333333 | U18: =AVERAGE(3,2) -> 2.5 | X18: 0.5 | Y18: 3 | AA18: 3 | AE18: 0.5 | AH18: 2
A20: Overview of common sound changes
A21: j / ? / #_O | B21: typically palatalized to /(d̠͡)ʒ/
B22: /x~h/ in ESP

Sheet 029 J-
A1: A - Consonantism | D1: 1. Initial Position | I1: 1.1 Simple consonants
A3: Number | B3: 29 | F3: Latin Reference Words
A4: Treatment | B4: J- | F4: JĂNUĀRIU/JĔNUĀRIU, JĒJŪNĀRE, JĬNĬPĔRU, JĔCTĀRE
A5: Environment | B5: #_{a,E}ˈ
A7: Languages | B7: LAT | C7: EU POR | D7: BR POR | E7: GAL | F7: ASL | G7: CAS ESP | H7: AND ESP | I7: AMR ESP | J7: ARG | K7: CAT | L7: VAL | M7: BAL | N7: OCC | O7: GAS OCC | P7: EU FRA | Q7: QBC FRA | R7: WAL | S7: ARP | T7: LIG | U7: LMO | V7: RMH | W7: FUR | X7: LOG SRD | Y7: CPN SRD | Z7: COR | AA7: ITA | AB7: ABR | AC7: CAM | AD7: PGL | AE7: SCN | AF7: VEN | AG7: ARO | AH7: ROM
A8: Grapheme | B8: I | C8: j | D8: j | E8: x | F8: x | G8: ∅ | H8: ∅ | I8: ∅ | J8: ch | K8: j | L8: j | M8: j | N8: g | O8: g | P8: j/g | Q8: j/g | R8: dj | S8: j/g | T8: z | U8: sg | V8: g? | W8: z | X8: j? gh? | Y8: gi | AA8: gi | AE8: j | AH8: j
A9: IPA | B9: j | C9: ʒ | D9: ʒ | E9: ʃ | F9: ʃ | G9: ∅ | H9: ∅ | I9: ∅ | J9: t̠͡ʃ | K9: ʒ | L9: d̠͡ʒ | M9: ʒ | N9: d̠͡ʒ | O9: ʒ | P9: ʒ | Q9: ʒ | R9: d̠͡ʒ | S9: d͡z~ð | T9: z (d͡z) | U9: d̠͡ʒ~z | AA9: d̠͡ʒ | AE9: j | AH9: ʒ
A10: IPA key | B10: 98 | C10: 57 | D10: 57 | E10: 56 | F10: 56 | G10: ∅ | H10: ∅ | I10: ∅ | J10: 34 | K10: 57 | L10: 35 | M10: 57 | N10: 35 | O10: 57 | P10: 57 | Q10: 57 | R10: 35 | S10: 107 | T10: 111 | U10: 108 | AA10: 35 | AE10: 98 | AH10: 57
A11: Consonantal +/− | B11: + | C11: + | D11: + | E11: + | F11: + | G11: − | H11: − | I11: − | J11: + | K11: + | L11: + | M11: + | N11: + | O11: + | P11: + | Q11: + | R11: + | S11: + | T11: + | U11: + | AA11: + | AE11: + | AH11: +
A12: Voice +/− | B12: + | C12: + | D12: + | E12: − | F12: − | G12: + | H12: + | I12: + | J12: − | K12: + | L12: + | M12: + | N12: + | O12: + | P12: + | Q12: + | R12: + | S12: + | T12: + | U12: + | AA12: + | AE12: + | AH12: +
A13: Sibilant +/− | B13: − | C13: + | D13: + | E13: + | F13: + | G13: − | H13: − | I13: − | J13: + | K13: + | L13: + | M13: + | N13: + | O13: + | P13: + | Q13: + | R13: + | S13: +/− | T13: + | U13: + | AA13: + | AE13: − | AH13: +
A14: Lateral +/− | B14: − | C14: − | D14: − | E14: − | F14: − | G14: − | H14: − | I14: − | J14: − | K14: − | L14: − | M14: − | N14: − | O14: − | P14: − | Q14: − | R14: − | S14: − | T14: − | U14: − | AA14: − | AE14: − | AH14: −
A15: Place of articulation | B15: Ɉ | C15: Ɉ | D15: Ɉ | E15: Ɉ | F15: Ɉ | G15: Ɉ | H15: Ɉ | I15: Ɉ | J15: Ɉ | K15: Ɉ | L15: Ɉ | M15: Ɉ | N15: Ɉ | O15: Ɉ | P15: Ɉ | Q15: Ɉ | R15: Ɉ | S15: D | T15: D | U15: Ɉ~D | AA15: Ɉ | AE15: Ɉ | AH15: Ɉ
A16: Place value | B16: -2 | C16: -0.5 | D16: -0.5 | E16: -0.5 | F16: -0.5 | G16: -2 | H16: -2 | I16: -2 | J16: -0.5 | K16: -0.5 | L16: -0.5 | M16: -0.5 | N16: -0.5 | O16: -0.5 | P16: -0.5 | Q16: -0.5 | R16: -0.5 | S16: =AVERAGE(1,2) -> 1.5 | T16: 1 | U16: =AVERAGE(-0.5,1) -> 0.25 | AA16: -0.5 | AE16: -2 | AH16: -0.5
A17: Manner of articulation | B17: W | C17: F | D17: F | E17: F | F17: F | G17: ∅ | H17: ∅ | I17: ∅ | J17: P͡F | K17: F | L17: P͡F | M17: F | N17: P͡F | O17: F | P17: F | Q17: F | R17: P͡F | S17: P͡F~F | T17: F (P͡F) | U17: P͡F~F | AA17: P͡F | AE17: W | AH17: F
A18: Sonority value | B18: 0.5 | C18: 2 | D18: 2 | E18: 2 | F18: 2 | G18: 0 | H18: 0 | I18: 0 | J18: 3 | K18: 2 | L18: 3 | M18: 2 | N18: 3 | O18: 2 | P18: 2 | Q18: 2 | R18: 3 | S18: =AVERAGE(3,2) -> 2.5 | T18: =AVERAGE(2,2,3) -> 2.3333333 | U18: =AVERAGE(3,2) -> 2.5 | AA18: 3 | AE18: 0.5 | AH18: 2
A20: Overview of common sound changes
A21: j / ? / #_{a,E}ˈ | B21: typically palatalized to /(d̠͡)ʒ/
B22: ∅ in ESP

Sheet 030 J-
A1: A - Consonantism | D1: 1. Initial Position | I1: 1.1 Simple consonants
A3: Number | B3: 30 | F3: Latin Reference Words
A4: Treatment | B4: J- | F4: JĂCĔŌ, JĂM, JĂMBU, *JĂNTĀRE
A5: Environment | B5: ˈ#_{a,E}
A7: Languages | B7: LAT | C7: EU POR | D7: BR POR | E7: GAL | F7: ASL | G7: CAS ESP | H7: AND ESP | I7: AMR ESP | J7: ARG | K7: CAT | L7: VAL | M7: BAL | N7: OCC | O7: GAS OCC | P7: EU FRA | Q7: QBC FRA | R7: WAL | S7: ARP | T7: LIG | U7: LMO | V7: RMH | W7: FUR | X7: LOG SRD | Y7: CPN SRD | Z7: COR | AA7: ITA | AB7: ABR | AC7: CAM | AD7: PGL | AE7: SCN | AF7: VEN | AG7: ARO | AH7: ROM
A8: Grapheme | B8: I | C8: j | D8: j | E8: x | F8: x | G8: y | H8: y | I8: y | J8: ch | K8: j | L8: j | M8: j | N8: g | O8: g | P8: j/g | Q8: j/g | R8: dj | S8: j/g | T8: z | U8: sg | Y8: gi | AA8: gi | AE8: j | AG8: dz | AH8: j
A9: IPA | B9: j | C9: ʒ | D9: ʒ | E9: ʃ | F9: ʃ | G9: ɟ͡ʝ | H9: ɟ͡ʝ | I9: ɟ͡ʝ | J9: t̠͡ʃ | K9: ʒ | L9: d̠͡ʒ | M9: ʒ | N9: d̠͡ʒ | O9: ʒ | P9: ʒ | Q9: ʒ | R9: d̠͡ʒ | S9: d͡z~ð | T9: z (d͡z) | U9: d̠͡ʒ~z | Y9: d̠͡ʒ | AA9: d̠͡ʒ | AE9: j | AH9: ʒ
A10: IPA key | B10: 98 | C10: 57 | D10: 57 | E10: 56 | F10: 56 | G10: 39 | H10: 39 | I10: 39 | J10: 34 | K10: 57 | L10: 35 | M10: 57 | N10: 35 | O10: 57 | P10: 57 | Q10: 57 | R10: 35 | S10: 107 | T10: 111 | U10: 108 | Y10: 35 | AA10: 35 | AE10: 98 | AH10: 57
A11: Consonantal +/− | B11: + | C11: + | D11: + | E11: + | F11: + | G11: + | H11: + | I11: + | J11: + | K11: + | L11: + | M11: + | N11: + | O11: + | P11: + | Q11: + | R11: + | S11: + | T11: + | U11: + | Y11: + | AA11: + | AE11: + | AH11: +
A12: Voice +/− | B12: + | C12: + | D12: + | E12: − | F12: − | G12: + | H12: + | I12: + | J12: − | K12: + | L12: + | M12: + | N12: + | O12: + | P12: + | Q12: + | R12: + | S12: + | T12: + | U12: + | Y12: + | AA12: + | AE12: + | AH12: +
A13: Sibilant +/− | B13: − | C13: + | D13: + | E13: + | F13: + | G13: − | H13: − | I13: − | J13: + | K13: + | L13: + | M13: + | N13: + | O13: + | P13: + | Q13: + | R13: + | S13: +/− | T13: + | U13: + | Y13: + | AA13: + | AE13: − | AH13: +
A14: Lateral +/− | B14: − | C14: − | D14: − | E14: − | F14: − | G14: − | H14: − | I14: − | J14: − | K14: − | L14: − | M14: − | N14: − | O14: − | P14: − | Q14: − | R14: − | S14: − | T14: − | U14: − | Y14: − | AA14: − | AE14: − | AH14: −
A15: Place of articulation | B15: Ɉ | C15: Ɉ | D15: Ɉ | E15: Ɉ | F15: Ɉ | G15: Ɉ | H15: Ɉ | I15: Ɉ | J15: Ɉ | K15: Ɉ | L15: Ɉ | M15: Ɉ | N15: Ɉ | O15: Ɉ | P15: Ɉ | Q15: Ɉ | R15: Ɉ | S15: D | T15: D | U15: Ɉ~D | Y15: Ɉ | AA15: Ɉ | AE15: Ɉ | AH15: Ɉ
A16: Place value | B16: -2 | C16: -0.5 | D16: -0.5 | E16: -0.5 | F16: -0.5 | G16: -2 | H16: -2 | I16: -2 | J16: -0.5 | K16: -0.5 | L16: -0.5 | M16: -0.5 | N16: -0.5 | O16: -0.5 | P16: -0.5 | Q16: -0.5 | R16: -0.5 | S16: =AVERAGE(1,2) -> 1.5 | T16: 1 | U16: =AVERAGE(-0.5,1) -> 0.25 | Y16: -0.5 | AA16: -0.5 | AE16: -2 | AH16: -0.5
A17: Manner of articulation | B17: W | C17: F | D17: F | E17: F | F17: F | G17: P͡F | H17: P͡F | I17: P͡F | J17: P͡F | K17: F | L17: P͡F | M17: F | N17: P͡F | O17: F | P17: F | Q17: F | R17: P͡F | S17: P͡F~F | T17: F (P͡F) | U17: P͡F~F | Y17: P͡F | AA17: P͡F | AE17: W | AH17: F
A18: Sonority value | B18: 0.5 | C18: 2 | D18: 2 | E18: 2 | F18: 2 | G18: 3 | H18: 3 | I18: 3 | J18: 3 | K18: 2 | L18: 3 | M18: 2 | N18: 3 | O18: 2 | P18: 2 | Q18: 2 | R18: 3 | S18: =AVERAGE(3,2) -> 2.5 | T18: =AVERAGE(2,2,3) -> 2.3333333 | U18: =AVERAGE(3,2) -> 2.5 | Y18: 3 | AA18: 3 | AE18: 0.5 | AH18: 2
A20: Overview of common sound changes
A21: j / ? / ˈ#_{a,E} | B21: typically palatalized to /(d̠͡)ʒ/
B22: /ɟ͡ʝ/ in ESP

Sheet 031a W-
A1: A - Consonantism | D1: 1. Initial Position | I1: 1.1 Simple consonants
A3: Number | B3: 31a | F3: Latin Reference Words
A4: Treatment | B4: W- | F4: 031a) WĔRRA, WILIĔLMU, WĪTAN
A5: Environment | B5: #_E
A7: Languages | B7: LAT | C7: EU POR | D7: BR POR | E7: GAL | F7: ASL | G7: CAS ESP | H7: AND ESP | I7: AMR ESP | J7: ARG | K7: CAT | L7: VAL | M7: BAL | N7: OCC | O7: GAS OCC | P7: EU FRA | Q7: QBC FRA | R7: WAL | S7: ARP | T7: LIG | U7: LMO | V7: RMH | W7: FUR | X7: LOG SRD | Y7: CPN SRD | Z7: COR | AA7: ITA | AB7: ABR | AC7: CAM | AD7: PGL | AE7: SCN | AF7: VEN | AG7: ARO | AH7: ROM
A8: Grapheme | C8: gu | D8: gu | E8: gu | F8: gu | G8: gu | H8: gu | I8: gu | J8: gu | K8: gu | L8: gu | M8: gu | N8: gu | O8: gu | P8: gu | Q8: gu | S8: gu | T8: g | U8: g | V8: g | W8: v | X8: g | Y8: g | Z8: gu | AA8: g | AC8: g/∅ | AF8: g/∅
A9: IPA | C9: ɡ | D9: ɡ | E9: ɡ | F9: ɡ | G9: ɡ | H9: ɡ | I9: ɡ | J9: ɡ | K9: ɡ | L9: ɡ | M9: ɡ | N9: ɡ | O9: ɡ | P9: ɡ | Q9: ɡ | S9: ɡ | T9: ɡ | U9: ɡ | V9: ɡ | W9: v~∅ | X9: ɡ | Y9: ɡ | Z9: gʷ | AA9: ɡ | AC9: ɡ~∅ | AF9: ɡ~∅
A10: IPA key | C10: 20 | D10: 20 | E10: 20 | F10: 20 | G10: 20 | H10: 20 | I10: 20 | J10: 20 | K10: 20 | L10: 20 | M10: 20 | N10: 20 | O10: 20 | P10: 20 | Q10: 20 | S10: 20 | T10: 20 | U10: 20 | V10: 20 | W10: 138 | X10: 20 | Y10: 20 | Z10: 16 | AA10: 20 | AC10: 136 | AF10: 136
A11: Consonantal +/− | C11: + | D11: + | E11: + | F11: + | G11: + | H11: + | I11: + | J11: + | K11: + | L11: + | M11: + | N11: + | O11: + | P11: + | Q11: + | S11: + | T11: + | U11: + | V11: + | W11: +/− | X11: + | Y11: + | Z11: + | AA11: + | AC11: +/− | AF11: +/−
A12: Voice +/− | C12: + | D12: + | E12: + | F12: + | G12: + | H12: + | I12: + | J12: + | K12: + | L12: + | M12: + | N12: + | O12: + | P12: + | Q12: + | S12: + | T12: + | U12: + | V12: + | W12: +/− | X12: + | Y12: + | Z12: + | AA12: + | AC12: +/− | AF12: +/−
A13: Sibilant +/− | C13: − | D13: − | E13: − | F13: − | G13: − | H13: − | I13: − | J13: − | K13: − | L13: − | M13: − | N13: − | O13: − | P13: − | Q13: − | S13: − | T13: − | U13: − | V13: − | W13: − | X13: − | Y13: − | Z13: − | AA13: − | AC13: − | AF13: −
A14: Lateral +/− | C14: − | D14: − | E14: − | F14: − | G14: − | H14: − | I14: − | J14: − | K14: − | L14: − | M14: − | N14: − | O14: − | P14: − | Q14: − | S14: − | T14: − | U14: − | V14: − | W14: − | X14: − | Y14: − | Z14: − | AA14: − | AC14: − | AF14: −
A15: Place of articulation | C15: K | D15: K | E15: K | F15: K | G15: K | H15: K | I15: K | J15: K | K15: K | L15: K | M15: K | N15: K | O15: K | P15: K | Q15: K | S15: K | T15: K | U15: K | V15: K | W15: B | X15: K | Y15: K | Z15: BK | AA15: K | AC15: K | AF15: K
A16: Place value | C16: -3 | D16: -3 | E16: -3 | F16: -3 | G16: -3 | H16: -3 | I16: -3 | J16: -3 | K16: -3 | L16: -3 | M16: -3 | N16: -3 | O16: -3 | P16: -3 | Q16: -3 | S16: -3 | T16: -3 | U16: -3 | V16: -3 | W16: 2.5 | X16: -3 | Y16: -3 | Z16: -1.5 | AA16: -3 | AC16: -3 | AF16: -3
A17: Manner of articulation | C17: P | D17: P | E17: P | F17: P | G17: P | H17: P | I17: P | J17: P | K17: P | L17: P | M17: P | N17: P | O17: P | P17: P | Q17: P | S17: P | T17: P | U17: P | V17: P | W17: F~∅ | X17: P | Y17: P | Z17: P | AA17: P | AC17: P~∅ | AF17: P~∅
A18: Sonority value | C18: 4 | D18: 4 | E18: 4 | F18: 4 | G18: 4 | H18: 4 | I18: 4 | J18: 4 | K18: 4 | L18: 4 | M18: 4 | N18: 4 | O18: 4 | P18: 4 | Q18: 4 | S18: 4 | T18: 4 | U18: 4 | V18: 4 | W18: =AVERAGE(2,0) -> 1 | X18: 4 | Y18: 4 | Z18: 4 | AA18: 4 | AC18: =AVERAGE(4,0) -> 2 | AF18: =AVERAGE(4,0) -> 2
A20: Grapheme | B20: UU | R20: w | T20: o | U20: u | V20: u/∅ | W20: u | X20: u/∅ | Y20: u | AA20: u | AC20: u/v | AF20: u/v
A21: IPA | B21: w | R21: w | T21: w | U21: w | V21: w~∅ | W21: w | X21: w~∅ | Y21: w | AA21: w | AC21: w~v | AF21: w~v
A22: IPA key | B22: 97 | R22: 97 | T22: 97 | U22: 97 | V22: 134 | W22: 97 | X22: 134 | Y22: 97 | AA22: 97 | AC22: 137 | AF22: 137
A23: Consonantal +/− | B23: + | R23: + | T23: + | U23: + | V23: +/− | W23: + | X23: +/− | Y23: + | AA23: + | AC23: + | AF23: +
A24: Voice +/− | B24: + | R24: + | T24: + | U24: + | V24: +/− | W24: + | X24: +/− | Y24: + | AA24: + | AC24: + | AF24: +
A25: Sibilant +/− | B25: − | R25: − | T25: − | U25: − | V25: − | W25: − | X25: − | Y25: − | AA25: − | AC25: − | AF25: −
A26: Lateral +/− | B26: − | R26: − | T26: − | U26: − | V26: − | W26: − | X26: − | Y26: − | AA26: − | AC26: − | AF26: −
A27: Place of articulation | B27: BK | R27: BK | T27: BK | U27: BK | V27: BK | W27: BK | X27: BK | Y27: BK | AA27: BK | AC27: BK~B | AF27: BK~B
A28: Place value | B28: 0 | R28: 0 | T28: 0 | U28: 0 | V28: 0 | W28: 0 | X28: 0 | Y28: 0 | AA28: 0 | AC28: =AVERAGE(0,2.5) -> 1.25 | AF28: =AVERAGE(0,2.5) -> 1.25
A29: Manner of articulation | B29: W | R29: W | T29: W | U29: W | V29: W~∅ | W29: W | X29: W~∅ | Y29: W | AA29: W | AC29: W~F | AF29: W~F
A30: Sonority value | B30: 0.5 | R30: 0.5 | T30: 0.5 | U30: 0.5 | V30: =AVERAGE(1/3,0) -> 0.16666667 | W30: 0.5 | X30: =AVERAGE(1/3,0) -> 0.16666667 | Y30: 0.5 | AA30: 0.5 | AC30: =AVERAGE(0.5,2.5) -> 1.5 | AF30: =AVERAGE(0.5,2.5) -> 1.5
A32: Overview of common sound changes
A33: 031a: w / ? / #_E | B33: typically /ɡ/
B34: /ɡw/ in ITA
A35: https://en.wiktionary.org/w/index.php?title=Category:Latin_terms_spelled_with_W&from=W

Sheet 031b W-
A1: A - Consonantism | D1: 1. Initial Position | I1: 1.1 Simple consonants
A3: Number | B3: 31b | F3: Latin Reference Words
A4: Treatment | B4: W- | F4: 031b) WARDŌN, WADANIĀRE, WARĪRE, WARNĪRE, WANTU, WADIU, WAI, (WAPSA)
A5: Environment | B5: #_a
A7: Languages | B7: LAT | C7: EU POR | D7: BR POR | E7: GAL | F7: ASL | G7: CAS ESP | H7: AND ESP | I7: AMR ESP | J7: ARG | K7: CAT | L7: VAL | M7: BAL | N7: OCC | O7: GAS OCC | P7: EU FRA | Q7: QBC FRA | R7: WAL | S7: ARP | T7: LIG | U7: LMO | V7: RMH | W7: FUR | X7: LOG SRD | Y7: CPN SRD | Z7: COR | AA7: ITA | AB7: ABR | AC7: CAM | AD7: PGL | AE7: SCN | AF7: VEN | AG7: ARO | AH7: ROM
A8: Grapheme | C8: g | D8: g | E8: g | F8: g | G8: g | H8: g | I8: g | K8: g | L8: g | M8: g | N8: g | O8: g | P8: g | Q8: g | T8: g | U8: g | V8: g | W8: v | X8: g | Y8: g | Z8: gu | AA8: g | AC8: g/∅ | AF8: g/∅
A9: IPA | C9: ɡ | D9: ɡ | E9: ɡ | F9: ɡ | G9: ɡ | H9: ɡ | I9: ɡ | K9: ɡ | L9: ɡ | M9: ɡ | N9: ɡ | O9: ɡ~∅ | P9: ɡ | Q9: ɡ | T9: ɡ | U9: ɡ | V9: ɡ | W9: v~∅ | X9: ɡ | Y9: ɡ | Z9: gʷ | AA9: ɡ | AC9: ɡ~∅ | AF9: ɡ~∅
A10: IPA key | C10: 20 | D10: 20 | E10: 20 | F10: 20 | G10: 20 | H10: 20 | I10: 20 | K10: 20 | L10: 20 | M10: 20 | N10: 20 | O10: 136 | P10: 20 | Q10: 20 | T10: 20 | U10: 20 | V10: 20 | W10: 138 | X10: 20 | Y10: 20 | Z10: 16 | AA10: 20 | AC10: 136 | AF10: 136
A11: Consonantal +/− | C11: + | D11: + | E11: + | F11: + | G11: + | H11: + | I11: + | K11: + | L11: + | M11: + | N11: + | O11: +/− | P11: + | Q11: + | T11: + | U11: + | V11: + | W11: +/− | X11: + | Y11: + | Z11: + | AA11: + | AC11: +/− | AF11: +/−
A12: Voice +/− | C12: + | D12: + | E12: + | F12: + | G12: + | H12: + | I12: + | K12: + | L12: + | M12: + | N12: + | O12: +/− | P12: + | Q12: + | T12: + | U12: + | V12: + | W12: +/− | X12: + | Y12: + | Z12: + | AA12: + | AC12: +/− | AF12: +/−
A13: Sibilant +/− | C13: − | D13: − | E13: − | F13: − | G13: − | H13: − | I13: − | K13: − | L13: − | M13: − | N13: − | O13: − | P13: − | Q13: − | T13: − | U13: − | V13: − | W13: − | X13: − | Y13: − | Z13: − | AA13: − | AC13: − | AF13: −
A14: Lateral +/− | C14: − | D14: − | E14: − | F14: − | G14: − | H14: − | I14: − | K14: − | L14: − | M14: − | N14: − | O14: − | P14: − | Q14: − | T14: − | U14: − | V14: − | W14: − | X14: − | Y14: − | Z14: − | AA14: − | AC14: − | AF14: −
A15: Place of articulation | C15: K | D15: K | E15: K | F15: K | G15: K | H15: K | I15: K | K15: K | L15: K | M15: K | N15: K | O15: K | P15: K | Q15: K | T15: K | U15: K | V15: K | W15: B | X15: K | Y15: K | Z15: BK | AA15: K | AC15: K | AF15: K
A16: Place value | C16: -3 | D16: -3 | E16: -3 | F16: -3 | G16: -3 | H16: -3 | I16: -3 | K16: -3 | L16: -3 | M16: -3 | N16: -3 | O16: -3 | P16: -3 | Q16: -3 | T16: -3 | U16: -3 | V16: -3 | W16: 2.5 | X16: -3 | Y16: -3 | Z16: -1.5 | AA16: -3 | AC16: -3 | AF16: -3
A17: Manner of articulation | C17: P | D17: P | E17: P | F17: P | G17: P | H17: P | I17: P | K17: P | L17: P | M17: P | N17: P | O17: P~∅ | P17: P | Q17: P | T17: P | U17: P | V17: P | W17: F~∅ | X17: P | Y17: P | Z17: P | AA17: P | AC17: P~∅ | AF17: P~∅
A18: Sonority value | C18: 4 | D18: 4 | E18: 4 | F18: 4 | G18: 4 | H18: 4 | I18: 4 | K18: 4 | L18: 4 | M18: 4 | N18: 4 | O18: =AVERAGE(4,0) -> 2 | P18: 4 | Q18: 4 | T18: 4 | U18: 4 | V18: 4 | W18: =AVERAGE(2,0) -> 1 | X18: 4 | Y18: 4 | Z18: 4 | AA18: 4 | AC18: =AVERAGE(4,0) -> 2 | AF18: =AVERAGE(4,0) -> 2
A20: Grapheme | B20: UU | C20: u | D20: u | E20: u/∅ | F20: u | G20: u | H20: u | I20: u | K20: u | L20: u | M20: u | O20: u/∅ | R20: w | S20: o | T20: o | U20: u | V20: u/∅ | W20: u | X20: u/∅ | Y20: u | AA20: u | AC20: u/v | AF20: u/v
A21: IPA | B21: w | C21: w | D21: w | E21: w~∅ | F21: w | G21: w | H21: w | I21: w | K21: w | L21: w | M21: w | O21: w~∅ | R21: w | S21: ɡ~w | T21: w | U21: w | V21: w~∅ | W21: w | X21: w~∅ | Y21: w | AA21: w | AC21: w~v | AF21: w~v
A22: IPA key | B22: 97 | C22: 97 | D22: 97 | E22: 134 | F22: 97 | G22: 97 | H22: 97 | I22: 97 | K22: 97 | L22: 97 | M22: 97 | O22: 134 | R22: 97 | S22: 135 | T22: 97 | U22: 97 | V22: 134 | W22: 97 | X22: 134 | Y22: 97 | AA22: 97 | AC22: 137 | AF22: 137
A23: Consonantal +/− | B23: + | C23: + | D23: + | E23: +/− | F23: + | G23: + | H23: + | I23: + | K23: + | L23: + | M23: + | O23: +/− | R23: + | S23: + | T23: + | U23: + | V23: +/− | W23: + | X23: +/− | Y23: + | AA23: + | AC23: + | AF23: +
A24: Voice +/− | B24: + | C24: + | D24: + | E24: +/− | F24: + | G24: + | H24: + | I24: + | K24: + | L24: + | M24: + | O24: +/− | R24: + | S24: + | T24: + | U24: + | V24: +/− | W24: + | X24: +/− | Y24: + | AA24: + | AC24: + | AF24: +
A25: Sibilant +/− | B25: − | C25: − | D25: − | E25: − | F25: − | G25: − | H25: − | I25: − | K25: − | L25: − | M25: − | O25: − | R25: − | S25: − | T25: − | U25: − | V25: − | W25: − | X25: − | Y25: − | AA25: − | AC25: − | AF25: −
A26: Lateral +/− | B26: − | C26: − | D26: − | E26: − | F26: − | G26: − | H26: − | I26: − | K26: − | L26: − | M26: − | O26: − | R26: − | S26: − | T26: − | U26: − | V26: − | W26: − | X26: − | Y26: − | AA26: − | AC26: − | AF26: −
A27: Place of articulation | B27: BK | C27: BK | D27: BK | E27: BK | F27: BK | G27: BK | H27: BK | I27: BK | K27: BK | L27: BK | M27: BK | O27: BK | R27: BK | S27: K~BK | T27: BK | U27: BK | V27: BK | W27: BK | X27: BK | Y27: BK | AA27: BK | AC27: BK~B | AF27: BK~B
A28: Place value | B28: 0 | C28: 0 | D28: 0 | E28: 0 | F28: 0 | G28: 0 | H28: 0 | I28: 0 | K28: 0 | L28: 0 | M28: 0 | O28: 0 | R28: 0 | S28: =AVERAGE(-3,0) -> -1.5 | T28: 0 | U28: 0 | V28: 0 | W28: 0 | X28: 0 | Y28: 0 | AA28: 0 | AC28: =AVERAGE(0,2.5) -> 1.25 | AF28: =AVERAGE(0,2.5) -> 1.25
A29: Manner of articulation | B29: W | C29: W | D29: W | E29: W~∅ | F29: W | G29: W | H29: W | I29: W | K29: W | L29: W | M29: W | O29: W~∅ | R29: W | S29: P~W | T29: W | U29: W | V29: W~∅ | W29: W | X29: W~∅ | Y29: W | AA29: W | AC29: W~F | AF29: W~F
A30: Sonority value | B30: 0.5 | C30: 0.5 | D30: 0.5 | E30: =AVERAGE(1/3,0) -> 0.16666667 | F30: 0.5 | G30: 0.5 | H30: 0.5 | I30: 0.5 | K30: 0.5 | L30: 0.5 | M30: 0.5 | O30: =AVERAGE(1/3,0) -> 0.16666667 | R30: 0.5 | S30: =AVERAGE(4,0.5) -> 2.25 | T30: 0.5 | U30: 0.5 | V30: =AVERAGE(1/3,0) -> 0.16666667 | W30: 0.5 | X30: =AVERAGE(1/3,0) -> 0.16666667 | Y30: 0.5 | AA30: 0.5 | AC30: =AVERAGE(0.5,2.5) -> 1.5 | AF30: =AVERAGE(0.5,2.5) -> 1.5
A32: Overview of common sound changes
A33: 031b: w / ? / #_{a,O} | B33: typically /ɡw/
B34: /ɡ/ in FRA
A35: https://en.wiktionary.org/w/index.php?title=Category:Latin_terms_spelled_with_W&from=W

Sheet 032 PL-
A1: A - Consonantism | D1: 1. Initial Position | I1: 1.2 Groups of two consonants
A3: Number | B3: 32 | F3: Latin Reference Words
A4: Treatment | B4: PL- | F4: PLŬVĬA, PLĀNA, PLĀNU, PLĬCĀRE, PLŌRĀRE, PLĂNGĔRE
A5: Environment | B5: #_
A7: Languages | B7: LAT | C7: EU POR | D7: BR POR | E7: GAL | F7: ASL | G7: CAS ESP | H7: AND ESP | I7: AMR ESP | J7: ARG | K7: CAT | L7: VAL | M7: BAL | N7: OCC | O7: GAS OCC | P7: EU FRA | Q7: QBC FRA | R7: WAL | S7: ARP | T7: LIG | U7: LMO | V7: RMH | W7: FUR | X7: LOG SRD | Y7: CPN SRD | Z7: COR | AA7: ITA | AB7: ABR | AC7: CAM | AD7: PGL | AE7: SCN | AF7: VEN | AG7: ARO | AH7: ROM | AJ7: LAT
A8: Grapheme | B8: P | C8: ch | D8: ch | E8: ch | J8: p | K8: p | L8: p | M8: p | N8: p | O8: p | P8: p | Q8: p | R8: p | S8: p | T8: ci | U8: p | V8: p | W8: p | X8: p | Y8: p | Z8: p | AA8: p | AB8: p | AC8: chi | AD8: chi | AE8: chi | AF8: p | AG8: p | AH8: p | AJ8: P
A9: IPA | B9: p | C9: ʃ | D9: ʃ | E9: t̠͡ʃ | J9: p | K9: p | L9: p | M9: p | N9: p | O9: p | P9: p | Q9: p | R9: p | S9: p | T9: t̠͡ʃ | U9: p | V9: p | W9: p | X9: p | Y9: p | Z9: p | AA9: p | AB9: p | AC9: c | AD9: c | AE9: c | AF9: p | AG9: p | AH9: p | AJ9: p
A10: IPA key | B10: 1 | C10: 56 | D10: 56 | E10: 34 | J10: 1 | K10: 1 | L10: 1 | M10: 1 | N10: 1 | O10: 1 | P10: 1 | Q10: 1 | R10: 1 | S10: 1 | T10: 34 | U10: 1 | V10: 1 | W10: 1 | X10: 1 | Y10: 1 | Z10: 1 | AA10: 1 | AB10: 1 | AC10: 17 | AD10: 17 | AE10: 17 | AF10: 1 | AG10: 1 | AH10: 1 | AJ10: 1
A11: Consonantal +/− | B11: + | C11: + | D11: + | E11: + | J11: + | K11: + | L11: + | M11: + | N11: + | O11: + | P11: + | Q11: + | R11: + | S11: + | T11: + | U11: + | V11: + | W11: + | X11: + | Y11: + | Z11: + | AA11: + | AB11: + | AC11: + | AD11: + | AE11: + | AF11: + | AG11: + | AH11: + | AJ11: +
A12: Voice +/− | B12: − | C12: − | D12: − | E12: − | J12: − | K12: − | L12: − | M12: − | N12: − | O12: − | P12: − | Q12: − | R12: − | S12: − | T12: − | U12: − | V12: − | W12: − | X12: − | Y12: − | Z12: − | AA12: − | AB12: − | AC12: − | AD12: − | AE12: − | AF12: − | AG12: − | AH12: − | AJ12: −
A13: Sibilant +/− | B13: − | C13: + | D13: + | E13: + | J13: − | K13: − | L13: − | M13: − | N13: − | O13: − | P13: − | Q13: − | R13: − | S13: − | T13: + | U13: − | V13: − | W13: − | X13: − | Y13: − | Z13: − | AA13: − | AB13: − | AC13: − | AD13: − | AE13: − | AF13: − | AG13: − | AH13: − | AJ13: −
A14: Lateral +/− | B14: − | C14: − | D14: − | E14: − | J14: − | K14: − | L14: − | M14: − | N14: − | O14: − | P14: − | Q14: − | R14: − | S14: − | T14: − | U14: − | V14: − | W14: − | X14: − | Y14: − | Z14: − | AA14: − | AB14: − | AC14: − | AD14: − | AE14: − | AF14: − | AG14: − | AH14: − | AJ14: −
A15: Place of articulation | B15: B | C15: Ɉ | D15: Ɉ | E15: Ɉ | J15: B | K15: B | L15: B | M15: B | N15: B | O15: B | P15: B | Q15: B | R15: B | S15: B | T15: Ɉ | U15: B | V15: B | W15: B | X15: B | Y15: B | Z15: B | AA15: B | AB15: B | AC15: Ɉ | AD15: Ɉ | AE15: Ɉ | AF15: B | AG15: B | AH15: B | AJ15: B
A16: Place value | B16: 3 | C16: -0.5 | D16: -0.5 | E16: -0.5 | J16: 3 | K16: 3 | L16: 3 | M16: 3 | N16: 3 | O16: 3 | P16: 3 | Q16: 3 | R16: 3 | S16: 3 | T16: -0.5 | U16: 3 | V16: 3 | W16: 3 | X16: 3 | Y16: 3 | Z16: 3 | AA16: 3 | AB16: 3 | AC16: -2 | AD16: -2 | AE16: -2 | AF16: 3 | AG16: 3 | AH16: 3 | AJ16: 3
A17: Manner of articulation | B17: P | C17: F | D17: F | E17: P͡F | J17: P | K17: P | L17: P | M17: P | N17: P | O17: P | P17: P | Q17: P | R17: P | S17: P | T17: P͡F | U17: P | V17: P | W17: P | X17: P | Y17: P | Z17: P | AA17: P | AB17: P | AC17: P | AD17: P | AE17: P | AF17: P | AG17: P | AH17: P | AJ17: P
A18: Sonority value | B18: 4 | C18: 2 | D18: 2 | E18: 3 | J18: 4 | K18: 4 | L18: 4 | M18: 4 | N18: 4 | O18: 4 | P18: 4 | Q18: 4 | R18: 4 | S18: 4 | T18: 3 | U18: 4 | V18: 4 | W18: 4 | X18: 4 | Y18: 4 | Z18: 4 | AA18: 4 | AB18: 4 | AC18: 4 | AD18: 4 | AE18: 4 | AF18: 4 | AG18: 4 | AH18: 4 | AJ18: 4
A20: Grapheme | B20: L | F20: ll (ḷḷ) | G20: ll | H20: ll | I20: ll | J20: l (ll) | K20: l | L20: l | M20: l | N20: l | O20: l | P20: l | Q20: l | R20: l | S20: l (ll) | U20: i | V20: l | W20: l | X20: r | Y20: r | Z20: i | AA20: i | AB20: i | AF20: i | AG20: l | AH20: l | AJ20: L
A21: IPA | B21: ɫ̪ | F21: ȴ[ʎ̟] (ʈ͡ʂ) | G21: ʎ | H21: ɟ͡ʝ | I21: ɟ͡ʝ | J21: l (ȴ) | K21: l | L21: ɫ | M21: ʟ | N21: l | O21: l | P21: l | Q21: l | R21: l | S21: l (ȴ~j) | U21: j | V21: l | W21: l | X21: ɾ | Y21: ɾ | Z21: j | AA21: j | AB21: j | AF21: j | AG21: l | AH21: l | AJ21: l̪ʲ
A22: IPA key | B22: 87 | F22: 129 | G22: 90 | H22: 39 | I22: 39 | J22: 130 | K22: 85 | L22: 87 | M22: 140 | N22: 85 | O22: 85 | P22: 85 | Q22: 85 | R22: 85 | S22: 133 | U22: 98 | V22: 85 | W22: 85 | X22: 83 | Y22: 83 | Z22: 98 | AA22: 98 | AB22: 98 | AF22: 98 | AG22: 85 | AH22: 85 | AJ22: 139
A23: Consonantal +/− | B23: + | F23: + | G23: + | H23: + | I23: + | J23: + | K23: + | L23: + | M23: + | N23: + | O23: + | P23: + | Q23: + | R23: + | S23: + | U23: + | V23: + | W23: + | X23: + | Y23: + | Z23: + | AA23: + | AB23: + | AF23: + | AG23: + | AH23: + | AJ23: +
A24: Voice +/− | B24: + | F24: + (−) | G24: + | H24: + | I24: + | J24: + | K24: + | L24: + | M24: + | N24: + | O24: + | P24: + | Q24: + | R24: + | S24: + | U24: + | V24: + | W24: + | X24: + | Y24: + | Z24: + | AA24: + | AB24: + | AF24: + | AG24: + | AH24: + | AJ24: +
A25: Sibilant +/− | B25: − | F25: − (+) | G25: − | H25: − | I25: − | J25: − | K25: − | L25: − | M25: − | N25: − | O25: − | P25: − | Q25: − | R25: − | S25: − | U25: − | V25: − | W25: − | X25: − | Y25: − | Z25: − | AA25: − | AB25: − | AF25: − | AG25: − | AH25: − | AJ25: −
A26: Lateral +/− | B26: + | F26: + (−) | G26: + | H26: − | I26: − | J26: + | K26: + | L26: + | M26: + | N26: + | O26: + | P26: + | Q26: + | R26: + | S26: + (−) | U26: − | V26: + | W26: + | X26: − | Y26: − | Z26: − | AA26: − | AB26: − | AF26: − | AG26: + | AH26: + | AJ26: +
A27: Place of articulation | B27: DQ | F27: Ɉ | G27: Ɉ | H27: Ɉ | I27: Ɉ | J27: D (Ɉ) | K27: D | L27: DQ | M27: K | N27: D | O27: D | P27: D | Q27: D | R27: D | S27: D (Ɉ) | U27: Ɉ | V27: D | W27: D | X27: D | Y27: D | Z27: Ɉ | AA27: Ɉ | AB27: Ɉ | AF27: Ɉ | AG27: D | AH27: D | AJ27: Ɉ
A28: Place value | B28: =-7/6 -> -1.1666667 | F28: =AVERAGE(0,0,-1.25) -> -0.41666667 | G28: -2 | H28: -2 | I28: -2 | J28: =AVERAGE(0.75,0.75,0.75,0) -> 0.5625 | K28: 0.75 | L28: =-7/6 -> -1.1666667 | M28: -3 | N28: 0.75 | O28: 0.75 | P28: 0.75 | Q28: 0.75 | R28: 0.75 | S28: =AVERAGE(0.75,0.75,(AVERAGE(0,-2))) -> 0.16666667 | U28: -2 | V28: 0.75 | W28: 0.75 | X28: 0.75 | Y28: 0.75 | Z28: -2 | AA28: -2 | AB28: -2 | AF28: -2 | AG28: 0.75 | AH28: 0.75 | AJ28: =-1/6 -> -0.16666667
A29: Manner of articulation | B29: LW | F29: LW (P͡F) | G29: L | H29: P͡F | I29: P͡F | J29: LW | K29: LW | L29: LW | M29: LW | N29: LW | O29: LW | P29: LW | Q29: LW | R29: LW | S29: LW(W) | U29: W | V29: LW | W29: LW | X29: L | Y29: L | Z29: W | AA29: W | AB29: W | AF29: W | AG29: LW | AH29: LW | AJ29: LW
A30: Sonority value | B30: 0.75 | F30: =AVERAGE(0.75,0.75,3) -> 1.5 | G30: 0.75 | H30: 3 | I30: 3 | J30: 0.75 | K30: 0.75 | L30: 0.75 | M30: 0.75 | N30: 0.75 | O30: 0.75 | P30: 0.75 | Q30: 0.75 | R30: 0.75 | S30: =2/3 -> 0.66666667 | U30: 0.5 | V30: 0.75 | W30: 0.75 | X30: 0.875 | Y30: 0.875 | Z30: 0.5 | AA30: 0.5 | AB30: 0.5 | AF30: 0.5 | AG30: 0.75 | AH30: 0.75 | AJ30: 0.75
B31: 032a | AJ31: 032b
A32: Overview of common sound changes
A33: 032a: pl / ? / #_{a,e,O} 032b: pl / ? / #_i | B33: /pl/ in CVB, FRA, ROM
B34: /ʃ/ in POR
B35: /pj/ in ITA
B36: /ʎ~ɟ͡ʝ/ in ESP

Sheet 033 BR-
A1: A - Consonantism | D1: 1. Initial Position | I1: 1.2 Groups of two consonants
A3: Number | B3: 33 | F3: Latin Reference Words
A4: Treatment | B4: BR- | F4: BRĂCCHIU, BRĂNCA, BRŪMA
A5: Environment | B5: #_
A7: Languages | B7: LAT | C7: EU POR | D7: BR POR | E7: GAL | F7: ASL | G7: CAS ESP | H7: AND ESP | I7: AMR ESP | J7: ARG | K7: CAT | L7: VAL | M7: BAL | N7: OCC | O7: GAS OCC | P7: EU FRA | Q7: QBC FRA | R7: WAL | S7: ARP | T7: LIG | U7: LMO | V7: RMH | W7: FUR | X7: LOG SRD | Y7: CPN SRD | Z7: COR | AA7: ITA | AB7: ABR | AC7: CAM | AD7: PGL | AE7: SCN | AF7: VEN | AG7: ARO | AH7: ROM
A8: Grapheme | B8: B | C8: b | D8: b | E8: b | F8: b | G8: b | H8: b | I8: b | J8: b | K8: b | L8: b | M8: b | N8: b | O8: b | P8: b | Q8: b | R8: b | S8: b | T8: b | U8: b | V8: b | W8: b | X8: b | Y8: b | Z8: b | AA8: b | AB8: v | AC8: v | AD8: v | AE8: v | AF8: b | AG8: b | AH8: b
A9: IPA | B9: b | C9: b | D9: b | E9: b | F9: b | G9: b | H9: b | I9: b | J9: b | K9: b | L9: b | M9: b | N9: b | O9: b | P9: b | Q9: b | R9: b | S9: b | T9: b | U9: b | V9: b | W9: b | X9: b | Y9: b | Z9: b | AA9: b | AB9: v | AC9: v | AD9: v | AE9: v | AF9: b | AG9: b | AH9: b
A10: IPA key | B10: 2 | C10: 2 | D10: 2 | E10: 2 | F10: 2 | G10: 2 | H10: 2 | I10: 2 | J10: 2 | K10: 2 | L10: 2 | M10: 2 | N10: 2 | O10: 2 | P10: 2 | Q10: 2 | R10: 2 | S10: 2 | T10: 2 | U10: 2 | V10: 2 | W10: 2 | X10: 2 | Y10: 2 | Z10: 2 | AA10: 2 | AB10: 43 | AC10: 43 | AD10: 43 | AE10: 43 | AF10: 2 | AG10: 2 | AH10: 2
A11: Consonantal +/− | B11: + | C11: + | D11: + | E11: + | F11: + | G11: + | H11: + | I11: + | J11: + | K11: + | L11: + | M11: + | N11: + | O11: + | P11: + | Q11: + | R11: + | S11: + | T11: + | U11: + | V11: + | W11: + | X11: + | Y11: + | Z11: + | AA11: + | AB11: + | AC11: + | AD11: + | AE11: + | AF11: + | AG11: + | AH11: +
A12: Voice +/− | B12: + | C12: + | D12: + | E12: + | F12: + | G12: + | H12: + | I12: + | J12: + | K12: + | L12: + | M12: + | N12: + | O12: + | P12: + | Q12: + | R12: + | S12: + | T12: + | U12: + | V12: + | W12: + | X12: + | Y12: + | Z12: + | AA12: + | AB12: + | AC12: + | AD12: + | AE12: + | AF12: + | AG12: + | AH12: +
A13: Sibilant +/− | B13: − | C13: − | D13: − | E13: − | F13: − | G13: − | H13: − | I13: − | J13: − | K13: − | L13: − | M13: − | N13: − | O13: − | P13: − | Q13: − | R13: − | S13: − | T13: − | U13: − | V13: − | W13: − | X13: − | Y13: − | Z13: − | AA13: − | AB13: − | AC13: − | AD13: − | AE13: − | AF13: − | AG13: − | AH13: −
A14: Lateral +/− | B14: − | C14: − | D14: − | E14: − | F14: − | G14: − | H14: − | I14: − | J14: − | K14: − | L14: − | M14: − | N14: − | O14: − | P14: − | Q14: − | R14: − | S14: − | T14: − | U14: − | V14: − | W14: − | X14: − | Y14: − | Z14: − | AA14: − | AB14: − | AC14: − | AD14: − | AE14: − | AF14: − | AG14: − | AH14: −
A15: Place of articulation | B15: B | C15: B | D15: B | E15: B | F15: B | G15: B | H15: B | I15: B | J15: B | K15: B | L15: B | M15: B | N15: B | O15: B | P15: B | Q15: B | R15: B | S15: B | T15: B | U15: B | V15: B | W15: B | X15: B | Y15: B | Z15: B | AA15: B | AB15: B | AC15: B | AD15: B | AE15: B | AF15: B | AG15: B | AH15: B
A16: Place value | B16: 3 | C16: 3 | D16: 3 | E16: 3 | F16: 3 | G16: 3 | H16: 3 | I16: 3 | J16: 3 | K16: 3 | L16: 3 | M16: 3 | N16: 3 | O16: 3 | P16: 3 | Q16: 3 | R16: 3 | S16: 3 | T16: 3 | U16: 3 | V16: 3 | W16: 3 | X16: 3 | Y16: 3 | Z16: 3 | AA16: 3 | AB16: 2.5 | AC16: 2.5 | AD16: 2.5 | AE16: 2.5 | AF16: 3 | AG16: 3 | AH16: 3
A17: Manner of articulation | B17: P | C17: P | D17: P | E17: P | F17: P | G17: P | H17: P | I17: P | J17: P | K17: P | L17: P | M17: P | N17: P | O17: P | P17: P | Q17: P | R17: P | S17: P | T17: P | U17: P | V17: P | W17: P | X17: P | Y17: P | Z17: P | AA17: P | AB17: F | AC17: F | AD17: F | AE17: F | AF17: P | AG17: P | AH17: P
A18: Sonority value | B18: 4 | C18: 4 | D18: 4 | E18: 4 | F18: 4 | G18: 4 | H18: 4 | I18: 4 | J18: 4 | K18: 4 | L18: 4 | M18: 4 | N18: 4 | O18: 4 | P18: 4 | Q18: 4 | R18: 4 | S18: 4 | T18: 4 | U18: 4 | V18: 4 | W18: 4 | X18: 4 | Y18: 4 | Z18: 4 | AA18: 4 | AB18: 2 | AC18: 2 | AD18: 2 | AE18: 2 | AF18: 4 | AG18: 4 | AH18: 4
A20: Grapheme | B20: R | C20: r | D20: r | E20: r | F20: r | G20: r | H20: r | I20: r | J20: r | K20: r | L20: r | M20: r | N20: r | O20: r | P20: r | Q20: r | R20: r | S20: r | T20: r | U20: r | V20: r | W20: r | X20: r | Y20: r | Z20: r | AA20: r | AB20: r | AC20: r | AD20: r | AE20: r | AF20: r | AG20: r | AH20: r
A21: IPA | B21: ɾ | C21: ɾ | D21: ɾ | E21: ɾ | F21: ɾ | G21: ɾ | H21: ɾ | I21: ɾ | J21: ɾ | K21: ɾ | L21: ɾ | M21: ɾ | N21: ɾ (ʀ) | O21: ɾ | P21: ʁ (ʀ) | Q21: ʁ (ʀ) | R21: ʀ | S21: ɾ (ʀ) | T21: ɾ | U21: ɾ | V21: ɾ | W21: ɾ | X21: ɾ | Y21: ɾ | Z21: ɾ | AA21: ɾ | AB21: ɾ | AC21: ɾ | AD21: ɾ | AE21: ɾ | AF21: ɾ | AG21: ɾ | AH21: ɾ
A22: IPA key | B22: 83 | C22: 83 | D22: 83 | E22: 83 | F22: 83 | G22: 83 | H22: 83 | I22: 83 | J22: 83 | K22: 83 | L22: 83 | M22: 83 | N22: 143 | O22: 83 | P22: 142 | Q22: 142 | R22: 81 | S22: 143 | T22: 83 | U22: 83 | V22: 83 | W22: 83 | X22: 83 | Y22: 83 | Z22: 83 | AA22: 83 | AB22: 83 | AC22: 83 | AD22: 83 | AE22: 83 | AF22: 83 | AG22: 83 | AH22: 83
A23: Consonantal +/− | B23: + | C23: + | D23: + | E23: + | F23: + | G23: + | H23: + | I23: + | J23: + | K23: + | L23: + | M23: + | N23: + | O23: + | P23: + | Q23: + | R23: + | S23: + | T23: + | U23: + | V23: + | W23: + | X23: + | Y23: + | Z23: + | AA23: + | AB23: + | AC23: + | AD23: + | AE23: + | AF23: + | AG23: + | AH23: +
A24: Voice +/− | B24: + | C24: + | D24: + | E24: + | F24: + | G24: + | H24: + | I24: + | J24: + | K24: + | L24: + | M24: + | N24: + | O24: + | P24: + | Q24: + | R24: + | S24: + | T24: + | U24: + | V24: + | W24: + | X24: + | Y24: + | Z24: + | AA24: + | AB24: + | AC24: + | AD24: + | AE24: + | AF24: + | AG24: + | AH24: +
A25: Sibilant +/− | B25: − | C25: − | D25: − | E25: − | F25: − | G25: − | H25: − | I25: − | J25: − | K25: − | L25: − | M25: − | N25: − | O25: − | P25: − | Q25: − | R25: − | S25: − | T25: − | U25: − | V25: − | W25: − | X25: − | Y25: − | Z25: − | AA25: − | AB25: − | AC25: − | AD25: − | AE25: − | AF25: − | AG25: − | AH25: −
A26: Lateral +/− | B26: − | C26: − | D26: − | E26: − | F26: − | G26: − | H26: − | I26: − | J26: − | K26: − | L26: − | M26: − | N26: − | O26: − | P26: − | Q26: − | R26: − | S26: − | T26: − | U26: − | V26: − | W26: − | X26: − | Y26: − | Z26: − | AA26: − | AB26: − | AC26: − | AD26: − | AE26: − | AF26: − | AG26: − | AH26: −
A27: Place of articulation | B27: D | C27: D | D27: D | E27: D | F27: D | G27: D | H27: D | I27: D | J27: D | K27: D | L27: D | M27: D | N27: D (Q) | O27: D | P27: Q | Q27: Q | R27: Q | S27: D (Q) | T27: D | U27: D | V27: D | W27: D | X27: D | Y27: D | Z27: D | AA27: D | AB27: D | AC27: D | AD27: D | AE27: D | AF27: D | AG27: D | AH27: D
A28: Place value | B28: 0.75 | C28: 0.75 | D28: 0.75 | E28: 0.75 | F28: 0.75 | G28: 0.75 | H28: 0.75 | I28: 0.75 | J28: 0.75 | K28: 0.75 | L28: 0.75 | M28: 0.75 | N28: =AVERAGE(0.75,0.75,-4) -> -0.83333333 | O28: 0.75 | P28: -4 | Q28: -4 | R28: -4 | S28: =AVERAGE(0.75,0.75,-4) -> -0.83333333 | T28: 0.75 | U28: 0.75 | V28: 0.75 | W28: 0.75 | X28: 0.75 | Y28: 0.75 | Z28: 0.75 | AA28: 0.75 | AB28: 0.75 | AC28: 0.75 | AD28: 0.75 | AE28: 0.75 | AF28: 0.75 | AG28: 0.75 | AH28: 0.75
A29: Manner of articulation | B29: L | C29: L | D29: L | E29: L | F29: L | G29: L | H29: L | I29: L | J29: L | K29: L | L29: L | M29: L | N29: L | O29: L | P29: F (L) | Q29: F (L) | R29: L | S29: L | T29: L | U29: L | V29: L | W29: L | X29: L | Y29: L | Z29: L | AA29: L | AB29: L | AC29: L | AD29: L | AE29: L | AF29: L | AG29: L | AH29: L
A30: Sonority value | B30: 0.875 | C30: 0.875 | D30: 0.875 | E30: 0.875 | F30: 0.875 | G30: 0.875 | H30: 0.875 | I30: 0.875 | J30: 0.875 | K30: 0.875 | L30: 0.875 | M30: 0.875 | N30: =AVERAGE(0.875,0.875,1.25) -> 1 | O30: 0.875 | P30: =AVERAGE(2,2,1.25) -> 1.75 | Q30: =AVERAGE(2,2,1.25) -> 1.75 | R30: 1.25 | S30: =AVERAGE(0.875,0.875,1.25) -> 1 | T30: 0.875 | U30: 0.875 | V30: 0.875 | W30: 0.875 | X30: 0.875 | Y30: 0.875 | Z30: 0.875 | AA30: 0.875 | AB30: 0.875 | AC30: 0.875 | AD30: 0.875 | AE30: 0.875 | AF30: 0.875 | AG30: 0.875 | AH30: 0.875
A32: Overview of common sound changes
A33: bɾ // #_ | B33: typically /bɾ/

Sheet 034 BL-
A1: A - Consonantism | D1: 1. Initial Position | I1: 1.2 Groups of two consonants
A3: Number | B3: 34 | F3: Latin Reference Words
A4: Treatment | B4: BL- | F4: 034a) BLĂTTA, *BLĂNK (grm), BLĂVU/*BLĀO (grm), BLĂNDU; 034b) BLĬTU; 034c) BLĂSTĬMĀRE
A5: Environment | B5: #_
A7: Languages | B7: LAT | C7: EU POR | D7: BR POR | E7: GAL | F7: ASL | G7: CAS ESP | H7: AND ESP | I7: AMR ESP | J7: ARG | K7: CAT | L7: VAL | M7: BAL | N7: OCC | O7: GAS OCC | P7: EU FRA | Q7: QBC FRA | R7: WAL | S7: ARP | T7: LIG | U7: LMO | V7: RMH | W7: FUR | X7: LOG SRD | Y7: CPN SRD | Z7: COR | AA7: ITA | AB7: ABR | AC7: CAM | AD7: PGL | AE7: SCN | AF7: VEN | AG7: ARO | AH7: ROM | AJ7: LAT | AL7: EU POR | AM7: BR POR | AN7: GAL | AO7: ASL | AP7: CAS ESP | AQ7: AND ESP | AR7: AMR ESP
A8: Grapheme | B8: B | C8: b | D8: b | E8: b | F8: b | G8: b | H8: b | I8: b | J8: b | K8: b | L8: b | M8: b | N8: b | O8: b | P8: b | Q8: b | R8: b | S8: b | T8: gi | U8: b | V8: b | W8: b | X8: b | Y8: b | Z8: b | AA8: b | AB8: b | AF8: b | AG8: b | AH8: b | AJ8: B
A9: IPA | B9: b | C9: b | D9: b | E9: b | F9: b | G9: b | H9: b | I9: b | J9: b | K9: b | L9: b | M9: b | N9: b | O9: b | P9: b | Q9: b | R9: b | S9: b | T9: d̠͡ʒ | U9: b | V9: b | W9: b | X9: b | Y9: b | Z9: b | AA9: b | AB9: b | AF9: b | AG9: b | AH9: b | AJ9: b
A10: IPA key | B10: 2 | C10: 2 | D10: 2 | E10: 2 | F10: 2 | G10: 2 | H10: 2 | I10: 2 | J10: 2 | K10: 2 | L10: 2 | M10: 2 | N10: 2 | O10: 2 | P10: 2 | Q10: 2 | R10: 2 | S10: 2 | T10: 35 | U10: 2 | V10: 2 | W10: 2 | X10: 2 | Y10: 2 | Z10: 2 | AA10: 2 | AB10: 2 | AF10: 2 | AG10: 2 | AH10: 2 | AJ10: 2
A11: Consonantal +/− | B11: + | C11: + | D11: + | E11: + | F11: + | G11: + | H11: + | I11: + | J11: + | K11: + | L11: + | M11: + | N11: + | O11: + | P11: + | Q11: + | R11: + | S11: + | T11: + | U11: + | V11: + | W11: + | X11: + | Y11: + | Z11: + | AA11: + | AB11: + | AF11: + | AG11: + | AH11: + | AJ11: +
A12: Voice +/− | B12: + | C12: + | D12: + | E12: + | F12: + | G12: + | H12: + | I12: + | J12: + | K12: + | L12: + | M12: + | N12: + | O12: + | P12: + | Q12: + | R12: + | S12: + | T12: + | U12: + | V12: + | W12: + | X12: + | Y12: + | Z12: + | AA12: + | AB12: + | AF12: + | AG12: + | AH12: + | AJ12: +
A13: Sibilant +/− | B13: − | C13: − | D13: − | E13: − | F13: − | G13: − | H13: − | I13: − | J13: − | K13: − | L13: − | M13: − | N13: − | O13: − | P13: − | Q13: − | R13: − | S13: − | T13: + | U13: − | V13: − | W13: − | X13: − | Y13: − | Z13: − | AA13: − | AB13: − | AF13: − | AG13: − | AH13: − | AJ13: −
A14: Lateral +/− | B14: − | C14: − | D14: − | E14: − | F14: − | G14: − | H14: − | I14: − | J14: − | K14: − | L14: − | M14: − | N14: − | O14: − | P14: − | Q14: − | R14: − | S14: − | T14: − | U14: − | V14: − | W14: − | X14: − | Y14: − | Z14: − | AA14: − | AB14: − | AF14: − | AG14: − | AH14: − | AJ14: −
A15: Place of articulation | B15: B | C15: B | D15: B | E15: B | F15: B | G15: B | H15: B | I15: B | J15: B | K15: B | L15: B | M15: B | N15: B | O15: B | P15: B | Q15: B | R15: B | S15: B | T15: Ɉ | U15: B | V15: B | W15: B | X15: B | Y15: B | Z15: B | AA15: B | AB15: B | AF15: B | AG15: B | AH15: B | AJ15: B
A16: Place value | B16: 3 | C16: 3 | D16: 3 | E16: 3 | F16: 3 | G16: 3 | H16: 3 | I16: 3 | J16: 3 | K16: 3 | L16: 3 | M16: 3 | N16: 3 | O16: 3 | P16: 3 | Q16: 3 | R16: 3 | S16: 3 | T16: -0.5 | U16: 3 | V16: 3 | W16: 3 | X16: 3 | Y16: 3 | Z16: 3 | AA16: 3 | AB16: 3 | AF16: 3 | AG16: 3 | AH16: 3 | AJ16: 3
A17: Manner of articulation | B17: P | C17: P | D17: P | E17: P | F17: P | G17: P | H17: P | I17: P | J17: P | K17: P | L17: P | M17: P | N17: P | O17: P | P17: P | Q17: P | R17: P | S17: P | T17: P͡F | U17: P | V17: P | W17: P | X17: P | Y17: P | Z17: P | AA17: P | AB17: P | AF17: P | AG17: P | AH17: P | AJ17: P
A18: Sonority value | B18: 4 | C18: 4 | D18: 4 | E18: 4 | F18: 4 | G18: 4 | H18: 4 | I18: 4 | J18: 4 | K18: 4 | L18: 4 | M18: 4 | N18: 4 | O18: 4 | P18: 4 | Q18: 4 | R18: 4 | S18: 4 | T18: 3 | U18: 4 | V18: 4 | W18: 4 | X18: 4 | Y18: 4 | Z18: 4 | AA18: 4 | AB18: 4 | AF18: 4 | AG18: 4 | AH18: 4 | AJ18: 4
A20: Grapheme | B20: L | C20: r | D20: r | E20: r | F20: l | G20: l | H20: l | I20: l | J20: l (ll) | K20: l | L20: l | M20: l | N20: l | O20: l | P20: l | Q20: l | R20: l | S20: l (ll) | U20: i | V20: l | W20: l | X20: r | Y20: r | Z20: i | AA20: i | AB20: i | AC20: j | AD20: j | AE20: j | AF20: i | AG20: l | AH20: l | AJ20: L | AL20: l | AM20: l | AN20: l | AO20: l | AP20: l | AQ20: l | AR20: l
A21: IPA | B21: ɫ̪ | C21: ɾ | D21: ɾ | E21: ɾ | F21: l | G21: l | H21: l | I21: l | J21: l (ȴ) | K21: l | L21: ɫ | M21: ʟ | N21: l | O21: l | P21: l | Q21: l | R21: l | S21: l (ȴ~j) | U21: j | V21: l | W21: l | X21: ɾ | Y21: ɾ | Z21: j | AA21: j | AB21: j | AC21: j | AD21: j | AE21: j | AF21: j | AG21: l | AH21: l | AJ21: l̪ʲ | AL21: ɫ̪ | AM21: l | AN21: l | AO21: l | AP21: l | AQ21: l | AR21: l
A22: IPA key | B22: 87 | C22: 83 | D22: 83 | E22: 83 | F22: 85 | G22: 85 | H22: 85 | I22: 85 | J22: 130 | K22: 85 | L22: 87 | M22: 140 | N22: 85 | O22: 85 | P22: 85 | Q22: 85 | R22: 85 | S22: 133 | U22: 98 | V22: 85 | W22: 85 | X22: 83 | Y22: 83 | Z22: 98 | AA22: 98 | AB22: 98 | AC22: 98 | AD22: 98 | AE22: 98 | AF22: 98 | AG22: 85 | AH22: 85 | AJ22: 139 | AL22: 87 | AM22: 85 | AN22: 85 | AO22: 85 | AP22: 85 | AQ22: 85 | AR22: 85
A23: Consonantal +/− | B23: + | C23: + | D23: + | E23: + | F23: + | G23: + | H23: + | I23: + | J23: + | K23: + | L23: + | M23: + | N23: + | O23: + | P23: + | Q23: + | R23: + | S23: + | U23: + | V23: + | W23: + | X23: + | Y23: + | Z23: + | AA23: + | AB23: + | AC23: + | AD23: + | AE23: + | AF23: + | AG23: + | AH23: + | AJ23: + | AL23: + | AM23: + | AN23: + | AO23: + | AP23: + | AQ23: + | AR23: +
A24: Voice +/− | B24: + | C24: + | D24: + | E24: + | F24: + | G24: + | H24: + | I24: + | J24: + | K24: + | L24: + | M24: + | N24: + | O24: + | P24: + | Q24: + | R24: + | S24: + | U24: + | V24: + | W24: + | X24: + | Y24: + | Z24: + | AA24: + | AB24: + | AC24: + | AD24: + | AE24: + | AF24: + | AG24: + | AH24: + | AJ24: + | AL24: + | AM24: + | AN24: + | AO24: + | AP24: + | AQ24: + | AR24: +
A25: Sibilant +/− | B25: − | C25: − | D25: − | E25: − | F25: − | G25: − | H25: − | I25: − | J25: − | K25: − | L25: − | M25: − | N25: − | O25: − | P25: − | Q25: − | R25: − | S25: − | U25: − | V25: − | W25: − | X25: − | Y25: − | Z25: − | AA25: − | AB25: − | AC25: − | AD25: − | AE25: − | AF25: − | AG25: − | AH25: − | AJ25: − | AL25: − | AM25: − | AN25: − | AO25: − | AP25: − | AQ25: − | AR25: −
A26: Lateral +/− | B26: + | C26: − | D26: − | E26: − | F26: + | G26: + | H26: + | I26: + | J26: + | K26: + | L26: + | M26: + | N26: + | O26: + | P26: + | Q26: + | R26: + | S26: + (−) | U26: − | V26: + | W26: + | X26: − | Y26: − | Z26: − | AA26: − | AB26: − | AC26: − | AD26: − | AE26: − | AF26: − | AG26: + | AH26: + | AJ26: + | AL26: + | AM26: + | AN26: + | AO26: + | AP26: + | AQ26: + | AR26: +
A27: Place of articulation | B27: DQ | C27: D | D27: D | E27: D | F27: D | G27: D | H27: D | I27: D | J27: D (Ɉ) | K27: D | L27: DQ | M27: K | N27: D | O27: D | P27: D | Q27: D | R27: D | S27: D (Ɉ) | U27: Ɉ | V27: D | W27: D | X27: D | Y27: D | Z27: Ɉ | AA27: Ɉ | AB27: Ɉ | AC27: Ɉ | AD27: Ɉ | AE27: Ɉ | AF27: Ɉ | AG27: D | AH27: D | AJ27: Ɉ | AL27: DQ | AM27: D | AN27: D | AO27: D | AP27: D | AQ27: D | AR27: D
A28: Place value | B28: =-7/6 -> -1.1666667 | C28: 0.75 | D28: 0.75 | E28: 0.75 | F28: 0.75 | G28: 0.75 | H28: 0.75 | I28: 0.75 | J28: =AVERAGE(0.75,0.75,0.75,0) -> 0.5625 | K28: 0.75 | L28: =-7/6 -> -1.1666667 | M28: -3 | N28: 0.75 | O28: 0.75 | P28: 0.75 | Q28: 0.75 | R28: 0.75 | S28: =AVERAGE(0.75,0.75,(AVERAGE(0,-2))) -> 0.16666667 | U28: -2 | V28: 0.75 | W28: 0.75 | X28: 0.75 | Y28: 0.75 | Z28: -2 | AA28: -2 | AB28: -2 | AC28: -2 | AD28: -2 | AE28: -2 | AF28: -2 | AG28: 0.75 | AH28: 0.75 | AJ28: =-1/6 -> -0.16666667 | AL28: =-7/6 -> -1.1666667 | AM28: 0.75 | AN28: 0.75 | AO28: 0.75 | AP28: 0.75 | AQ28: 0.75 | AR28: 0.75
A29: Manner of articulation | B29: LW | C29: L | D29: L | E29: L | F29: LW | G29: LW | H29: LW | I29: LW | J29: LW | K29: LW | L29: LW | M29: LW | N29: LW | O29: LW | P29: LW | Q29: LW | R29: LW | S29: LW(W) | U29: W | V29: LW | W29: LW | X29: L | Y29: L | Z29: W | AA29: W | AB29: W | AC29: W | AD29: W | AE29: W | AF29: W | AG29: LW | AH29: LW | AJ29: LW | AL29: LW | AM29: LW | AN29: LW | AO29: LW | AP29: LW | AQ29: LW | AR29: LW
A30: Sonority value | B30: 0.75 | C30: 0.875 | D30: 0.875 | E30: 0.875 | F30: 0.75 | G30: 0.75 | H30: 0.75 | I30: 0.75 | J30: 0.75 | K30: 0.75 | L30: 0.75 | M30: 0.75 | N30: 0.75 | O30: 0.75 | P30: 0.75 | Q30: 0.75 | R30: 0.75 | S30: =2/3 -> 0.66666667 | U30: 0.5 | V30: 0.75 | W30: 0.75 | X30: 0.875 | Y30: 0.875 | Z30: 0.5 | AA30: 0.5 | AB30: 0.5 | AC30: 0.5 | AD30: 0.5 | AE30: 0.5 | AF30: 0.5 | AG30: 0.75 | AH30: 0.75 | AJ30: 0.75 | AL30: 0.75 | AM30: 0.75 | AN30: 0.75 | AO30: 0.75 | AP30: 0.75 | AQ30: 0.75 | AR30: 0.75
B31: 034a,c | C31: 034a,b | AJ31: 034b | AL31: 034c
A32: Overview of common sound changes
A33: 034a: bl / ? / #_{a,e,O} | B33: /bl/ in ESP, CVB, FRA, ROM
B34: /bj/ in ITA
B35: /bɾ/ in POR
A36: 034b: bl / ? / #_i
A37: 034c: bl / ? / #_

Sheet 035 TR-
A1: A - Consonantism | D1: 1. Initial Position | I1: 1.2 Groups of two consonants
A3: Number | B3: 35 | F3: Latin Reference Words
A4: Treatment | B4: TR- | F4: TRĒS, TRĂBE, TRĂHĔRE, TRĔMĔRE
A5: Environment | B5: #_
A7: Languages | B7: LAT | C7: EU POR | D7: BR POR | E7: GAL | F7: ASL | G7: CAS ESP | H7: AND ESP | I7: AMR ESP | J7: ARG | K7: CAT | L7: VAL | M7: BAL | N7: OCC | O7: GAS OCC | P7: EU FRA | Q7: QBC FRA | R7: WAL | S7: ARP | T7: LIG | U7: LMO | V7: RMH | W7: FUR | X7: LOG SRD | Y7: CPN SRD | Z7: COR | AA7: ITA | AB7: ABR | AC7: CAM | AD7: PGL | AE7: SCN | AF7: VEN | AG7: ARO | AH7: ROM
A8: Grapheme | B8: T | C8: t | D8: t | E8: t | F8: t | G8: t | H8: t | I8: t | J8: t | K8: t | L8: t | M8: t | N8: t | O8: t | P8: t | Q8: t | R8: t | S8: t | T8: t | U8: t | V8: t | W8: t | X8: t | Y8: t | Z8: t | AA8: t | AB8: t | AC8: t | AD8: t | AE8: t | AF8: t | AG8: t | AH8: t
A9: IPA | B9: t̪ | C9: t̪ | D9: t̪ | E9: t̪ | F9: t̪ | G9: t̪ | H9: t̪ | I9: t̪ | J9: t̪ | K9: t̪ | L9: t̪ | M9: t̪ | N9: t̪ | O9: t̪ | P9: t̪ | Q9: t̪ | R9: t̪ | S9: t̪ | T9: t̪ | U9: t̪ | V9: t̪ | W9: t̪ | X9: t̪ | Y9: t̪ | Z9: t̪~ʈ | AA9: t̪ | AB9: t̪ | AC9: t̪ | AD9: t̪ | AE9: ʈ | AF9: t̪ | AG9: t̪ | AH9: t̪
A10: IPA key | B10: 5 | C10: 5 | D10: 5 | E10: 5 | F10: 5 | G10: 5 | H10: 5 | I10: 5 | J10: 5 | K10: 5 | L10: 5 | M10: 5 | N10: 5 | O10: 5 | P10: 5 | Q10: 5 | R10: 5 | S10: 5 | T10: 5 | U10: 5 | V10: 5 | W10: 5 | X10: 5 | Y10: 5 | Z10: 145 | AA10: 5 | AB10: 5 | AC10: 5 | AD10: 5 | AE10: 13 | AF10: 5 | AG10: 5 | AH10: 5
A11: Consonantal +/− | B11: + | C11: + | D11: + | E11: + | F11: + | G11: + | H11: + | I11: + | J11: + | K11: + | L11: + | M11: + | N11: + | O11: + | P11: + | Q11: + | R11: + | S11: + | T11: + | U11: + | V11: + | W11: + | X11: + | Y11: + | Z11: + | AA11: + | AB11: + | AC11: + | AD11: + | AE11: + | AF11: + | AG11: + | AH11: +
A12: Voice +/− | B12: − | C12: − | D12: − | E12: − | F12: − | G12: − | H12: − | I12: − | J12: − | K12: − | L12: − | M12: − | N12: − | O12: − | P12: − | Q12: − | R12: − | S12: − | T12: − | U12: − | V12: − | W12: − | X12: − | Y12: − | Z12: − | AA12: − | AB12: − | AC12: − | AD12: − | AE12: − | AF12: − | AG12: − | AH12: −
A13: Sibilant +/− | B13: − | C13: − | D13: − | E13: − | F13: − | G13: − | H13: − | I13: − | J13: − | K13: − | L13: − | M13: − | N13: − | O13: − | P13: − | Q13: − | R13: − | S13: − | T13: − | U13: − | V13: − | W13: − | X13: − | Y13: − | Z13: − | AA13: − | AB13: − | AC13: − | AD13: − | AE13: − | AF13: − | AG13: − | AH13: −
A14: Lateral +/− | B14: − | C14: − | D14: − | E14: − | F14: − | G14: − | H14: − | I14: − | J14: − | K14: − | L14: − | M14: − | N14: − | O14: − | P14: − | Q14: − | R14: − | S14: − | T14: − | U14: − | V14: − | W14: − | X14: − | Y14: − | Z14: − | AA14: − | AB14: − | AC14: − | AD14: − | AE14: − | AF14: − | AG14: − | AH14: −
A15: Place of articulation | B15: D | C15: D | D15: D | E15: D | F15: D | G15: D | H15: D | I15: D | J15: D | K15: D | L15: D | M15: D | N15: D | O15: D | P15: D | Q15: D | R15: D | S15: D | T15: D | U15: D | V15: D | W15: D | X15: D | Y15: D | Z15: D~Ɉ | AA15: D | AB15: D | AC15: D | AD15: D | AE15: Ɉ | AF15: D | AG15: D | AH15: D
A16: Place value | B16: =5/3 -> 1.6666667 | C16: =5/3 -> 1.6666667 | D16: =5/3 -> 1.6666667 | E16: =5/3 -> 1.6666667 | F16: =5/3 -> 1.6666667 | G16: =5/3 -> 1.6666667 | H16: =5/3 -> 1.6666667 | I16: =5/3 -> 1.6666667 | ... Y16: =5/3 -> 1.6666667 | Z16: =AVERAGE(7/3,-1.25) -> 0.54166667 | AA16: =5/3 -> 1.6666667 | AB16: =5/3 -> 1.6666667 | AC16: =5/3 -> 1.6666667 | AD16: =5/3 -> 1.6666667 | AE16: -1.25 | AF16: =5/3 -> 1.6666667 | AG16: =5/3 -> 1.6666667 | AH16: =5/3 -> 1.6666667
A17: Manner of articulation | B17: P | C17: P | D17: P | E17: P | F17: P | G17: P | H17: P | I17: P | J17: P | K17: P | L17: P | M17: P | N17: P | O17: P | P17: P | Q17: P | R17: P | S17: P | T17: P | U17: P | V17: P | W17: P | X17: P | Y17: P | Z17: P | AA17: P | AB17: P | AC17: P | AD17: P | AE17: P | AF17: P | AG17: P | AH17: P
A18: Sonority value | B18: 4 | C18: 4 | D18: 4 | E18: 4 | F18: 4 | G18: 4 | H18: 4 | I18: 4 | J18: 4 | K18: 4 | L18: 4 | M18: 4 | N18: 4 | O18: 4 | P18: 4 | Q18: 4 | R18: 4 | S18: 4 | T18: 4 | U18: 4 | V18: 4 | W18: 4 | X18: 4 | Y18: 4 | Z18: 4 | AA18: 4 | AB18: 4 | AC18: 4 | AD18: 4 | AE18: 4 | AF18: 4 | AG18: 4 | AH18: 4
A20: Grapheme | B20: R | C20: r | D20: r | E20: r | F20: r | G20: r | H20: r | I20: r | J20: r | K20: r | L20: r | M20: r | N20: r | O20: r | P20: r | Q20: r | R20: r | S20: r | T20: r | U20: r | V20: r | W20: r | X20: r | Y20: r | Z20: r | AA20: r | AB20: r | AC20: r | AD20: r | AE20: r | AF20: r | AG20: r | AH20: r
A21: IPA | B21: ɾ | C21: ɾ | D21: ɾ | E21: ɾ | F21: ɾ | G21: ɾ | H21: ɾ | I21: ɾ | J21: ɾ | K21: ɾ | L21: ɾ | M21: ɾ | N21: ɾ (ʀ) | O21: ɾ | P21: ʁ (ʀ) | Q21: ʁ (ʀ) | R21: ʀ | S21: ɾ (ʀ) | T21: ɾ | U21: ɾ | V21: ɾ | W21: ɾ | X21: ɾ | Y21: ɾ | Z21: ɾ~ɽ | AA21: ɾ | AB21: ɾ | AC21: ɾ | AD21: ɾ | AE21: ɽ | AF21: ɾ | AG21: ɾ | AH21: ɾ
A22: IPA key | B22: 83 | C22: 83 | D22: 83 | E22: 83 | F22: 83 | G22: 83 | H22: 83 | I22: 83 | J22: 83 | K22: 83 | L22: 83 | M22: 83 | N22: 143 | O22: 83 | P22: 142 | Q22: 142 | R22: 81 | S22: 143 | T22: 83 | U22: 83 | V22: 83 | W22: 83 | X22: 83 | Y22: 83 | Z22: 146 | AA22: 83 | AB22: 83 | AC22: 83 | AD22: 83 | AE22: 80 | AF22: 83 | AG22: 83 | AH22: 83
A23: Consonantal +/− | B23: + | C23: + | D23: + | E23: + | F23: + | G23: + | H23: + | I23: + | J23: + | K23: + | L23: + | M23: + | N23: + | O23: + | P23: + | Q23: + | R23: + | S23: + | T23: + | U23: + | V23: + | W23: + | X23: + | Y23: + | Z23: + | AA23: + | AB23: + | AC23: + | AD23: + | AE23: + | AF23: + | AG23: + | AH23: +
A24: Voice +/− | B24: + | C24: + | D24: + | E24: + | F24: + | G24: + | H24: + | I24: + | J24: + | K24: + | L24: + | M24: + | N24: + | O24: + | P24: + | Q24: + | R24: + | S24: + | T24: + | U24: + | V24: + | W24: + | X24: + | Y24: + | Z24: + | AA24: + | AB24: + | AC24: + | AD24: + | AE24: + | AF24: + | AG24: + | AH24: +
A25: Sibilant +/− | B25: − | C25: − | D25: − | E25: − | F25: − | G25: − | H25: − | I25: − | J25: − | K25: − | L25: − | M25: − | N25: − | O25: − | P25: − | Q25: − | R25: − | S25: − | T25: − | U25: − | V25: − | W25: − | X25: − | Y25: − | Z25: − | AA25: − | AB25: − | AC25: − | AD25: − | AE25: − | AF25: − | AG25: − | AH25: −
A26: Lateral +/− | B26: − | C26: − | D26: − | E26: − | F26: − | G26: − | H26: − | I26: − | J26: − | K26: − | L26: − | M26: − | N26: − | O26: − | P26: − | Q26: − | R26: − | S26: − | T26: − | U26: − | V26: − | W26: − | X26: − | Y26: − | Z26: − | AA26: − | AB26: − | AC26: − | AD26: − | AE26: − | AF26: − | AG26: − | AH26: −
A27: Place of articulation | B27: D | C27: D | D27: D | E27: D | F27: D | G27: D | H27: D | I27: D | J27: D | K27: D | L27: D | M27: D | N27: D (Q) | O27: D | P27: Q | Q27: Q | R27: Q | S27: D (Q) | T27: D | U27: D | V27: D | W27: D | X27: D | Y27: D | Z27: D~Ɉ | AA27: D | AB27: D | AC27: D | AD27: D | AE27: Ɉ | AF27: D | AG27: D | AH27: D
A28: Place value | B28: 0.75 | C28: 0.75 | D28: 0.75 | E28: 0.75 | F28: 0.75 | G28: 0.75 | H28: 0.75 | I28: 0.75 | J28: 0.75 | K28: 0.75 | L28: 0.75 | M28: 0.75 | N28: =AVERAGE(0.75,0.75,-4) -> -0.83333333 | O28: 0.75 | P28: -4 | Q28: -4 | R28: -4 | S28: =AVERAGE(0.75,0.75,-4) -> -0.83333333 | T28: 0.75 | U28: 0.75 | V28: 0.75 | W28: 0.75 | X28: 0.75 | Y28: 0.75 | Z28: =AVERAGE(0.75,-1.25) -> -0.25 | AA28: 0.75 | AB28: 0.75 | AC28: 0.75 | AD28: 0.75 | AE28: -1.25 | AF28: 0.75 | AG28: 0.75 | AH28: 0.75
A29: Manner of articulation | B29: L | C29: L | D29: L | E29: L | F29: L | G29: L | H29: L | I29: L | J29: L | K29: L | L29: L | M29: L | N29: L | O29: L | P29: F (L) | Q29: F (L) | R29: L | S29: L | T29: L | U29: L | V29: L | W29: L | X29: L | Y29: L | Z29: L | AA29: L | AB29: L | AC29: L | AD29: L | AE29: L | AF29: L | AG29: L | AH29: L
A30: Sonority value | B30: 0.875 | C30: 0.875 | D30: 0.875 | E30: 0.875 | F30: 0.875 | G30: 0.875 | H30: 0.875 | I30: 0.875 | J30: 0.875 | K30: 0.875 | L30: 0.875 | M30: 0.875 | N30: =AVERAGE(0.875,0.875,1.25) -> 1 | O30: 0.875 | P30: =AVERAGE(2,2,1.25) -> 1.75 | Q30: =AVERAGE(2,2,1.25) -> 1.75 | R30: 1.25 | S30: =AVERAGE(0.875,0.875,1.25) -> 1 | T30: 0.875 | U30: 0.875 | V30: 0.875 | W30: 0.875 | X30: 0.875 | Y30: 0.875 | Z30: =AVERAGE(0.875,1.25) -> 1.0625 | AA30: 0.875 | AB30: 0.875 | AC30: 0.875 | AD30: 0.875 | AE30: 1.25 | AF30: 0.875 | AG30: 0.875 | AH30: 0.875
A32: Overview of common sound changes
A33: tɾ // #_ | B33: typically /tɾ/

Sheet 036 DR-
A1: A - Consonantism | D1: 1. Initial Position | I1: 1.2 Groups of two consonants
A3: Number | B3: 36 | F3: Latin Reference Words
A4: Treatment | B4: DR- | F4: DRĂPPU, DIRECTU > D(I)RITTU
A5: Environment | B5: #_
A7: Languages | B7: LAT | C7: EU POR | D7: BR POR | E7: GAL | F7: ASL | G7: CAS ESP | H7: AND ESP | I7: AMR ESP | J7: ARG | K7: CAT | L7: VAL | M7: BAL | N7: OCC | O7: GAS OCC | P7: EU FRA | Q7: QBC FRA | R7: WAL | S7: ARP | T7: LIG | U7: LMO | V7: RMH | W7: FUR | X7: LOG SRD | Y7: CPN SRD | Z7: COR | AA7: ITA | AB7: ABR | AC7: CAM | AD7: PGL | AE7: SCN | AF7: VEN | AG7: ARO | AH7: ROM
A8: Grapheme | B8: D | C8: d | D8: d | E8: d | F8: d | G8: d | H8: d | I8: d | J8: d | K8: d | L8: d | M8: d | N8: d | O8: d | P8: d | Q8: d | R8: d | S8: d | T8: d | U8: d | V8: d | W8: d | X8: d | Y8: d | Z8: d | AA8: d | AB8: d | AC8: d | AD8: d | AE8: d | AF8: d | AG8: d | AH8: d
A9: IPA | B9: d̪ | C9: d̪ | D9: d̪ | E9: d̪ | F9: d̪ | G9: d̪ | H9: d̪ | I9: d̪ | J9: d̪ | K9: d̪ | L9: d̪ | M9: d̪ | N9: d̪ | O9: d̪ | P9: d̪ | Q9: d̪ | R9: d̪ | S9: d̪ | T9: d̪ | U9: d̪ | V9: d̪ | W9: d̪ | X9: d̪ | Y9: d̪ | Z9: d̪~ɖ | AA9: d̪ | AB9: d̪ | AC9: d̪ | AD9: d̪ | AE9: ɖ | AF9: d̪ | AG9: d̪ | AH9: d̪
A10: IPA key | B10: 6 | C10: 6 | D10: 6 | E10: 6 | F10: 6 | G10: 6 | H10: 6 | I10: 6 | J10: 6 | K10: 6 | L10: 6 | M10: 6 | N10: 6 | O10: 6 | P10: 6 | Q10: 6 | R10: 6 | S10: 6 | T10: 6 | U10: 6 | V10: 6 | W10: 6 | X10: 6 | Y10: 6 | Z10: 147 | AA10: 6 | AB10: 6 | AC10: 6 | AD10: 6 | AE10: 14 | AF10: 6 | AG10: 6 | AH10: 6
A11: Consonantal +/− | B11: + | C11: + | D11: + | E11: + | F11: + | G11: + | H11: + | I11: + | J11: + | K11: + | L11: + | M11: + | N11: + | O11: + | P11: + | Q11: + | R11: + | S11: + | T11: + | U11: + | V11: + | W11: + | X11: + | Y11: + | Z11: + | AA11: + | AB11: + | AC11: + | AD11: + | AE11: + | AF11: + | AG11: + | AH11: +
A12: Voice +/− | B12: + | C12: + | D12: + | E12: + | F12: + | G12: + | H12: + | I12: + | J12: + | K12: + | L12: + | M12: + | N12: + | O12: + | P12: + | Q12: + | R12: + | S12: + | T12: + | U12: + | V12: + | W12: + | X12: + | Y12: + | Z12: + | AA12: + | AB12: + | AC12: + | AD12: + | AE12: + | AF12: + | AG12: + | AH12: +
A13: Sibilant +/− | B13: − | C13: − | D13: − | E13: − | F13: − | G13: − | H13: − | I13: − | J13: − | K13: − | L13: − | M13: − | N13: − | O13: − | P13: − | Q13: − | R13: − | S13: − | T13: − | U13: − | V13: − | W13: − | X13: − | Y13: − | Z13: − | AA13: − | AB13: − | AC13: − | AD13: − | AE13: − | AF13: − | AG13: − | AH13: −
A14: Lateral +/− | B14: − | C14: − | D14: − | E14: − | F14: − | G14: − | H14: − | I14: − | J14: − | K14: − | L14: − | M14: − | N14: − | O14: − | P14: − | Q14: − | R14: − | S14: − | T14: − | U14: − | V14: − | W14: − | X14: − | Y14: − | Z14: − | AA14: − | AB14: − | AC14: − | AD14: − | AE14: − | AF14: − | AG14: − | AH14: −
A15: Place of articulation | B15: D | C15: D | D15: D | E15: D | F15: D | G15: D | H15: D | I15: D | J15: D | K15: D | L15: D | M15: D | N15: D | O15: D | P15: D | Q15: D | R15: D | S15: D | T15: D | U15: D | V15: D | W15: D | X15: D | Y15: D | Z15: D~Ɉ | AA15: D | AB15: D | AC15: D | AD15: D | AE15: Ɉ | AF15: D | AG15: D | AH15: D
A16: Place value | B16: =5/3 -> 1.6666667 | C16: =5/3 -> 1.6666667 | D16: =5/3 -> 1.6666667 | E16: =5/3 -> 1.6666667 | F16: =5/3 -> 1.6666667 | G16: =5/3 -> 1.6666667 | H16: =5/3 -> 1.6666667 | I16: =5/3 -> 1.6666667 | ... Y16: =5/3 -> 1.6666667 | Z16: =AVERAGE(7/3,-1.25) -> 0.54166667 | AA16: =5/3 -> 1.6666667 | AB16: =5/3 -> 1.6666667 | AC16: =5/3 -> 1.6666667 | AD16: =5/3 -> 1.6666667 | AE16: -1.25 | AF16: =5/3 -> 1.6666667 | AG16: =5/3 -> 1.6666667 | AH16: =5/3 -> 1.6666667
A17: Manner of articulation | B17: P | C17: P | D17: P | E17: P | F17: P | G17: P | H17: P | I17: P | J17: P | K17: P | L17: P | M17: P | N17: P | O17: P | P17: P | Q17: P | R17: P | S17: P | T17: P | U17: P | V17: P | W17: P | X17: P | Y17: P | Z17: P | AA17: P | AB17: P | AC17: P | AD17: P | AE17: P | AF17: P | AG17: P | AH17: P
A18: Sonority value | B18: 4 | C18: 4 | D18: 4 | E18: 4 | F18: 4 | G18: 4 | H18: 4 | I18: 4 | J18: 4 | K18: 4 | L18: 4 | M18: 4 | N18: 4 | O18: 4 | P18: 4 | Q18: 4 | R18: 4 | S18: 4 | T18: 4 | U18: 4 | V18: 4 | W18: 4 | X18: 4 | Y18: 4 | Z18: 4 | AA18: 4 | AB18: 4 | AC18: 4 | AD18: 4 | AE18: 4 | AF18: 4 | AG18: 4 | AH18: 4
A20: Grapheme | B20: R | C20: r | D20: r | E20: r | F20: r | G20: r | H20: r | I20: r | J20: r | K20: r | L20: r | M20: r | N20: r | O20: r | P20: r | Q20: r | R20: r | S20: r | T20: r | U20: r | V20: r | W20: r | X20: r | Y20: r | Z20: r | AA20: r | AB20: r | AC20: r | AD20: r | AE20: r | AF20: r | AG20: r | AH20: r
A21: IPA | B21: ɾ | C21: ɾ | D21: ɾ | E21: ɾ | F21: ɾ | G21: ɾ | H21: ɾ | I21: ɾ | J21: ɾ | K21: ɾ | L21: ɾ | M21: ɾ | N21: ɾ (ʀ) | O21: ɾ | P21: ʁ (ʀ) | Q21: ʁ (ʀ) | R21: ʀ | S21: ɾ (ʀ) | T21: ɾ | U21: ɾ | V21: ɾ | W21: ɾ | X21: ɾ | Y21: ɾ | Z21: ɾ~ɽ | AA21: ɾ | AB21: ɾ | AC21: ɾ | AD21: ɾ | AE21: ɽ | AF21: ɾ | AG21: ɾ | AH21: ɾ
A22: IPA key | B22: 83 | C22: 83 | D22: 83 | E22: 83 | F22: 83 | G22: 83 | H22: 83 | I22: 83 | J22: 83 | K22: 83 | L22: 83 | M22: 83 | N22: 143 | O22: 83 | P22: 142 | Q22: 142 | R22: 81 | S22: 143 | T22: 83 | U22: 83 | V22: 83 | W22: 83 | X22: 83 | Y22: 83 | Z22: 146 | AA22: 83 | AB22: 83 | AC22: 83 | AD22: 83 | AE22: 80 | AF22: 83 | AG22: 83 | AH22: 83
A23: Consonantal +/− | B23: + | C23: + | D23: + | E23: + | F23: + | G23: + | H23: + | I23: + | J23: + | K23: + | L23: + | M23: + | N23: + | O23: + | P23: + | Q23: + | R23: + | S23: + | T23: + | U23: + | V23: + | W23: + | X23: + | Y23: + | Z23: + | AA23: + | AB23: + | AC23: + | AD23: + | AE23: + | AF23: + | AG23: + | AH23: +
A24: Voice +/− | B24: + | C24: + | D24: + | E24: + | F24: + | G24: + | H24: + | I24: + | J24: + | K24: + | L24: + | M24: + | N24: + | O24: + | P24: + | Q24: + | R24: + | S24: + | T24: + | U24: + | V24: + | W24: + | X24: + | Y24: + | Z24: + | AA24: + | AB24: + | AC24: + | AD24: + | AE24: + | AF24: + | AG24: + | AH24: +
A25: Sibilant +/− | B25: − | C25: − | D25: − | E25: − | F25: − | G25: − | H25: − | I25: − | J25: − | K25: − | L25: − | M25: − | N25: − | O25: − | P25: − | Q25: − | R25: − | S25: − | T25: − | U25: − | V25: − | W25: − | X25: − | Y25: − | Z25: − | AA25: − | AB25: − | AC25: − | AD25: − | AE25: − | AF25: − | AG25: − | AH25: −
A26: Lateral +/− | B26: − | C26: − | D26: − | E26: − | F26: − | G26: − | H26: − | I26: − | J26: − | K26: − | L26: − | M26: − | N26: − | O26: − | P26: − | Q26: − | R26: − | S26: − | T26: − | U26: − | V26: − | W26: − | X26: − | Y26: − | Z26: − | AA26: − | AB26: − | AC26: − | AD26: − | AE26: − | AF26: − | AG26: − | AH26: −
A27: Place of articulation | B27: D | C27: D | D27: D | E27: D | F27: D | G27: D | H27: D | I27: D | J27: D | K27: D | L27: D | M27: D | N27: D (Q) | O27: D | P27: Q | Q27: Q | R27: Q | S27: D (Q) | T27: D | U27: D | V27: D | W27: D | X27: D | Y27: D | Z27: D~Ɉ | AA27: D | AB27: D | AC27: D | AD27: D | AE27: Ɉ | AF27: D | AG27: D | AH27: D
A28: Place value | B28: 0.75 | C28: 0.75 | D28: 0.75 | E28: 0.75 | F28: 0.75 | G28: 0.75 | H28: 0.75 | I28: 0.75 | J28: 0.75 | K28: 0.75 | L28: 0.75 | M28: 0.75 | N28: =AVERAGE(0.75,0.75,-4) -> -0.83333333 | O28: 0.75 | P28: -4 | Q28: -4 | R28: -4 | S28: =AVERAGE(0.75,0.75,-4) -> -0.83333333 | T28: 0.75 | U28: 0.75 | V28: 0.75 | W28: 0.75 | X28: 0.75 | Y28: 0.75 | Z28: =AVERAGE(0.75,-1.25) -> -0.25 | AA28: 0.75 | AB28: 0.75 | AC28: 0.75 | AD28: 0.75 | AE28: -1.25 | AF28: 0.75 | AG28: 0.75 | AH28: 0.75
A29: Manner of articulation | B29: L | C29: L | D29: L | E29: L | F29: L | G29: L | H29: L | I29: L | J29: L | K29: L | L29: L | M29: L | N29: L | O29: L | P29: F (L) | Q29: F (L) | R29: L | S29: L | T29: L | U29: L | V29: L | W29: L | X29: L | Y29: L | Z29: L | AA29: L | AB29: L | AC29: L | AD29: L | AE29: L | AF29: L | AG29: L | AH29: L
A30: Sonority value | B30: 0.875 | C30: 0.875 | D30: 0.875 | E30: 0.875 | F30: 0.875 | G30: 0.875 | H30: 0.875 | I30: 0.875 | J30: 0.875 | K30: 0.875 | L30: 0.875 | M30: 0.875 | N30: =AVERAGE(0.875,0.875,1.25) -> 1 | O30: 0.875 | P30: =AVERAGE(2,2,1.25) -> 1.75 | Q30: =AVERAGE(2,2,1.25) -> 1.75 | R30: 1.25 | S30: =AVERAGE(0.875,0.875,1.25) -> 1 | T30: 0.875 | U30: 0.875 | V30: 0.875 | W30: 0.875 | X30: 0.875 | Y30: 0.875 | Z30: =AVERAGE(0.875,1.25) -> 1.0625 | AA30: 0.875 | AB30: 0.875 | AC30: 0.875 | AD30: 0.875 | AE30: 1.25 | AF30: 0.875 | AG30: 0.875 | AH30: 0.875
A32: Overview of common sound changes
A33: dɾ // #_ | B33: typically /dɾ/

Sheet 037 CR-
A1: A - Consonantism | D1: 1. Initial Position | I1: 1.2 Groups of two consonants
A3: Number | B3: 37 | F3: Latin Reference Words
A4: Treatment | B4: CR- | F4: 037a) CRĪTĀRE, CRŬCE, CRĬSTA, CRŬSTA; 037b) CRĀTE, CRĂSSU/-ĬA
A5: Environment | B5: #_
A7: Languages | B7: LAT | C7: EU POR | D7: BR POR | E7: GAL | F7: ASL | G7: CAS ESP | H7: AND ESP | I7: AMR ESP | J7: ARG | K7: CAT | L7: VAL | M7: BAL | N7: OCC | O7: GAS OCC | P7: EU FRA | Q7: QBC FRA | R7: WAL | S7: ARP | T7: LIG | U7: LMO | V7: RMH | W7: FUR | X7: LOG SRD | Y7: CPN SRD | Z7: COR | AA7: ITA | AB7: ABR | AC7: CAM | AD7: PGL | AE7: SCN | AF7: VEN | AG7: ARO | AH7: ROM
A8: Grapheme | B8: C | C8: c | D8: c | E8: c | F8: c | G8: c | H8: c | I8: c | J8: c | K8: c | L8: c | M8: c | N8: c | O8: c | P8: c | Q8: c | R8: c | S8: c | T8: c | U8: c | V8: c | W8: c | X8: c | Y8: c | Z8: c | AA8: c | AB8: c | AC8: c | AD8: c | AE8: c | AF8: c | AG8: c | AH8: c
A9: IPA | B9: k | C9: k | D9: k | E9: k | F9: k | G9: k | H9: k | I9: k | J9: k | K9: k | L9: k | M9: k | N9: k | O9: k | P9: k | Q9: k | R9: k | S9: k | T9: k | U9: k | V9: k | W9: k | X9: k | Y9: k | Z9: k | AA9: k | AB9: k | AC9: k | AD9: k | AE9: k | AF9: k | AG9: k | AH9: k
A10: IPA key | B10: 19 | C10: 19 | D10: 19 | E10: 19 | F10: 19 | G10: 19 | H10: 19 | I10: 19 | J10: 19 | K10: 19 | L10: 19 | M10: 19 | N10: 19 | O10: 19 | P10: 19 | Q10: 19 | R10: 19 | S10: 19 | T10: 19 | U10: 19 | V10: 19 | W10: 19 | X10: 19 | Y10: 19 | Z10: 19 | AA10: 19 | AB10: 19 | AC10: 19 | AD10: 19 | AE10: 19 | AF10: 19 | AG10: 19 | AH10: 19
A11: Consonantal +/− | B11: + | C11: + | D11: + | E11: + | F11: + | G11: + | H11: + | I11: + | J11: + | K11: + | L11: + | M11: + | N11: + | O11: + | P11: + | Q11: + | R11: + | S11: + | T11: + | U11: + | V11: + | W11: + | X11: + | Y11: + | Z11: + | AA11: + | AB11: + | AC11: + | AD11: + | AE11: + | AF11: + | AG11: + | AH11: +
A12: Voice +/− | B12: − | C12: − | D12: − | E12: − | F12: − | G12: − | H12: − | I12: − | J12: − | K12: − | L12: − | M12: − | N12: − | O12: − | P12: − | Q12: − | R12: − | S12: − | T12: − | U12: − | V12: − | W12: − | X12: − | Y12: − | Z12: − | AA12: − | AB12: − | AC12: − | AD12: − | AE12: − | AF12: − | AG12: − | AH12: −
A13: Sibilant +/− | B13: − | C13: − | D13: − | E13: − | F13: − | G13: − | H13: − | I13: − | J13: − | K13: − | L13: − | M13: − | N13: − | O13: − | P13: − | Q13: − | R13: − | S13: − | T13: − | U13: − | V13: − | W13: − | X13: − | Y13: − | Z13: − | AA13: − | AB13: − | AC13: − | AD13: − | AE13: − | AF13: − | AG13: − | AH13: −
A14: Lateral +/− | B14: − | C14: − | D14: − | E14: − | F14: − | G14: − | H14: − | I14: − | J14: − | K14: − | L14: − | M14: − | N14: − | O14: − | P14: − | Q14: − | R14: − | S14: − | T14: − | U14: − | V14: − | W14: − | X14: − | Y14: − | Z14: − | AA14: − | AB14: − | AC14: − | AD14: − | AE14: − | AF14: − | AG14: − | AH14: −
A15: Place of articulation | B15: K | C15: K | D15: K | E15: K | F15: K | G15: K | H15: K | I15: K | J15: K | K15: K | L15: K | M15: K | N15: K | O15: K | P15: K | Q15: K | R15: K | S15: K | T15: K | U15: K | V15: K | W15: K | X15: K | Y15: K | Z15: K | AA15: K | AB15: K | AC15: K | AD15: K | AE15: K | AF15: K | AG15: K | AH15: K
A16: Place value | B16: -3 | C16: -3 | D16: -3 | E16: -3 | F16: -3 | G16: -3 | H16: -3 | I16: -3 | J16: -3 | K16: -3 | L16: -3 | M16: -3 | N16: -3 | O16: -3 | P16: -3 | Q16: -3 | R16: -3 | S16: -3 | T16: -3 | U16: -3 | V16: -3 | W16: -3 | X16: -3 | Y16: -3 | Z16: -3 | AA16: -3 | AB16: -3 | AC16: -3 | AD16: -3 | AE16: -3 | AF16: -3 | AG16: -3 | AH16: -3
A17: Manner of articulation | B17: P | C17: P | D17: P | E17: P | F17: P | G17: P | H17: P | I17: P | J17: P | K17: P | L17: P | M17: P | N17: P | O17: P | P17: P | Q17: P | R17: P | S17: P | T17: P | U17: P | V17: P | W17: P | X17: P | Y17: P | Z17: P | AA17: P | AB17: P | AC17: P | AD17: P | AE17: P | AF17: P | AG17: P | AH17: P
A18: Sonority value | B18: 4 | C18: 4 | D18: 4 | E18: 4 | F18: 4 | G18: 4 | H18: 4 | I18: 4 | J18: 4 | K18: 4 | L18: 4 | M18: 4 | N18: 4 | O18: 4 | P18: 4 | Q18: 4 | R18: 4 | S18: 4 | T18: 4 | U18: 4 | V18: 4 | W18: 4 | X18: 4 | Y18: 4 | Z18: 4 | AA18: 4 | AB18: 4 | AC18: 4 | AD18: 4 | AE18: 4 | AF18: 4 | AG18: 4 | AH18: 4
A20: Grapheme | B20: R | C20: r | D20: r | E20: r | F20: r | G20: r | H20: r | I20: r | J20: r | K20: r | L20: r | M20: r | N20: r | O20: r | P20: r | Q20: r | R20: r | S20: r | T20: r | U20: r | V20: r | W20: r | X20: r | Y20: r | Z20: r | AA20: r | AB20: r | AC20: r | AD20: r | AE20: r | AF20: r | AG20: r | AH20: r
A21: IPA | B21: ɾ | C21: ɾ | D21: ɾ | E21: ɾ | F21: ɾ | G21: ɾ | H21: ɾ | I21: ɾ | J21: ɾ | K21: ɾ | L21: ɾ | M21: ɾ | N21: ɾ (ʀ) | O21: ɾ | P21: ʁ (ʀ) | Q21: ʁ (ʀ) | R21: ʀ | S21: ɾ (ʀ) | T21: ɾ | U21: ɾ | V21: ɾ | W21: ɾ | X21: ɾ | Y21: ɾ | Z21: ɾ | AA21: ɾ | AB21: ɾ | AC21: ɾ | AD21: ɾ | AE21: ɾ | AF21: ɾ | AG21: ɾ | AH21: ɾ
A22: IPA key | B22: 83 | C22: 83 | D22: 83 | E22: 83 | F22: 83 | G22: 83 | H22: 83 | I22: 83 | J22: 83 | K22: 83 | L22: 83 | M22: 83 | N22: 143 | O22: 83 | P22: 142 | Q22: 142 | R22: 81 | S22: 143 | T22: 83 | U22: 83 | V22: 83 | W22: 83 | X22: 83 | Y22: 83 | Z22: 83 | AA22: 83 | AB22: 83 | AC22: 83 | AD22: 83 | AE22: 83 | AF22: 83 | AG22: 83 | AH22: 83
A23: Consonantal +/− | B23: + | C23: + | D23: + | E23: + | F23: + | G23: + | H23: + | I23: + | J23: + | K23: + | L23: + | M23: + | N23: + | O23: + | P23: + | Q23: + | R23: + | S23: + | T23: + | U23: + | V23: + | W23: + | X23: + | Y23: + | Z23: + | AA23: + | AB23: + | AC23: + | AD23: + | AE23: + | AF23: + | AG23: + | AH23: +
A24: Voice +/− | B24: + | C24: + | D24: + | E24: + | F24: + | G24: + | H24: + | I24: + | J24: + | K24: + | L24: + | M24: + | N24: + | O24: + | P24: + | Q24: + | R24: + | S24: + | T24: + | U24: + | V24: + | W24: + | X24: + | Y24: + | Z24: + | AA24: + | AB24: + | AC24: + | AD24: + | AE24: + | AF24: + | AG24: + | AH24: +
A25: Sibilant +/− | B25: − | C25: − | D25: − | E25: − | F25: − | G25: − | H25: − | I25: − | J25: − | K25: − | L25: − | M25: − | N25: − | O25: − | P25: − | Q25: − | R25: − | S25: − | T25: − | U25: − | V25: − | W25: − | X25: − | Y25: − | Z25: − | AA25: − | AB25: − | AC25: − | AD25: − | AE25: − | AF25: − | AG25: − | AH25: −
A26: Lateral +/− | B26: − | C26: − | D26: − | E26: − | F26: − | G26: − | H26: − | I26: − | J26: − | K26: − | L26: − | M26: − | N26: − | O26: − | P26: − | Q26: − | R26: − | S26: − | T26: − | U26: − | V26: − | W26: − | X26: − | Y26: − | Z26: − | AA26: − | AB26: − | AC26: − | AD26: − | AE26: − | AF26: − | AG26: − | AH26: −
A27: Place of articulation | B27: D | C27: D | D27: D | E27: D | F27: D | G27: D | H27: D | I27: D | J27: D | K27: D | L27: D | M27: D | N27: D (Q) | O27: D | P27: Q | Q27: Q | R27: Q | S27: D (Q) | T27: D | U27: D | V27: D | W27: D | X27: D | Y27: D | Z27: D | AA27: D | AB27: D | AC27: D | AD27: D | AE27: D | AF27: D | AG27: D | AH27: D
A28: Place value | B28: 0.75 | C28: 0.75 | D28: 0.75 | E28: 0.75 | F28: 0.75 | G28: 0.75 | H28: 0.75 | I28: 0.75 | J28: 0.75 | K28: 0.75 | L28: 0.75 | M28: 0.75 | N28: =AVERAGE(0.75,0.75,-4) -> -0.83333333 | O28: 0.75 | P28: -4 | Q28: -4 | R28: -4 | S28: =AVERAGE(0.75,0.75,-4) -> -0.83333333 | T28: 0.75 | U28: 0.75 | V28: 0.75 | W28: 0.75 | X28: 0.75 | Y28: 0.75 | Z28: 0.75 | AA28: 0.75 | AB28: 0.75 | AC28: 0.75 | AD28: 0.75 | AE28: 0.75 | AF28: 0.75 | AG28: 0.75 | AH28: 0.75
A29: Manner of articulation | B29: L | C29: L | D29: L | E29: L | F29: L | G29: L | H29: L | I29: L | J29: L | K29: L | L29: L | M29: L | N29: L | O29: L | P29: F (L) | Q29: F (L) | R29: L | S29: L | T29: L | U29: L | V29: L | W29: L | X29: L | Y29: L | Z29: L | AA29: L | AB29: L | AC29: L | AD29: L | AE29: L | AF29: L | AG29: L | AH29: L
A30: Sonority value | B30: 0.875 | C30: 0.875 | D30: 0.875 | E30: 0.875 | F30: 0.875 | G30: 0.875 | H30: 0.875 | I30: 0.875 | J30: 0.875 | K30: 0.875 | L30: 0.875 | M30: 0.875 | N30: =AVERAGE(0.875,0.875,1.25) -> 1 | O30: 0.875 | P30: =AVERAGE(2,2,1.25) -> 1.75 | Q30: =AVERAGE(2,2,1.25) -> 1.75 | R30: 1.25 | S30: =AVERAGE(0.875,0.875,1.25) -> 1 | T30: 0.875 | U30: 0.875 | V30: 0.875 | W30: 0.875 | X30: 0.875 | Y30: 0.875 | Z30: 0.875 | AA30: 0.875 | AB30: 0.875 | AC30: 0.875 | AD30: 0.875 | AE30: 0.875 | AF30: 0.875 | AG30: 0.875 | AH30: 0.875
A32: Overview of common sound changes
A33: 037a: kɾ // #_ | B33: typically /kɾ/
A34: 037b: kɾ / ɡr / #_ | B34: typically voiced to /ɡr/

Sheet 038 CL-
A1: A - Consonantism | D1: 1. Initial Position | I1: 1.2 Groups of two consonants
A3: Number | B3: 38 | F3: Latin Reference Words
A4: Treatment | B4: CL- | F4: 038a) CLĀVE, CLAUDERE, CLAUDU, CLĀMĀRE; 038b) CLĂSSU, *CLŌCIĀRE; 038c) CLĪNĀRE
A5: Environment | B5: #_
A7: Languages | B7: LAT | C7: EU POR | D7: BR POR | E7: GAL | F7: ASL | G7: CAS ESP | H7: AND ESP | I7: AMR ESP | J7: ARG | K7: CAT | L7: VAL | M7: BAL | N7: OCC | O7: GAS OCC | P7: EU FRA | Q7: QBC FRA | R7: WAL | S7: ARP | T7: LIG | U7: LMO | V7: RMH | W7: FUR | X7: LOG SRD | Y7: CPN SRD | Z7: COR | AA7: ITA | AB7: ABR | AC7: CAM | AD7: PGL | AE7: SCN | AF7: VEN | AG7: ARO | AH7: ROM | AJ7: EU FRA | AK7: LAT
A8: Grapheme | B8: C | C8: ch | D8: ch | E8: ch | J8: c | K8: c | L8: c | M8: c | N8: c | O8: c | P8: c | Q8: c | R8: c | S8: c | T8: ci | U8: ci | V8: c | W8: c | X8: c | Y8: c | Z8: chj | AA8: ch | AB8: chi | AC8: chi | AD8: chi | AE8: chi | AF8: ci | AG8: c | AH8: ch | AJ8: g | AK8: C
A9: IPA | B9: k | C9: ʃ | D9: ʃ | E9: t̠͡ʃ | J9: k | K9: k | L9: k | M9: k | N9: k | O9: k | P9: k | Q9: k | R9: k | S9: ȶ~k | T9: t̠͡ʃ | U9: t̠͡ʃ | V9: k | W9: k | X9: k | Y9: k | Z9: c | AA9: k | AB9: c | AC9: c | AD9: c | AE9: c | AF9: t̠͡ʃ | AG9: k | AH9: k~c | AJ9: ɡ | AK9: k
