Workbook

Sheet Languages Overview
A1: Priority | B1: Language | D1: 1 | E1: 2 | F1: 3a | G1: 3b | H1: 3c | I1: 4a | J1: 4b | K1: 5a | L1: 5b | M1: 5c | N1: 6a | O1: 6b | P1: 7a | Q1: 7b | R1: 8 | S1: 9a | T1: 9b | U1: 10 | V1: 11 | W1: 12 | X1: 13 | Y1: 14 | Z1: 15 | AA1: 16 | AB1: 17 | AC1: 18 | AD1: 19 | AE1: 20 | AF1: 21 | AG1: 22 | AH1: 23 | AI1: 24 | AJ1: 25 | AK1: 26 | AL1: 27 | AM1: 28 | AN1: 29 | AO1: 30 | AP1: 31 | AQ1: 32 | AR1: 33 | AS1: 34 | AT1: 35 | AU1: 36 | AV1: 37 | AW1: 38 | AX1: 39 | AY1: 40 | AZ1: 41 | BA1: 42 | BB1: 43 | BC1: 44 | BD1: 45 | BE1: 46 | BF1: 47 | BG1: 48 | BH1: 49 | BI1: 50 | BJ1: 51 | BK1: 52 | BL1: 53 | BM1: 54 | BN1: 55 | BO1: 56 | BP1: 57 | BQ1: 58 | BR1: 59 | BS1: 60 | BT1: 61 | BU1: 62 | BV1: 63 | BW1: 64 | BX1: 65 | BY1: 66 | BZ1: 67 | CA1: 68 | CB1: 69 | CC1: 70 | CD1: 71 | CE1: 72 | CF1: 73 | CG1: 74 | CH1: 75 | CI1: 76 | CJ1: 77 | CK1: 78 | CL1: 79 | CM1: 80 | CN1: 81 | CO1: 82 | CP1: 83 | CQ1: 84 | CR1: 85 | CS1: 86 | CT1: 87 | CU1: 88 | CV1: 89 | CW1: 90 | CX1: 91 | CY1: 92 | CZ1: 93 | DA1: 94 | DB1: 95 | DC1: 96 | DD1: 97 | DE1: 98 | DF1: 99 | DG1: 100 | DH1: 101 | DI1: 102 | DJ1: 103 | DK1: 104
B2: LATĪNUM | C2: LAT | D2: ='001 B-'!B10 -> 2 | E2: ='002 B-'!B10 -> 2 | F2: ='003 T-'!B10 -> 5 | G2: ='003 T-'!B10 -> 5 | H2: ='003 T-'!B10 -> 5 | I2: ='004 T-'!B10 -> 5 | J2: ='004 T-'!B10 -> 5 | K2: ='005 D-'!B10 -> 6 | L2: ='005 D-'!B10 -> 6 | M2: ='005 D-'!B10 -> 6 | N2: ='006 D-'!B10 -> 6 | O2: ='006 D-'!B10 -> 6 | P2: ='007 C-'!B10 -> 19 | Q2: ='007 C-'!B10 -> 19 | R2: ='008 C-'!B10 -> 19 | S2: ='009 C-'!B10 -> 19 | T2: ='009 C-'!B10 -> 19 | U2: ='001 B-'!B10 | V2: ='001 B-'!B10 | W2: ='001 B-'!B10 | X2: ='001 B-'!B10 | Y2: ='001 B-'!B10 | Z2: ='001 B-'!B10 | AA2: ='001 B-'!B10 | AB2: ='001 B-'!B10 | AC2: ='001 B-'!B10 | AD2: ='001 B-'!B10 | AE2: ='001 B-'!B10 | AF2: ='001 B-'!B10 | AG2: ='001 B-'!B10 | AH2: ='001 B-'!B10 | AI2: ='001 B-'!B10 | AJ2: ='001 B-'!B10 | AK2: ='001 B-'!B10 | AL2: ='001 B-'!B10 | AM2: ='001 B-'!B10 | AN2: ='001 B-'!B10 | AO2: ='001 B-'!B10 | AP2: ='001 B-'!B10 | AQ2: ='001 B-'!B10 | AR2: ='001 B-'!B10 | AS2: ='001 B-'!B10 | AT2: ='001 B-'!B10 | AU2: ='001 B-'!B10 | AV2: ='001 B-'!B10 | AW2: ='001 B-'!B10 | AX2: ='001 B-'!B10 | AY2: ='001 B-'!B10 | AZ2: ='001 B-'!B10 | BA2: ='001 B-'!B10 | BB2: ='001 B-'!B10 | BC2: ='001 B-'!B10 | BD2: ='001 B-'!B10 | BE2: ='001 B-'!B10 | BF2: ='001 B-'!B10 | BG2: ='001 B-'!B10 | BH2: ='001 B-'!B10 | BI2: ='001 B-'!B10 | BJ2: ='001 B-'!B10 | BK2: ='001 B-'!B10 | BL2: ='001 B-'!B10 | BM2: ='001 B-'!B10 | BN2: ='001 B-'!B10 | BO2: ='001 B-'!B10 | BP2: ='001 B-'!B10 | BQ2: ='001 B-'!B10 | BR2: ='001 B-'!B10 | BS2: ='001 B-'!B10 | BT2: ='001 B-'!B10 | BU2: ='001 B-'!B10 | BV2: ='001 B-'!B10 | BW2: ='001 B-'!B10 | BX2: ='001 B-'!B10 | BY2: ='001 B-'!B10 | BZ2: ='001 B-'!B10 | CA2: ='001 B-'!B10 | CB2: ='001 B-'!B10 | CC2: ='001 B-'!B10 | CD2: ='001 B-'!B10 | CE2: ='001 B-'!B10 | CF2: ='001 B-'!B10 | CG2: ='001 B-'!B10 | CH2: ='001 B-'!B10 | CI2: ='001 B-'!B10 | CJ2: ='001 B-'!B10 | CK2: ='001 B-'!B10 | CL2: ='001 B-'!B10 | CM2: ='001 B-'!B10 | CN2: ='001 B-'!B10 | CO2: ='001 B-'!B10 | CP2: ='001 B-'!B10 | CQ2: ='001 B-'!B10 | CR2: ='001 B-'!B10 | CS2: ='001 B-'!B10 | CT2: ='001 B-'!B10 | CU2: ='001 B-'!B10 | CV2: ='001 B-'!B10 | CW2: ='001 B-'!B10 | CX2: ='001 B-'!B10 | CY2: ='001 B-'!B10 | CZ2: ='001 B-'!B10 | DA2: ='001 B-'!B10 | DB2: ='001 B-'!B10 | DC2: ='001 B-'!B10 | DD2: ='001 B-'!B10 | DE2: ='001 B-'!B10 | DF2: ='001 B-'!B10 | DG2: ='001 B-'!B10 | DH2: ='001 B-'!B10 | DI2: ='001 B-'!B10 | DJ2: ='001 B-'!B10 | DK2: ='001 B-'!B10
A3: * | B3: português europeu | C3: Portuguese | D3: ='001 B-'!C10 -> 2 | E3: ='002 B-'!C10 -> 2 | F3: ='003 T-'!C10 -> 5 | G3: ='003 T-'!C10 -> 5 | H3: ='003 T-'!C10 -> 5 | I3: ='004 T-'!C10 -> 5 | J3: ='004 T-'!C10 -> 5 | K3: ='005 D-'!C10 -> 6 | L3: ='005 D-'!C10 -> 6 | M3: ='005 D-'!C10 -> 6 | N3: ='006 D-'!C10 -> 6 | O3: ='006 D-'!C10 -> 6 | P3: ='007 C-'!C10 -> 120 | Q3: ='007 C-'!C10 -> 120 | R3: ='008 C-'!C10 -> 19 | S3: ='009 C-'!C10 -> 19 | T3: ='009 C-'!C10 -> 19 | U3: ='001 B-'!C10 | V3: ='001 B-'!C10 | W3: ='001 B-'!C10 | X3: ='001 B-'!C10 | Y3: ='001 B-'!C10 | Z3: ='001 B-'!C10 | AA3: ='001 B-'!C10 | AB3: ='001 B-'!C10 | AC3: ='001 B-'!C10 | AD3: ='001 B-'!C10 | AE3: ='001 B-'!C10 | AF3: ='001 B-'!C10 | AG3: ='001 B-'!C10 | AH3: ='001 B-'!C10 | AI3: ='001 B-'!C10 | AJ3: ='001 B-'!C10 | AK3: ='001 B-'!C10 | AL3: ='001 B-'!C10 | AM3: ='001 B-'!C10 | AN3: ='001 B-'!C10 | AO3: ='001 B-'!C10 | AP3: ='001 B-'!C10 | AQ3: ='001 B-'!C10 | AR3: ='001 B-'!C10 | AS3: ='001 B-'!C10 | AT3: ='001 B-'!C10 | AU3: ='001 B-'!C10 | AV3: ='001 B-'!C10 | AW3: ='001 B-'!C10 | AX3: ='001 B-'!C10 | AY3: ='001 B-'!C10 | AZ3: ='001 B-'!C10 | BA3: ='001 B-'!C10 | BB3: ='001 B-'!C10 | BC3: ='001 B-'!C10 | BD3: ='001 B-'!C10 | BE3: ='001 B-'!C10 | BF3: ='001 B-'!C10 | BG3: ='001 B-'!C10 | BH3: ='001 B-'!C10 | BI3: ='001 B-'!C10 | BJ3: ='001 B-'!C10 | BK3: ='001 B-'!C10 | BL3: ='001 B-'!C10 | BM3: ='001 B-'!C10 | BN3: ='001 B-'!C10 | BO3: ='001 B-'!C10 | BP3: ='001 B-'!C10 | BQ3: ='001 B-'!C10 | BR3: ='001 B-'!C10 | BS3: ='001 B-'!C10 | BT3: ='001 B-'!C10 | BU3: ='001 B-'!C10 | BV3: ='001 B-'!C10 | BW3: ='001 B-'!C10 | BX3: ='001 B-'!C10 | BY3: ='001 B-'!C10 | BZ3: ='001 B-'!C10 | CA3: ='001 B-'!C10 | CB3: ='001 B-'!C10 | CC3: ='001 B-'!C10 | CD3: ='001 B-'!C10 | CE3: ='001 B-'!C10 | CF3: ='001 B-'!C10 | CG3: ='001 B-'!C10 | CH3: ='001 B-'!C10 | CI3: ='001 B-'!C10 | CJ3: ='001 B-'!C10 | CK3: ='001 B-'!C10 | CL3: ='001 B-'!C10 | CM3: ='001 B-'!C10 | CN3: ='001 B-'!C10 | CO3: ='001 B-'!C10 | CP3: ='001 B-'!C10 | CQ3: ='001 B-'!C10 | CR3: ='001 B-'!C10 | CS3: ='001 B-'!C10 | CT3: ='001 B-'!C10 | CU3: ='001 B-'!C10 | CV3: ='001 B-'!C10 | CW3: ='001 B-'!C10 | CX3: ='001 B-'!C10 | CY3: ='001 B-'!C10 | CZ3: ='001 B-'!C10 | DA3: ='001 B-'!C10 | DB3: ='001 B-'!C10 | DC3: ='001 B-'!C10 | DD3: ='001 B-'!C10 | DE3: ='001 B-'!C10 | DF3: ='001 B-'!C10 | DG3: ='001 B-'!C10 | DH3: ='001 B-'!C10 | DI3: ='001 B-'!C10 | DJ3: ='001 B-'!C10 | DK3: ='001 B-'!C10
B4: português brasileiro | C4: Brazilian Portuguese | D4: ='001 B-'!D10 -> 2 | E4: ='002 B-'!D10 -> 2 | F4: ='003 T-'!D10 -> 5 | G4: ='003 T-'!D10 -> 5 | H4: ='003 T-'!AM10 -> 34 | I4: ='004 T-'!D10 -> 5 | J4: ='004 T-'!D10 -> 5 | K4: ='005 D-'!D10 -> 6 | L4: ='005 D-'!D10 -> 6 | M4: ='005 D-'!AM10 -> 35 | N4: ='006 D-'!D10 -> 6 | O4: ='006 D-'!D10 -> 6 | P4: ='007 C-'!D10 -> 50 | Q4: ='007 C-'!D10 -> 50 | R4: ='008 C-'!D10 -> 19 | S4: ='009 C-'!D10 -> 19 | T4: ='009 C-'!D10 -> 19 | U4: ='001 B-'!D10 | V4: ='001 B-'!D10 | W4: ='001 B-'!D10 | X4: ='001 B-'!D10 | Y4: ='001 B-'!D10 | Z4: ='001 B-'!D10 | AA4: ='001 B-'!D10 | AB4: ='001 B-'!D10 | AC4: ='001 B-'!D10 | AD4: ='001 B-'!D10 | AE4: ='001 B-'!D10 | AF4: ='001 B-'!D10 | AG4: ='001 B-'!D10 | AH4: ='001 B-'!D10 | AI4: ='001 B-'!D10 | AJ4: ='001 B-'!D10 | AK4: ='001 B-'!D10 | AL4: ='001 B-'!D10 | AM4: ='001 B-'!D10 | AN4: ='001 B-'!D10 | AO4: ='001 B-'!D10 | AP4: ='001 B-'!D10 | AQ4: ='001 B-'!D10 | AR4: ='001 B-'!D10 | AS4: ='001 B-'!D10 | AT4: ='001 B-'!D10 | AU4: ='001 B-'!D10 | AV4: ='001 B-'!D10 | AW4: ='001 B-'!D10 | AX4: ='001 B-'!D10 | AY4: ='001 B-'!D10 | AZ4: ='001 B-'!D10 | BA4: ='001 B-'!D10 | BB4: ='001 B-'!D10 | BC4: ='001 B-'!D10 | BD4: ='001 B-'!D10 | BE4: ='001 B-'!D10 | BF4: ='001 B-'!D10 | BG4: ='001 B-'!D10 | BH4: ='001 B-'!D10 | BI4: ='001 B-'!D10 | BJ4: ='001 B-'!D10 | BK4: ='001 B-'!D10 | BL4: ='001 B-'!D10 | BM4: ='001 B-'!D10 | BN4: ='001 B-'!D10 | BO4: ='001 B-'!D10 | BP4: ='001 B-'!D10 | BQ4: ='001 B-'!D10 | BR4: ='001 B-'!D10 | BS4: ='001 B-'!D10 | BT4: ='001 B-'!D10 | BU4: ='001 B-'!D10 | BV4: ='001 B-'!D10 | BW4: ='001 B-'!D10 | BX4: ='001 B-'!D10 | BY4: ='001 B-'!D10 | BZ4: ='001 B-'!D10 | CA4: ='001 B-'!D10 | CB4: ='001 B-'!D10 | CC4: ='001 B-'!D10 | CD4: ='001 B-'!D10 | CE4: ='001 B-'!D10 | CF4: ='001 B-'!D10 | CG4: ='001 B-'!D10 | CH4: ='001 B-'!D10 | CI4: ='001 B-'!D10 | CJ4: ='001 B-'!D10 | CK4: ='001 B-'!D10 | CL4: ='001 B-'!D10 | CM4: ='001 B-'!D10 | CN4: ='001 B-'!D10 | CO4: ='001 B-'!D10 | CP4: ='001 B-'!D10 | CQ4: ='001 B-'!D10 | CR4: ='001 B-'!D10 | CS4: ='001 B-'!D10 | CT4: ='001 B-'!D10 | CU4: ='001 B-'!D10 | CV4: ='001 B-'!D10 | CW4: ='001 B-'!D10 | CX4: ='001 B-'!D10 | CY4: ='001 B-'!D10 | CZ4: ='001 B-'!D10 | DA4: ='001 B-'!D10 | DB4: ='001 B-'!D10 | DC4: ='001 B-'!D10 | DD4: ='001 B-'!D10 | DE4: ='001 B-'!D10 | DF4: ='001 B-'!D10 | DG4: ='001 B-'!D10 | DH4: ='001 B-'!D10 | DI4: ='001 B-'!D10 | DJ4: ='001 B-'!D10 | DK4: ='001 B-'!D10
A5: * | B5: galego | C5: Galician | D5: ='001 B-'!E10 -> 2 | E5: ='002 B-'!E10 -> 2 | F5: ='003 T-'!E10 -> 5 | G5: ='003 T-'!E10 -> 5 | H5: ='003 T-'!E10 -> 5 | I5: ='004 T-'!E10 -> 5 | J5: ='004 T-'!E10 -> 5 | K5: ='005 D-'!E10 -> 6 | L5: ='005 D-'!E10 -> 6 | M5: ='005 D-'!E10 -> 6 | N5: ='006 D-'!E10 -> 6 | O5: ='006 D-'!E10 -> 6 | P5: ='007 C-'!E10 -> 102 | Q5: ='007 C-'!E10 -> 102 | R5: ='008 C-'!E10 -> 19 | S5: ='009 C-'!E10 -> 19 | T5: ='009 C-'!E10 -> 19 | U5: ='001 B-'!E10 | V5: ='001 B-'!E10 | W5: ='001 B-'!E10 | X5: ='001 B-'!E10 | Y5: ='001 B-'!E10 | Z5: ='001 B-'!E10 | AA5: ='001 B-'!E10 | AB5: ='001 B-'!E10 | AC5: ='001 B-'!E10 | AD5: ='001 B-'!E10 | AE5: ='001 B-'!E10 | AF5: ='001 B-'!E10 | AG5: ='001 B-'!E10 | AH5: ='001 B-'!E10 | AI5: ='001 B-'!E10 | AJ5: ='001 B-'!E10 | AK5: ='001 B-'!E10 | AL5: ='001 B-'!E10 | AM5: ='001 B-'!E10 | AN5: ='001 B-'!E10 | AO5: ='001 B-'!E10 | AP5: ='001 B-'!E10 | AQ5: ='001 B-'!E10 | AR5: ='001 B-'!E10 | AS5: ='001 B-'!E10 | AT5: ='001 B-'!E10 | AU5: ='001 B-'!E10 | AV5: ='001 B-'!E10 | AW5: ='001 B-'!E10 | AX5: ='001 B-'!E10 | AY5: ='001 B-'!E10 | AZ5: ='001 B-'!E10 | BA5: ='001 B-'!E10 | BB5: ='001 B-'!E10 | BC5: ='001 B-'!E10 | BD5: ='001 B-'!E10 | BE5: ='001 B-'!E10 | BF5: ='001 B-'!E10 | BG5: ='001 B-'!E10 | BH5: ='001 B-'!E10 | BI5: ='001 B-'!E10 | BJ5: ='001 B-'!E10 | BK5: ='001 B-'!E10 | BL5: ='001 B-'!E10 | BM5: ='001 B-'!E10 | BN5: ='001 B-'!E10 | BO5: ='001 B-'!E10 | BP5: ='001 B-'!E10 | BQ5: ='001 B-'!E10 | BR5: ='001 B-'!E10 | BS5: ='001 B-'!E10 | BT5: ='001 B-'!E10 | BU5: ='001 B-'!E10 | BV5: ='001 B-'!E10 | BW5: ='001 B-'!E10 | BX5: ='001 B-'!E10 | BY5: ='001 B-'!E10 | BZ5: ='001 B-'!E10 | CA5: ='001 B-'!E10 | CB5: ='001 B-'!E10 | CC5: ='001 B-'!E10 | CD5: ='001 B-'!E10 | CE5: ='001 B-'!E10 | CF5: ='001 B-'!E10 | CG5: ='001 B-'!E10 | CH5: ='001 B-'!E10 | CI5: ='001 B-'!E10 | CJ5: ='001 B-'!E10 | CK5: ='001 B-'!E10 | CL5: ='001 B-'!E10 | CM5: ='001 B-'!E10 | CN5: ='001 B-'!E10 | CO5: ='001 B-'!E10 | CP5: ='001 B-'!E10 | CQ5: ='001 B-'!E10 | CR5: ='001 B-'!E10 | CS5: ='001 B-'!E10 | CT5: ='001 B-'!E10 | CU5: ='001 B-'!E10 | CV5: ='001 B-'!E10 | CW5: ='001 B-'!E10 | CX5: ='001 B-'!E10 | CY5: ='001 B-'!E10 | CZ5: ='001 B-'!E10 | DA5: ='001 B-'!E10 | DB5: ='001 B-'!E10 | DC5: ='001 B-'!E10 | DD5: ='001 B-'!E10 | DE5: ='001 B-'!E10 | DF5: ='001 B-'!E10 | DG5: ='001 B-'!E10 | DH5: ='001 B-'!E10 | DI5: ='001 B-'!E10 | DJ5: ='001 B-'!E10 | DK5: ='001 B-'!E10
B6: asturlleonés | C6: Astur-Leonese | D6: ='001 B-'!F10 -> 2 | E6: ='002 B-'!F10 -> 2 | F6: ='003 T-'!F10 -> 5 | G6: ='003 T-'!F10 -> 5 | H6: ='003 T-'!F10 -> 5 | I6: ='004 T-'!F10 -> 5 | J6: ='004 T-'!F10 -> 5 | K6: ='005 D-'!F10 -> 6 | L6: ='005 D-'!F10 -> 6 | M6: ='005 D-'!F10 -> 6 | N6: ='006 D-'!F10 -> 6 | O6: ='006 D-'!F10 -> 6 | P6: ='007 C-'!F10 -> 44 | Q6: ='007 C-'!F10 -> 44 | R6: ='008 C-'!F10 -> 19 | S6: ='009 C-'!F10 -> 19 | T6: ='009 C-'!F10 -> 19 | U6: ='001 B-'!F10 | V6: ='001 B-'!F10 | W6: ='001 B-'!F10 | X6: ='001 B-'!F10 | Y6: ='001 B-'!F10 | Z6: ='001 B-'!F10 | AA6: ='001 B-'!F10 | AB6: ='001 B-'!F10 | AC6: ='001 B-'!F10 | AD6: ='001 B-'!F10 | AE6: ='001 B-'!F10 | AF6: ='001 B-'!F10 | AG6: ='001 B-'!F10 | AH6: ='001 B-'!F10 | AI6: ='001 B-'!F10 | AJ6: ='001 B-'!F10 | AK6: ='001 B-'!F10 | AL6: ='001 B-'!F10 | AM6: ='001 B-'!F10 | AN6: ='001 B-'!F10 | AO6: ='001 B-'!F10 | AP6: ='001 B-'!F10 | AQ6: ='001 B-'!F10 | AR6: ='001 B-'!F10 | AS6: ='001 B-'!F10 | AT6: ='001 B-'!F10 | AU6: ='001 B-'!F10 | AV6: ='001 B-'!F10 | AW6: ='001 B-'!F10 | AX6: ='001 B-'!F10 | AY6: ='001 B-'!F10 | AZ6: ='001 B-'!F10 | BA6: ='001 B-'!F10 | BB6: ='001 B-'!F10 | BC6: ='001 B-'!F10 | BD6: ='001 B-'!F10 | BE6: ='001 B-'!F10 | BF6: ='001 B-'!F10 | BG6: ='001 B-'!F10 | BH6: ='001 B-'!F10 | BI6: ='001 B-'!F10 | BJ6: ='001 B-'!F10 | BK6: ='001 B-'!F10 | BL6: ='001 B-'!F10 | BM6: ='001 B-'!F10 | BN6: ='001 B-'!F10 | BO6: ='001 B-'!F10 | BP6: ='001 B-'!F10 | BQ6: ='001 B-'!F10 | BR6: ='001 B-'!F10 | BS6: ='001 B-'!F10 | BT6: ='001 B-'!F10 | BU6: ='001 B-'!F10 | BV6: ='001 B-'!F10 | BW6: ='001 B-'!F10 | BX6: ='001 B-'!F10 | BY6: ='001 B-'!F10 | BZ6: ='001 B-'!F10 | CA6: ='001 B-'!F10 | CB6: ='001 B-'!F10 | CC6: ='001 B-'!F10 | CD6: ='001 B-'!F10 | CE6: ='001 B-'!F10 | CF6: ='001 B-'!F10 | CG6: ='001 B-'!F10 | CH6: ='001 B-'!F10 | CI6: ='001 B-'!F10 | CJ6: ='001 B-'!F10 | CK6: ='001 B-'!F10 | CL6: ='001 B-'!F10 | CM6: ='001 B-'!F10 | CN6: ='001 B-'!F10 | CO6: ='001 B-'!F10 | CP6: ='001 B-'!F10 | CQ6: ='001 B-'!F10 | CR6: ='001 B-'!F10 | CS6: ='001 B-'!F10 | CT6: ='001 B-'!F10 | CU6: ='001 B-'!F10 | CV6: ='001 B-'!F10 | CW6: ='001 B-'!F10 | CX6: ='001 B-'!F10 | CY6: ='001 B-'!F10 | CZ6: ='001 B-'!F10 | DA6: ='001 B-'!F10 | DB6: ='001 B-'!F10 | DC6: ='001 B-'!F10 | DD6: ='001 B-'!F10 | DE6: ='001 B-'!F10 | DF6: ='001 B-'!F10 | DG6: ='001 B-'!F10 | DH6: ='001 B-'!F10 | DI6: ='001 B-'!F10 | DJ6: ='001 B-'!F10 | DK6: ='001 B-'!F10
A7: * | B7: castellano | C7: Castilian Spanish | D7: ='001 B-'!G10 -> 2 | E7: ='002 B-'!G10 -> 2 | F7: ='003 T-'!G10 -> 5 | G7: ='003 T-'!G10 -> 5 | H7: ='003 T-'!G10 -> 5 | I7: ='004 T-'!G10 -> 5 | J7: ='004 T-'!G10 -> 5 | K7: ='005 D-'!G10 -> 6 | L7: ='005 D-'!G10 -> 6 | M7: ='005 D-'!G10 -> 6 | N7: ='006 D-'!G10 -> 6 | O7: ='006 D-'!G10 -> 6 | P7: ='007 C-'!G10 -> 44 | Q7: ='007 C-'!G10 -> 44 | R7: ='008 C-'!G10 -> 19 | S7: ='009 C-'!G10 -> 19 | T7: ='009 C-'!G10 -> 19 | U7: ='001 B-'!G10 | V7: ='001 B-'!G10 | W7: ='001 B-'!G10 | X7: ='001 B-'!G10 | Y7: ='001 B-'!G10 | Z7: ='001 B-'!G10 | AA7: ='001 B-'!G10 | AB7: ='001 B-'!G10 | AC7: ='001 B-'!G10 | AD7: ='001 B-'!G10 | AE7: ='001 B-'!G10 | AF7: ='001 B-'!G10 | AG7: ='001 B-'!G10 | AH7: ='001 B-'!G10 | AI7: ='001 B-'!G10 | AJ7: ='001 B-'!G10 | AK7: ='001 B-'!G10 | AL7: ='001 B-'!G10 | AM7: ='001 B-'!G10 | AN7: ='001 B-'!G10 | AO7: ='001 B-'!G10 | AP7: ='001 B-'!G10 | AQ7: ='001 B-'!G10 | AR7: ='001 B-'!G10 | AS7: ='001 B-'!G10 | AT7: ='001 B-'!G10 | AU7: ='001 B-'!G10 | AV7: ='001 B-'!G10 | AW7: ='001 B-'!G10 | AX7: ='001 B-'!G10 | AY7: ='001 B-'!G10 | AZ7: ='001 B-'!G10 | BA7: ='001 B-'!G10 | BB7: ='001 B-'!G10 | BC7: ='001 B-'!G10 | BD7: ='001 B-'!G10 | BE7: ='001 B-'!G10 | BF7: ='001 B-'!G10 | BG7: ='001 B-'!G10 | BH7: ='001 B-'!G10 | BI7: ='001 B-'!G10 | BJ7: ='001 B-'!G10 | BK7: ='001 B-'!G10 | BL7: ='001 B-'!G10 | BM7: ='001 B-'!G10 | BN7: ='001 B-'!G10 | BO7: ='001 B-'!G10 | BP7: ='001 B-'!G10 | BQ7: ='001 B-'!G10 | BR7: ='001 B-'!G10 | BS7: ='001 B-'!G10 | BT7: ='001 B-'!G10 | BU7: ='001 B-'!G10 | BV7: ='001 B-'!G10 | BW7: ='001 B-'!G10 | BX7: ='001 B-'!G10 | BY7: ='001 B-'!G10 | BZ7: ='001 B-'!G10 | CA7: ='001 B-'!G10 | CB7: ='001 B-'!G10 | CC7: ='001 B-'!G10 | CD7: ='001 B-'!G10 | CE7: ='001 B-'!G10 | CF7: ='001 B-'!G10 | CG7: ='001 B-'!G10 | CH7: ='001 B-'!G10 | CI7: ='001 B-'!G10 | CJ7: ='001 B-'!G10 | CK7: ='001 B-'!G10 | CL7: ='001 B-'!G10 | CM7: ='001 B-'!G10 | CN7: ='001 B-'!G10 | CO7: ='001 B-'!G10 | CP7: ='001 B-'!G10 | CQ7: ='001 B-'!G10 | CR7: ='001 B-'!G10 | CS7: ='001 B-'!G10 | CT7: ='001 B-'!G10 | CU7: ='001 B-'!G10 | CV7: ='001 B-'!G10 | CW7: ='001 B-'!G10 | CX7: ='001 B-'!G10 | CY7: ='001 B-'!G10 | CZ7: ='001 B-'!G10 | DA7: ='001 B-'!G10 | DB7: ='001 B-'!G10 | DC7: ='001 B-'!G10 | DD7: ='001 B-'!G10 | DE7: ='001 B-'!G10 | DF7: ='001 B-'!G10 | DG7: ='001 B-'!G10 | DH7: ='001 B-'!G10 | DI7: ='001 B-'!G10 | DJ7: ='001 B-'!G10 | DK7: ='001 B-'!G10
B8: andaluz | C8: Andalusian Spanish | D8: ='001 B-'!H10 -> 2 | E8: ='002 B-'!H10 -> 2 | F8: ='003 T-'!H10 -> 5 | G8: ='003 T-'!H10 -> 5 | H8: ='003 T-'!H10 -> 5 | I8: ='004 T-'!H10 -> 5 | J8: ='004 T-'!H10 -> 5 | K8: ='005 D-'!H10 -> 6 | L8: ='005 D-'!H10 -> 6 | M8: ='005 D-'!H10 -> 6 | N8: ='006 D-'!H10 -> 6 | O8: ='006 D-'!H10 -> 6 | P8: ='007 C-'!H10 -> 46 | Q8: ='007 C-'!H10 -> 46 | R8: ='008 C-'!H10 -> 19 | S8: ='009 C-'!H10 -> 19 | T8: ='009 C-'!H10 -> 19 | U8: ='001 B-'!H10 | V8: ='001 B-'!H10 | W8: ='001 B-'!H10 | X8: ='001 B-'!H10 | Y8: ='001 B-'!H10 | Z8: ='001 B-'!H10 | AA8: ='001 B-'!H10 | AB8: ='001 B-'!H10 | AC8: ='001 B-'!H10 | AD8: ='001 B-'!H10 | AE8: ='001 B-'!H10 | AF8: ='001 B-'!H10 | AG8: ='001 B-'!H10 | AH8: ='001 B-'!H10 | AI8: ='001 B-'!H10 | AJ8: ='001 B-'!H10 | AK8: ='001 B-'!H10 | AL8: ='001 B-'!H10 | AM8: ='001 B-'!H10 | AN8: ='001 B-'!H10 | AO8: ='001 B-'!H10 | AP8: ='001 B-'!H10 | AQ8: ='001 B-'!H10 | AR8: ='001 B-'!H10 | AS8: ='001 B-'!H10 | AT8: ='001 B-'!H10 | AU8: ='001 B-'!H10 | AV8: ='001 B-'!H10 | AW8: ='001 B-'!H10 | AX8: ='001 B-'!H10 | AY8: ='001 B-'!H10 | AZ8: ='001 B-'!H10 | BA8: ='001 B-'!H10 | BB8: ='001 B-'!H10 | BC8: ='001 B-'!H10 | BD8: ='001 B-'!H10 | BE8: ='001 B-'!H10 | BF8: ='001 B-'!H10 | BG8: ='001 B-'!H10 | BH8: ='001 B-'!H10 | BI8: ='001 B-'!H10 | BJ8: ='001 B-'!H10 | BK8: ='001 B-'!H10 | BL8: ='001 B-'!H10 | BM8: ='001 B-'!H10 | BN8: ='001 B-'!H10 | BO8: ='001 B-'!H10 | BP8: ='001 B-'!H10 | BQ8: ='001 B-'!H10 | BR8: ='001 B-'!H10 | BS8: ='001 B-'!H10 | BT8: ='001 B-'!H10 | BU8: ='001 B-'!H10 | BV8: ='001 B-'!H10 | BW8: ='001 B-'!H10 | BX8: ='001 B-'!H10 | BY8: ='001 B-'!H10 | BZ8: ='001 B-'!H10 | CA8: ='001 B-'!H10 | CB8: ='001 B-'!H10 | CC8: ='001 B-'!H10 | CD8: ='001 B-'!H10 | CE8: ='001 B-'!H10 | CF8: ='001 B-'!H10 | CG8: ='001 B-'!H10 | CH8: ='001 B-'!H10 | CI8: ='001 B-'!H10 | CJ8: ='001 B-'!H10 | CK8: ='001 B-'!H10 | CL8: ='001 B-'!H10 | CM8: ='001 B-'!H10 | CN8: ='001 B-'!H10 | CO8: ='001 B-'!H10 | CP8: ='001 B-'!H10 | CQ8: ='001 B-'!H10 | CR8: ='001 B-'!H10 | CS8: ='001 B-'!H10 | CT8: ='001 B-'!H10 | CU8: ='001 B-'!H10 | CV8: ='001 B-'!H10 | CW8: ='001 B-'!H10 | CX8: ='001 B-'!H10 | CY8: ='001 B-'!H10 | CZ8: ='001 B-'!H10 | DA8: ='001 B-'!H10 | DB8: ='001 B-'!H10 | DC8: ='001 B-'!H10 | DD8: ='001 B-'!H10 | DE8: ='001 B-'!H10 | DF8: ='001 B-'!H10 | DG8: ='001 B-'!H10 | DH8: ='001 B-'!H10 | DI8: ='001 B-'!H10 | DJ8: ='001 B-'!H10 | DK8: ='001 B-'!H10
B9: español de América | C9: American Spanish | D9: ='001 B-'!I10 -> 2 | E9: ='002 B-'!I10 -> 2 | F9: ='003 T-'!I10 -> 5 | G9: ='003 T-'!I10 -> 5 | H9: ='003 T-'!I10 -> 5 | I9: ='004 T-'!I10 -> 5 | J9: ='004 T-'!I10 -> 5 | K9: ='005 D-'!I10 -> 6 | L9: ='005 D-'!I10 -> 6 | M9: ='005 D-'!I10 -> 6 | N9: ='006 D-'!I10 -> 6 | O9: ='006 D-'!I10 -> 6 | P9: ='007 C-'!I10 -> 50 | Q9: ='007 C-'!I10 -> 50 | R9: ='008 C-'!I10 -> 19 | S9: ='009 C-'!I10 -> 19 | T9: ='009 C-'!I10 -> 19 | U9: ='001 B-'!I10 | V9: ='001 B-'!I10 | W9: ='001 B-'!I10 | X9: ='001 B-'!I10 | Y9: ='001 B-'!I10 | Z9: ='001 B-'!I10 | AA9: ='001 B-'!I10 | AB9: ='001 B-'!I10 | AC9: ='001 B-'!I10 | AD9: ='001 B-'!I10 | AE9: ='001 B-'!I10 | AF9: ='001 B-'!I10 | AG9: ='001 B-'!I10 | AH9: ='001 B-'!I10 | AI9: ='001 B-'!I10 | AJ9: ='001 B-'!I10 | AK9: ='001 B-'!I10 | AL9: ='001 B-'!I10 | AM9: ='001 B-'!I10 | AN9: ='001 B-'!I10 | AO9: ='001 B-'!I10 | AP9: ='001 B-'!I10 | AQ9: ='001 B-'!I10 | AR9: ='001 B-'!I10 | AS9: ='001 B-'!I10 | AT9: ='001 B-'!I10 | AU9: ='001 B-'!I10 | AV9: ='001 B-'!I10 | AW9: ='001 B-'!I10 | AX9: ='001 B-'!I10 | AY9: ='001 B-'!I10 | AZ9: ='001 B-'!I10 | BA9: ='001 B-'!I10 | BB9: ='001 B-'!I10 | BC9: ='001 B-'!I10 | BD9: ='001 B-'!I10 | BE9: ='001 B-'!I10 | BF9: ='001 B-'!I10 | BG9: ='001 B-'!I10 | BH9: ='001 B-'!I10 | BI9: ='001 B-'!I10 | BJ9: ='001 B-'!I10 | BK9: ='001 B-'!I10 | BL9: ='001 B-'!I10 | BM9: ='001 B-'!I10 | BN9: ='001 B-'!I10 | BO9: ='001 B-'!I10 | BP9: ='001 B-'!I10 | BQ9: ='001 B-'!I10 | BR9: ='001 B-'!I10 | BS9: ='001 B-'!I10 | BT9: ='001 B-'!I10 | BU9: ='001 B-'!I10 | BV9: ='001 B-'!I10 | BW9: ='001 B-'!I10 | BX9: ='001 B-'!I10 | BY9: ='001 B-'!I10 | BZ9: ='001 B-'!I10 | CA9: ='001 B-'!I10 | CB9: ='001 B-'!I10 | CC9: ='001 B-'!I10 | CD9: ='001 B-'!I10 | CE9: ='001 B-'!I10 | CF9: ='001 B-'!I10 | CG9: ='001 B-'!I10 | CH9: ='001 B-'!I10 | CI9: ='001 B-'!I10 | CJ9: ='001 B-'!I10 | CK9: ='001 B-'!I10 | CL9: ='001 B-'!I10 | CM9: ='001 B-'!I10 | CN9: ='001 B-'!I10 | CO9: ='001 B-'!I10 | CP9: ='001 B-'!I10 | CQ9: ='001 B-'!I10 | CR9: ='001 B-'!I10 | CS9: ='001 B-'!I10 | CT9: ='001 B-'!I10 | CU9: ='001 B-'!I10 | CV9: ='001 B-'!I10 | CW9: ='001 B-'!I10 | CX9: ='001 B-'!I10 | CY9: ='001 B-'!I10 | CZ9: ='001 B-'!I10 | DA9: ='001 B-'!I10 | DB9: ='001 B-'!I10 | DC9: ='001 B-'!I10 | DD9: ='001 B-'!I10 | DE9: ='001 B-'!I10 | DF9: ='001 B-'!I10 | DG9: ='001 B-'!I10 | DH9: ='001 B-'!I10 | DI9: ='001 B-'!I10 | DJ9: ='001 B-'!I10 | DK9: ='001 B-'!I10
B10: aragonés | C10: Aragonese | D10: ='001 B-'!J10 -> 2 | E10: ='002 B-'!J10 -> 2 | F10: ='003 T-'!J10 -> 5 | G10: ='003 T-'!J10 -> 5 | H10: ='003 T-'!J10 -> 5 | I10: ='004 T-'!J10 -> 5 | J10: ='004 T-'!J10 -> 5 | K10: ='005 D-'!J10 -> 6 | L10: ='005 D-'!J10 -> 6 | M10: ='005 D-'!J10 -> 6 | N10: ='006 D-'!J10 -> 6 | O10: ='006 D-'!J10 -> 6 | P10: ='007 C-'!J10 -> 44 | Q10: ='007 C-'!J10 -> 44 | R10: ='008 C-'!J10 -> 19 | S10: ='009 C-'!J10 -> 19 | T10: ='009 C-'!J10 -> 19 | U10: ='001 B-'!J10 | V10: ='001 B-'!J10 | W10: ='001 B-'!J10 | X10: ='001 B-'!J10 | Y10: ='001 B-'!J10 | Z10: ='001 B-'!J10 | AA10: ='001 B-'!J10 | AB10: ='001 B-'!J10 | AC10: ='001 B-'!J10 | AD10: ='001 B-'!J10 | AE10: ='001 B-'!J10 | AF10: ='001 B-'!J10 | AG10: ='001 B-'!J10 | AH10: ='001 B-'!J10 | AI10: ='001 B-'!J10 | AJ10: ='001 B-'!J10 | AK10: ='001 B-'!J10 | AL10: ='001 B-'!J10 | AM10: ='001 B-'!J10 | AN10: ='001 B-'!J10 | AO10: ='001 B-'!J10 | AP10: ='001 B-'!J10 | AQ10: ='001 B-'!J10 | AR10: ='001 B-'!J10 | AS10: ='001 B-'!J10 | AT10: ='001 B-'!J10 | AU10: ='001 B-'!J10 | AV10: ='001 B-'!J10 | AW10: ='001 B-'!J10 | AX10: ='001 B-'!J10 | AY10: ='001 B-'!J10 | AZ10: ='001 B-'!J10 | BA10: ='001 B-'!J10 | BB10: ='001 B-'!J10 | BC10: ='001 B-'!J10 | BD10: ='001 B-'!J10 | BE10: ='001 B-'!J10 | BF10: ='001 B-'!J10 | BG10: ='001 B-'!J10 | BH10: ='001 B-'!J10 | BI10: ='001 B-'!J10 | BJ10: ='001 B-'!J10 | BK10: ='001 B-'!J10 | BL10: ='001 B-'!J10 | BM10: ='001 B-'!J10 | BN10: ='001 B-'!J10 | BO10: ='001 B-'!J10 | BP10: ='001 B-'!J10 | BQ10: ='001 B-'!J10 | BR10: ='001 B-'!J10 | BS10: ='001 B-'!J10 | BT10: ='001 B-'!J10 | BU10: ='001 B-'!J10 | BV10: ='001 B-'!J10 | BW10: ='001 B-'!J10 | BX10: ='001 B-'!J10 | BY10: ='001 B-'!J10 | BZ10: ='001 B-'!J10 | CA10: ='001 B-'!J10 | CB10: ='001 B-'!J10 | CC10: ='001 B-'!J10 | CD10: ='001 B-'!J10 | CE10: ='001 B-'!J10 | CF10: ='001 B-'!J10 | CG10: ='001 B-'!J10 | CH10: ='001 B-'!J10 | CI10: ='001 B-'!J10 | CJ10: ='001 B-'!J10 | CK10: ='001 B-'!J10 | CL10: ='001 B-'!J10 | CM10: ='001 B-'!J10 | CN10: ='001 B-'!J10 | CO10: ='001 B-'!J10 | CP10: ='001 B-'!J10 | CQ10: ='001 B-'!J10 | CR10: ='001 B-'!J10 | CS10: ='001 B-'!J10 | CT10: ='001 B-'!J10 | CU10: ='001 B-'!J10 | CV10: ='001 B-'!J10 | CW10: ='001 B-'!J10 | CX10: ='001 B-'!J10 | CY10: ='001 B-'!J10 | CZ10: ='001 B-'!J10 | DA10: ='001 B-'!J10 | DB10: ='001 B-'!J10 | DC10: ='001 B-'!J10 | DD10: ='001 B-'!J10 | DE10: ='001 B-'!J10 | DF10: ='001 B-'!J10 | DG10: ='001 B-'!J10 | DH10: ='001 B-'!J10 | DI10: ='001 B-'!J10 | DJ10: ='001 B-'!J10 | DK10: ='001 B-'!J10
A11: * | B11: català | C11: Catalan | D11: ='001 B-'!K10 -> 2 | E11: ='002 B-'!K10 -> 2 | F11: ='003 T-'!K10 -> 5 | G11: ='003 T-'!K10 -> 5 | H11: ='003 T-'!K10 -> 5 | I11: ='004 T-'!K10 -> 5 | J11: ='004 T-'!K10 -> 5 | K11: ='005 D-'!K10 -> 6 | L11: ='005 D-'!K10 -> 6 | M11: ='005 D-'!K10 -> 6 | N11: ='006 D-'!K10 -> 6 | O11: ='006 D-'!K10 -> 6 | P11: ='007 C-'!K10 -> 52 | Q11: ='007 C-'!K10 -> 52 | R11: ='008 C-'!K10 -> 19 | S11: ='009 C-'!K10 -> 19 | T11: ='009 C-'!K10 -> 19 | U11: ='001 B-'!K10 | V11: ='001 B-'!K10 | W11: ='001 B-'!K10 | X11: ='001 B-'!K10 | Y11: ='001 B-'!K10 | Z11: ='001 B-'!K10 | AA11: ='001 B-'!K10 | AB11: ='001 B-'!K10 | AC11: ='001 B-'!K10 | AD11: ='001 B-'!K10 | AE11: ='001 B-'!K10 | AF11: ='001 B-'!K10 | AG11: ='001 B-'!K10 | AH11: ='001 B-'!K10 | AI11: ='001 B-'!K10 | AJ11: ='001 B-'!K10 | AK11: ='001 B-'!K10 | AL11: ='001 B-'!K10 | AM11: ='001 B-'!K10 | AN11: ='001 B-'!K10 | AO11: ='001 B-'!K10 | AP11: ='001 B-'!K10 | AQ11: ='001 B-'!K10 | AR11: ='001 B-'!K10 | AS11: ='001 B-'!K10 | AT11: ='001 B-'!K10 | AU11: ='001 B-'!K10 | AV11: ='001 B-'!K10 | AW11: ='001 B-'!K10 | AX11: ='001 B-'!K10 | AY11: ='001 B-'!K10 | AZ11: ='001 B-'!K10 | BA11: ='001 B-'!K10 | BB11: ='001 B-'!K10 | BC11: ='001 B-'!K10 | BD11: ='001 B-'!K10 | BE11: ='001 B-'!K10 | BF11: ='001 B-'!K10 | BG11: ='001 B-'!K10 | BH11: ='001 B-'!K10 | BI11: ='001 B-'!K10 | BJ11: ='001 B-'!K10 | BK11: ='001 B-'!K10 | BL11: ='001 B-'!K10 | BM11: ='001 B-'!K10 | BN11: ='001 B-'!K10 | BO11: ='001 B-'!K10 | BP11: ='001 B-'!K10 | BQ11: ='001 B-'!K10 | BR11: ='001 B-'!K10 | BS11: ='001 B-'!K10 | BT11: ='001 B-'!K10 | BU11: ='001 B-'!K10 | BV11: ='001 B-'!K10 | BW11: ='001 B-'!K10 | BX11: ='001 B-'!K10 | BY11: ='001 B-'!K10 | BZ11: ='001 B-'!K10 | CA11: ='001 B-'!K10 | CB11: ='001 B-'!K10 | CC11: ='001 B-'!K10 | CD11: ='001 B-'!K10 | CE11: ='001 B-'!K10 | CF11: ='001 B-'!K10 | CG11: ='001 B-'!K10 | CH11: ='001 B-'!K10 | CI11: ='001 B-'!K10 | CJ11: ='001 B-'!K10 | CK11: ='001 B-'!K10 | CL11: ='001 B-'!K10 | CM11: ='001 B-'!K10 | CN11: ='001 B-'!K10 | CO11: ='001 B-'!K10 | CP11: ='001 B-'!K10 | CQ11: ='001 B-'!K10 | CR11: ='001 B-'!K10 | CS11: ='001 B-'!K10 | CT11: ='001 B-'!K10 | CU11: ='001 B-'!K10 | CV11: ='001 B-'!K10 | CW11: ='001 B-'!K10 | CX11: ='001 B-'!K10 | CY11: ='001 B-'!K10 | CZ11: ='001 B-'!K10 | DA11: ='001 B-'!K10 | DB11: ='001 B-'!K10 | DC11: ='001 B-'!K10 | DD11: ='001 B-'!K10 | DE11: ='001 B-'!K10 | DF11: ='001 B-'!K10 | DG11: ='001 B-'!K10 | DH11: ='001 B-'!K10 | DI11: ='001 B-'!K10 | DJ11: ='001 B-'!K10 | DK11: ='001 B-'!K10
B12: valencià | C12: Valencian | D12: ='001 B-'!L10 -> 2 | E12: ='002 B-'!L10 -> 2 | F12: ='003 T-'!L10 -> 5 | G12: ='003 T-'!L10 -> 5 | H12: ='003 T-'!L10 -> 5 | I12: ='004 T-'!L10 -> 5 | J12: ='004 T-'!L10 -> 5 | K12: ='005 D-'!L10 -> 6 | L12: ='005 D-'!L10 -> 6 | M12: ='005 D-'!L10 -> 6 | N12: ='006 D-'!L10 -> 6 | O12: ='006 D-'!L10 -> 6 | P12: ='007 C-'!L10 -> 52 | Q12: ='007 C-'!L10 -> 52 | R12: ='008 C-'!L10 -> 19 | S12: ='009 C-'!L10 -> 19 | T12: ='009 C-'!L10 -> 19 | U12: ='001 B-'!L10 | V12: ='001 B-'!L10 | W12: ='001 B-'!L10 | X12: ='001 B-'!L10 | Y12: ='001 B-'!L10 | Z12: ='001 B-'!L10 | AA12: ='001 B-'!L10 | AB12: ='001 B-'!L10 | AC12: ='001 B-'!L10 | AD12: ='001 B-'!L10 | AE12: ='001 B-'!L10 | AF12: ='001 B-'!L10 | AG12: ='001 B-'!L10 | AH12: ='001 B-'!L10 | AI12: ='001 B-'!L10 | AJ12: ='001 B-'!L10 | AK12: ='001 B-'!L10 | AL12: ='001 B-'!L10 | AM12: ='001 B-'!L10 | AN12: ='001 B-'!L10 | AO12: ='001 B-'!L10 | AP12: ='001 B-'!L10 | AQ12: ='001 B-'!L10 | AR12: ='001 B-'!L10 | AS12: ='001 B-'!L10 | AT12: ='001 B-'!L10 | AU12: ='001 B-'!L10 | AV12: ='001 B-'!L10 | AW12: ='001 B-'!L10 | AX12: ='001 B-'!L10 | AY12: ='001 B-'!L10 | AZ12: ='001 B-'!L10 | BA12: ='001 B-'!L10 | BB12: ='001 B-'!L10 | BC12: ='001 B-'!L10 | BD12: ='001 B-'!L10 | BE12: ='001 B-'!L10 | BF12: ='001 B-'!L10 | BG12: ='001 B-'!L10 | BH12: ='001 B-'!L10 | BI12: ='001 B-'!L10 | BJ12: ='001 B-'!L10 | BK12: ='001 B-'!L10 | BL12: ='001 B-'!L10 | BM12: ='001 B-'!L10 | BN12: ='001 B-'!L10 | BO12: ='001 B-'!L10 | BP12: ='001 B-'!L10 | BQ12: ='001 B-'!L10 | BR12: ='001 B-'!L10 | BS12: ='001 B-'!L10 | BT12: ='001 B-'!L10 | BU12: ='001 B-'!L10 | BV12: ='001 B-'!L10 | BW12: ='001 B-'!L10 | BX12: ='001 B-'!L10 | BY12: ='001 B-'!L10 | BZ12: ='001 B-'!L10 | CA12: ='001 B-'!L10 | CB12: ='001 B-'!L10 | CC12: ='001 B-'!L10 | CD12: ='001 B-'!L10 | CE12: ='001 B-'!L10 | CF12: ='001 B-'!L10 | CG12: ='001 B-'!L10 | CH12: ='001 B-'!L10 | CI12: ='001 B-'!L10 | CJ12: ='001 B-'!L10 | CK12: ='001 B-'!L10 | CL12: ='001 B-'!L10 | CM12: ='001 B-'!L10 | CN12: ='001 B-'!L10 | CO12: ='001 B-'!L10 | CP12: ='001 B-'!L10 | CQ12: ='001 B-'!L10 | CR12: ='001 B-'!L10 | CS12: ='001 B-'!L10 | CT12: ='001 B-'!L10 | CU12: ='001 B-'!L10 | CV12: ='001 B-'!L10 | CW12: ='001 B-'!L10 | CX12: ='001 B-'!L10 | CY12: ='001 B-'!L10 | CZ12: ='001 B-'!L10 | DA12: ='001 B-'!L10 | DB12: ='001 B-'!L10 | DC12: ='001 B-'!L10 | DD12: ='001 B-'!L10 | DE12: ='001 B-'!L10 | DF12: ='001 B-'!L10 | DG12: ='001 B-'!L10 | DH12: ='001 B-'!L10 | DI12: ='001 B-'!L10 | DJ12: ='001 B-'!L10 | DK12: ='001 B-'!L10
B13: balear | C13: Balearic | D13: ='001 B-'!M10 -> 2 | E13: ='002 B-'!M10 -> 2 | F13: ='003 T-'!M10 -> 5 | G13: ='003 T-'!M10 -> 5 | H13: ='003 T-'!M10 -> 5 | I13: ='004 T-'!M10 -> 5 | J13: ='004 T-'!M10 -> 5 | K13: ='005 D-'!M10 -> 6 | L13: ='005 D-'!M10 -> 6 | M13: ='005 D-'!M10 -> 6 | N13: ='006 D-'!M10 -> 6 | O13: ='006 D-'!M10 -> 6 | P13: ='007 C-'!M10 -> 52 | Q13: ='007 C-'!M10 -> 52 | R13: ='008 C-'!M10 -> 19 | S13: ='009 C-'!M10 -> 19 | T13: ='009 C-'!M10 -> 19 | U13: ='001 B-'!M10 | V13: ='001 B-'!M10 | W13: ='001 B-'!M10 | X13: ='001 B-'!M10 | Y13: ='001 B-'!M10 | Z13: ='001 B-'!M10 | AA13: ='001 B-'!M10 | AB13: ='001 B-'!M10 | AC13: ='001 B-'!M10 | AD13: ='001 B-'!M10 | AE13: ='001 B-'!M10 | AF13: ='001 B-'!M10 | AG13: ='001 B-'!M10 | AH13: ='001 B-'!M10 | AI13: ='001 B-'!M10 | AJ13: ='001 B-'!M10 | AK13: ='001 B-'!M10 | AL13: ='001 B-'!M10 | AM13: ='001 B-'!M10 | AN13: ='001 B-'!M10 | AO13: ='001 B-'!M10 | AP13: ='001 B-'!M10 | AQ13: ='001 B-'!M10 | AR13: ='001 B-'!M10 | AS13: ='001 B-'!M10 | AT13: ='001 B-'!M10 | AU13: ='001 B-'!M10 | AV13: ='001 B-'!M10 | AW13: ='001 B-'!M10 | AX13: ='001 B-'!M10 | AY13: ='001 B-'!M10 | AZ13: ='001 B-'!M10 | BA13: ='001 B-'!M10 | BB13: ='001 B-'!M10 | BC13: ='001 B-'!M10 | BD13: ='001 B-'!M10 | BE13: ='001 B-'!M10 | BF13: ='001 B-'!M10 | BG13: ='001 B-'!M10 | BH13: ='001 B-'!M10 | BI13: ='001 B-'!M10 | BJ13: ='001 B-'!M10 | BK13: ='001 B-'!M10 | BL13: ='001 B-'!M10 | BM13: ='001 B-'!M10 | BN13: ='001 B-'!M10 | BO13: ='001 B-'!M10 | BP13: ='001 B-'!M10 | BQ13: ='001 B-'!M10 | BR13: ='001 B-'!M10 | BS13: ='001 B-'!M10 | BT13: ='001 B-'!M10 | BU13: ='001 B-'!M10 | BV13: ='001 B-'!M10 | BW13: ='001 B-'!M10 | BX13: ='001 B-'!M10 | BY13: ='001 B-'!M10 | BZ13: ='001 B-'!M10 | CA13: ='001 B-'!M10 | CB13: ='001 B-'!M10 | CC13: ='001 B-'!M10 | CD13: ='001 B-'!M10 | CE13: ='001 B-'!M10 | CF13: ='001 B-'!M10 | CG13: ='001 B-'!M10 | CH13: ='001 B-'!M10 | CI13: ='001 B-'!M10 | CJ13: ='001 B-'!M10 | CK13: ='001 B-'!M10 | CL13: ='001 B-'!M10 | CM13: ='001 B-'!M10 | CN13: ='001 B-'!M10 | CO13: ='001 B-'!M10 | CP13: ='001 B-'!M10 | CQ13: ='001 B-'!M10 | CR13: ='001 B-'!M10 | CS13: ='001 B-'!M10 | CT13: ='001 B-'!M10 | CU13: ='001 B-'!M10 | CV13: ='001 B-'!M10 | CW13: ='001 B-'!M10 | CX13: ='001 B-'!M10 | CY13: ='001 B-'!M10 | CZ13: ='001 B-'!M10 | DA13: ='001 B-'!M10 | DB13: ='001 B-'!M10 | DC13: ='001 B-'!M10 | DD13: ='001 B-'!M10 | DE13: ='001 B-'!M10 | DF13: ='001 B-'!M10 | DG13: ='001 B-'!M10 | DH13: ='001 B-'!M10 | DI13: ='001 B-'!M10 | DJ13: ='001 B-'!M10 | DK13: ='001 B-'!M10
A14: * | B14: occitan | C14: Occitan | D14: ='001 B-'!N10 -> 2 | E14: ='002 B-'!N10 -> 2 | F14: ='003 T-'!N10 -> 5 | G14: ='003 T-'!N10 -> 5 | H14: ='003 T-'!N10 -> 5 | I14: ='004 T-'!N10 -> 5 | J14: ='004 T-'!N10 -> 5 | K14: ='005 D-'!N10 -> 6 | L14: ='005 D-'!N10 -> 6 | M14: ='005 D-'!N10 -> 6 | N14: ='006 D-'!N10 -> 6 | O14: ='006 D-'!N10 -> 6 | P14: ='007 C-'!N10 -> 52 | Q14: ='007 C-'!N10 -> 52 | R14: ='008 C-'!N10 -> 105 | S14: ='009 C-'!N10 -> 19 | T14: ='009 C-'!N10 -> 19 | U14: ='001 B-'!N10 | V14: ='001 B-'!N10 | W14: ='001 B-'!N10 | X14: ='001 B-'!N10 | Y14: ='001 B-'!N10 | Z14: ='001 B-'!N10 | AA14: ='001 B-'!N10 | AB14: ='001 B-'!N10 | AC14: ='001 B-'!N10 | AD14: ='001 B-'!N10 | AE14: ='001 B-'!N10 | AF14: ='001 B-'!N10 | AG14: ='001 B-'!N10 | AH14: ='001 B-'!N10 | AI14: ='001 B-'!N10 | AJ14: ='001 B-'!N10 | AK14: ='001 B-'!N10 | AL14: ='001 B-'!N10 | AM14: ='001 B-'!N10 | AN14: ='001 B-'!N10 | AO14: ='001 B-'!N10 | AP14: ='001 B-'!N10 | AQ14: ='001 B-'!N10 | AR14: ='001 B-'!N10 | AS14: ='001 B-'!N10 | AT14: ='001 B-'!N10 | AU14: ='001 B-'!N10 | AV14: ='001 B-'!N10 | AW14: ='001 B-'!N10 | AX14: ='001 B-'!N10 | AY14: ='001 B-'!N10 | AZ14: ='001 B-'!N10 | BA14: ='001 B-'!N10 | BB14: ='001 B-'!N10 | BC14: ='001 B-'!N10 | BD14: ='001 B-'!N10 | BE14: ='001 B-'!N10 | BF14: ='001 B-'!N10 | BG14: ='001 B-'!N10 | BH14: ='001 B-'!N10 | BI14: ='001 B-'!N10 | BJ14: ='001 B-'!N10 | BK14: ='001 B-'!N10 | BL14: ='001 B-'!N10 | BM14: ='001 B-'!N10 | BN14: ='001 B-'!N10 | BO14: ='001 B-'!N10 | BP14: ='001 B-'!N10 | BQ14: ='001 B-'!N10 | BR14: ='001 B-'!N10 | BS14: ='001 B-'!N10 | BT14: ='001 B-'!N10 | BU14: ='001 B-'!N10 | BV14: ='001 B-'!N10 | BW14: ='001 B-'!N10 | BX14: ='001 B-'!N10 | BY14: ='001 B-'!N10 | BZ14: ='001 B-'!N10 | CA14: ='001 B-'!N10 | CB14: ='001 B-'!N10 | CC14: ='001 B-'!N10 | CD14: ='001 B-'!N10 | CE14: ='001 B-'!N10 | CF14: ='001 B-'!N10 | CG14: ='001 B-'!N10 | CH14: ='001 B-'!N10 | CI14: ='001 B-'!N10 | CJ14: ='001 B-'!N10 | CK14: ='001 B-'!N10 | CL14: ='001 B-'!N10 | CM14: ='001 B-'!N10 | CN14: ='001 B-'!N10 | CO14: ='001 B-'!N10 | CP14: ='001 B-'!N10 | CQ14: ='001 B-'!N10 | CR14: ='001 B-'!N10 | CS14: ='001 B-'!N10 | CT14: ='001 B-'!N10 | CU14: ='001 B-'!N10 | CV14: ='001 B-'!N10 | CW14: ='001 B-'!N10 | CX14: ='001 B-'!N10 | CY14: ='001 B-'!N10 | CZ14: ='001 B-'!N10 | DA14: ='001 B-'!N10 | DB14: ='001 B-'!N10 | DC14: ='001 B-'!N10 | DD14: ='001 B-'!N10 | DE14: ='001 B-'!N10 | DF14: ='001 B-'!N10 | DG14: ='001 B-'!N10 | DH14: ='001 B-'!N10 | DI14: ='001 B-'!N10 | DJ14: ='001 B-'!N10 | DK14: ='001 B-'!N10
B15: gascon | C15: Gascon | D15: ='001 B-'!O10 -> 2 | E15: ='002 B-'!O10 -> 2 | F15: ='003 T-'!O10 -> 5 | G15: ='003 T-'!O10 -> 5 | H15: ='003 T-'!O10 -> 5 | I15: ='004 T-'!O10 -> 5 | J15: ='004 T-'!O10 -> 5 | K15: ='005 D-'!O10 -> 6 | L15: ='005 D-'!O10 -> 6 | M15: ='005 D-'!O10 -> 6 | N15: ='006 D-'!O10 -> 6 | O15: ='006 D-'!O10 -> 6 | P15: ='007 C-'!O10 -> 52 | Q15: ='007 C-'!O10 -> 52 | R15: ='008 C-'!O10 -> 19 | S15: ='009 C-'!O10 -> 19 | T15: ='009 C-'!O10 -> 19 | U15: ='001 B-'!O10 | V15: ='001 B-'!O10 | W15: ='001 B-'!O10 | X15: ='001 B-'!O10 | Y15: ='001 B-'!O10 | Z15: ='001 B-'!O10 | AA15: ='001 B-'!O10 | AB15: ='001 B-'!O10 | AC15: ='001 B-'!O10 | AD15: ='001 B-'!O10 | AE15: ='001 B-'!O10 | AF15: ='001 B-'!O10 | AG15: ='001 B-'!O10 | AH15: ='001 B-'!O10 | AI15: ='001 B-'!O10 | AJ15: ='001 B-'!O10 | AK15: ='001 B-'!O10 | AL15: ='001 B-'!O10 | AM15: ='001 B-'!O10 | AN15: ='001 B-'!O10 | AO15: ='001 B-'!O10 | AP15: ='001 B-'!O10 | AQ15: ='001 B-'!O10 | AR15: ='001 B-'!O10 | AS15: ='001 B-'!O10 | AT15: ='001 B-'!O10 | AU15: ='001 B-'!O10 | AV15: ='001 B-'!O10 | AW15: ='001 B-'!O10 | AX15: ='001 B-'!O10 | AY15: ='001 B-'!O10 | AZ15: ='001 B-'!O10 | BA15: ='001 B-'!O10 | BB15: ='001 B-'!O10 | BC15: ='001 B-'!O10 | BD15: ='001 B-'!O10 | BE15: ='001 B-'!O10 | BF15: ='001 B-'!O10 | BG15: ='001 B-'!O10 | BH15: ='001 B-'!O10 | BI15: ='001 B-'!O10 | BJ15: ='001 B-'!O10 | BK15: ='001 B-'!O10 | BL15: ='001 B-'!O10 | BM15: ='001 B-'!O10 | BN15: ='001 B-'!O10 | BO15: ='001 B-'!O10 | BP15: ='001 B-'!O10 | BQ15: ='001 B-'!O10 | BR15: ='001 B-'!O10 | BS15: ='001 B-'!O10 | BT15: ='001 B-'!O10 | BU15: ='001 B-'!O10 | BV15: ='001 B-'!O10 | BW15: ='001 B-'!O10 | BX15: ='001 B-'!O10 | BY15: ='001 B-'!O10 | BZ15: ='001 B-'!O10 | CA15: ='001 B-'!O10 | CB15: ='001 B-'!O10 | CC15: ='001 B-'!O10 | CD15: ='001 B-'!O10 | CE15: ='001 B-'!O10 | CF15: ='001 B-'!O10 | CG15: ='001 B-'!O10 | CH15: ='001 B-'!O10 | CI15: ='001 B-'!O10 | CJ15: ='001 B-'!O10 | CK15: ='001 B-'!O10 | CL15: ='001 B-'!O10 | CM15: ='001 B-'!O10 | CN15: ='001 B-'!O10 | CO15: ='001 B-'!O10 | CP15: ='001 B-'!O10 | CQ15: ='001 B-'!O10 | CR15: ='001 B-'!O10 | CS15: ='001 B-'!O10 | CT15: ='001 B-'!O10 | CU15: ='001 B-'!O10 | CV15: ='001 B-'!O10 | CW15: ='001 B-'!O10 | CX15: ='001 B-'!O10 | CY15: ='001 B-'!O10 | CZ15: ='001 B-'!O10 | DA15: ='001 B-'!O10 | DB15: ='001 B-'!O10 | DC15: ='001 B-'!O10 | DD15: ='001 B-'!O10 | DE15: ='001 B-'!O10 | DF15: ='001 B-'!O10 | DG15: ='001 B-'!O10 | DH15: ='001 B-'!O10 | DI15: ='001 B-'!O10 | DJ15: ='001 B-'!O10 | DK15: ='001 B-'!O10
B16: walon | C16: Walloon | D16: ='001 B-'!P10 -> 2 | E16: ='002 B-'!P10 -> 2 | F16: ='003 T-'!P10 -> 5 | G16: ='003 T-'!P10 -> 5 | H16: ='003 T-'!P10 -> 5 | I16: ='004 T-'!P10 -> 5 | J16: ='004 T-'!P10 -> 5 | K16: ='005 D-'!P10 -> 6 | L16: ='005 D-'!P10 -> 6 | M16: ='005 D-'!P10 -> 6 | N16: ='006 D-'!P10 -> 6 | O16: ='006 D-'!P10 -> 6 | P16: ='007 C-'!P10 -> 48 | Q16: ='007 C-'!P10 -> 48 | R16: ='008 C-'!P10 -> 56 | S16: ='009 C-'!P10 -> 19 | T16: ='009 C-'!P10 -> 19 | U16: ='001 B-'!P10 | V16: ='001 B-'!P10 | W16: ='001 B-'!P10 | X16: ='001 B-'!P10 | Y16: ='001 B-'!P10 | Z16: ='001 B-'!P10 | AA16: ='001 B-'!P10 | AB16: ='001 B-'!P10 | AC16: ='001 B-'!P10 | AD16: ='001 B-'!P10 | AE16: ='001 B-'!P10 | AF16: ='001 B-'!P10 | AG16: ='001 B-'!P10 | AH16: ='001 B-'!P10 | AI16: ='001 B-'!P10 | AJ16: ='001 B-'!P10 | AK16: ='001 B-'!P10 | AL16: ='001 B-'!P10 | AM16: ='001 B-'!P10 | AN16: ='001 B-'!P10 | AO16: ='001 B-'!P10 | AP16: ='001 B-'!P10 | AQ16: ='001 B-'!P10 | AR16: ='001 B-'!P10 | AS16: ='001 B-'!P10 | AT16: ='001 B-'!P10 | AU16: ='001 B-'!P10 | AV16: ='001 B-'!P10 | AW16: ='001 B-'!P10 | AX16: ='001 B-'!P10 | AY16: ='001 B-'!P10 | AZ16: ='001 B-'!P10 | BA16: ='001 B-'!P10 | BB16: ='001 B-'!P10 | BC16: ='001 B-'!P10 | BD16: ='001 B-'!P10 | BE16: ='001 B-'!P10 | BF16: ='001 B-'!P10 | BG16: ='001 B-'!P10 | BH16: ='001 B-'!P10 | BI16: ='001 B-'!P10 | BJ16: ='001 B-'!P10 | BK16: ='001 B-'!P10 | BL16: ='001 B-'!P10 | BM16: ='001 B-'!P10 | BN16: ='001 B-'!P10 | BO16: ='001 B-'!P10 | BP16: ='001 B-'!P10 | BQ16: ='001 B-'!P10 | BR16: ='001 B-'!P10 | BS16: ='001 B-'!P10 | BT16: ='001 B-'!P10 | BU16: ='001 B-'!P10 | BV16: ='001 B-'!P10 | BW16: ='001 B-'!P10 | BX16: ='001 B-'!P10 | BY16: ='001 B-'!P10 | BZ16: ='001 B-'!P10 | CA16: ='001 B-'!P10 | CB16: ='001 B-'!P10 | CC16: ='001 B-'!P10 | CD16: ='001 B-'!P10 | CE16: ='001 B-'!P10 | CF16: ='001 B-'!P10 | CG16: ='001 B-'!P10 | CH16: ='001 B-'!P10 | CI16: ='001 B-'!P10 | CJ16: ='001 B-'!P10 | CK16: ='001 B-'!P10 | CL16: ='001 B-'!P10 | CM16: ='001 B-'!P10 | CN16: ='001 B-'!P10 | CO16: ='001 B-'!P10 | CP16: ='001 B-'!P10 | CQ16: ='001 B-'!P10 | CR16: ='001 B-'!P10 | CS16: ='001 B-'!P10 | CT16: ='001 B-'!P10 | CU16: ='001 B-'!P10 | CV16: ='001 B-'!P10 | CW16: ='001 B-'!P10 | CX16: ='001 B-'!P10 | CY16: ='001 B-'!P10 | CZ16: ='001 B-'!P10 | DA16: ='001 B-'!P10 | DB16: ='001 B-'!P10 | DC16: ='001 B-'!P10 | DD16: ='001 B-'!P10 | DE16: ='001 B-'!P10 | DF16: ='001 B-'!P10 | DG16: ='001 B-'!P10 | DH16: ='001 B-'!P10 | DI16: ='001 B-'!P10 | DJ16: ='001 B-'!P10 | DK16: ='001 B-'!P10
A17: * | B17: français européen | C17: French | D17: ='001 B-'!Q10 -> 2 | E17: ='002 B-'!Q10 -> 2 | F17: ='003 T-'!Q10 -> 5 | G17: ='003 T-'!Q10 -> 5 | H17: ='003 T-'!Q10 -> 5 | I17: ='004 T-'!Q10 -> 5 | J17: ='004 T-'!Q10 -> 5 | K17: ='005 D-'!Q10 -> 6 | L17: ='005 D-'!Q10 -> 6 | M17: ='005 D-'!Q10 -> 6 | N17: ='006 D-'!Q10 -> 6 | O17: ='006 D-'!Q10 -> 6 | P17: ='007 C-'!Q10 -> 48 | Q17: ='007 C-'!Q10 -> 48 | R17: ='008 C-'!Q10 -> 56 | S17: ='009 C-'!Q10 -> 19 | T17: ='009 C-'!Q10 -> 19 | U17: ='001 B-'!Q10 | V17: ='001 B-'!Q10 | W17: ='001 B-'!Q10 | X17: ='001 B-'!Q10 | Y17: ='001 B-'!Q10 | Z17: ='001 B-'!Q10 | AA17: ='001 B-'!Q10 | AB17: ='001 B-'!Q10 | AC17: ='001 B-'!Q10 | AD17: ='001 B-'!Q10 | AE17: ='001 B-'!Q10 | AF17: ='001 B-'!Q10 | AG17: ='001 B-'!Q10 | AH17: ='001 B-'!Q10 | AI17: ='001 B-'!Q10 | AJ17: ='001 B-'!Q10 | AK17: ='001 B-'!Q10 | AL17: ='001 B-'!Q10 | AM17: ='001 B-'!Q10 | AN17: ='001 B-'!Q10 | AO17: ='001 B-'!Q10 | AP17: ='001 B-'!Q10 | AQ17: ='001 B-'!Q10 | AR17: ='001 B-'!Q10 | AS17: ='001 B-'!Q10 | AT17: ='001 B-'!Q10 | AU17: ='001 B-'!Q10 | AV17: ='001 B-'!Q10 | AW17: ='001 B-'!Q10 | AX17: ='001 B-'!Q10 | AY17: ='001 B-'!Q10 | AZ17: ='001 B-'!Q10 | BA17: ='001 B-'!Q10 | BB17: ='001 B-'!Q10 | BC17: ='001 B-'!Q10 | BD17: ='001 B-'!Q10 | BE17: ='001 B-'!Q10 | BF17: ='001 B-'!Q10 | BG17: ='001 B-'!Q10 | BH17: ='001 B-'!Q10 | BI17: ='001 B-'!Q10 | BJ17: ='001 B-'!Q10 | BK17: ='001 B-'!Q10 | BL17: ='001 B-'!Q10 | BM17: ='001 B-'!Q10 | BN17: ='001 B-'!Q10 | BO17: ='001 B-'!Q10 | BP17: ='001 B-'!Q10 | BQ17: ='001 B-'!Q10 | BR17: ='001 B-'!Q10 | BS17: ='001 B-'!Q10 | BT17: ='001 B-'!Q10 | BU17: ='001 B-'!Q10 | BV17: ='001 B-'!Q10 | BW17: ='001 B-'!Q10 | BX17: ='001 B-'!Q10 | BY17: ='001 B-'!Q10 | BZ17: ='001 B-'!Q10 | CA17: ='001 B-'!Q10 | CB17: ='001 B-'!Q10 | CC17: ='001 B-'!Q10 | CD17: ='001 B-'!Q10 | CE17: ='001 B-'!Q10 | CF17: ='001 B-'!Q10 | CG17: ='001 B-'!Q10 | CH17: ='001 B-'!Q10 | CI17: ='001 B-'!Q10 | CJ17: ='001 B-'!Q10 | CK17: ='001 B-'!Q10 | CL17: ='001 B-'!Q10 | CM17: ='001 B-'!Q10 | CN17: ='001 B-'!Q10 | CO17: ='001 B-'!Q10 | CP17: ='001 B-'!Q10 | CQ17: ='001 B-'!Q10 | CR17: ='001 B-'!Q10 | CS17: ='001 B-'!Q10 | CT17: ='001 B-'!Q10 | CU17: ='001 B-'!Q10 | CV17: ='001 B-'!Q10 | CW17: ='001 B-'!Q10 | CX17: ='001 B-'!Q10 | CY17: ='001 B-'!Q10 | CZ17: ='001 B-'!Q10 | DA17: ='001 B-'!Q10 | DB17: ='001 B-'!Q10 | DC17: ='001 B-'!Q10 | DD17: ='001 B-'!Q10 | DE17: ='001 B-'!Q10 | DF17: ='001 B-'!Q10 | DG17: ='001 B-'!Q10 | DH17: ='001 B-'!Q10 | DI17: ='001 B-'!Q10 | DJ17: ='001 B-'!Q10 | DK17: ='001 B-'!Q10
B18: français québécois | C18: Québécois French | D18: ='001 B-'!R10 -> 2 | E18: ='002 B-'!R10 -> 2 | F18: ='003 T-'!R10 -> 5 | G18: ='003 T-'!R10 -> 5 | H18: ='003 T-'!AN10 -> 26 | I18: ='004 T-'!R10 -> 5 | J18: ='004 T-'!AJ10 -> 26 | K18: ='005 D-'!R10 -> 6 | L18: ='005 D-'!R10 -> 6 | M18: ='005 D-'!AN10 -> 27 | N18: ='006 D-'!R10 -> 6 | O18: ='006 D-'!AJ10 -> 27 | P18: ='007 C-'!R10 -> 48 | Q18: ='007 C-'!R10 -> 48 | R18: ='008 C-'!R10 -> 34 | S18: ='009 C-'!R10 -> 19 | T18: ='009 C-'!R10 -> 19 | U18: ='001 B-'!R10 | V18: ='001 B-'!R10 | W18: ='001 B-'!R10 | X18: ='001 B-'!R10 | Y18: ='001 B-'!R10 | Z18: ='001 B-'!R10 | AA18: ='001 B-'!R10 | AB18: ='001 B-'!R10 | AC18: ='001 B-'!R10 | AD18: ='001 B-'!R10 | AE18: ='001 B-'!R10 | AF18: ='001 B-'!R10 | AG18: ='001 B-'!R10 | AH18: ='001 B-'!R10 | AI18: ='001 B-'!R10 | AJ18: ='001 B-'!R10 | AK18: ='001 B-'!R10 | AL18: ='001 B-'!R10 | AM18: ='001 B-'!R10 | AN18: ='001 B-'!R10 | AO18: ='001 B-'!R10 | AP18: ='001 B-'!R10 | AQ18: ='001 B-'!R10 | AR18: ='001 B-'!R10 | AS18: ='001 B-'!R10 | AT18: ='001 B-'!R10 | AU18: ='001 B-'!R10 | AV18: ='001 B-'!R10 | AW18: ='001 B-'!R10 | AX18: ='001 B-'!R10 | AY18: ='001 B-'!R10 | AZ18: ='001 B-'!R10 | BA18: ='001 B-'!R10 | BB18: ='001 B-'!R10 | BC18: ='001 B-'!R10 | BD18: ='001 B-'!R10 | BE18: ='001 B-'!R10 | BF18: ='001 B-'!R10 | BG18: ='001 B-'!R10 | BH18: ='001 B-'!R10 | BI18: ='001 B-'!R10 | BJ18: ='001 B-'!R10 | BK18: ='001 B-'!R10 | BL18: ='001 B-'!R10 | BM18: ='001 B-'!R10 | BN18: ='001 B-'!R10 | BO18: ='001 B-'!R10 | BP18: ='001 B-'!R10 | BQ18: ='001 B-'!R10 | BR18: ='001 B-'!R10 | BS18: ='001 B-'!R10 | BT18: ='001 B-'!R10 | BU18: ='001 B-'!R10 | BV18: ='001 B-'!R10 | BW18: ='001 B-'!R10 | BX18: ='001 B-'!R10 | BY18: ='001 B-'!R10 | BZ18: ='001 B-'!R10 | CA18: ='001 B-'!R10 | CB18: ='001 B-'!R10 | CC18: ='001 B-'!R10 | CD18: ='001 B-'!R10 | CE18: ='001 B-'!R10 | CF18: ='001 B-'!R10 | CG18: ='001 B-'!R10 | CH18: ='001 B-'!R10 | CI18: ='001 B-'!R10 | CJ18: ='001 B-'!R10 | CK18: ='001 B-'!R10 | CL18: ='001 B-'!R10 | CM18: ='001 B-'!R10 | CN18: ='001 B-'!R10 | CO18: ='001 B-'!R10 | CP18: ='001 B-'!R10 | CQ18: ='001 B-'!R10 | CR18: ='001 B-'!R10 | CS18: ='001 B-'!R10 | CT18: ='001 B-'!R10 | CU18: ='001 B-'!R10 | CV18: ='001 B-'!R10 | CW18: ='001 B-'!R10 | CX18: ='001 B-'!R10 | CY18: ='001 B-'!R10 | CZ18: ='001 B-'!R10 | DA18: ='001 B-'!R10 | DB18: ='001 B-'!R10 | DC18: ='001 B-'!R10 | DD18: ='001 B-'!R10 | DE18: ='001 B-'!R10 | DF18: ='001 B-'!R10 | DG18: ='001 B-'!R10 | DH18: ='001 B-'!R10 | DI18: ='001 B-'!R10 | DJ18: ='001 B-'!R10 | DK18: ='001 B-'!R10
A19: * | B19: arpetan | C19: Arpitan | D19: ='001 B-'!S10 -> 2 | E19: ='002 B-'!S10 -> 2 | F19: ='003 T-'!S10 -> 5 | G19: ='003 T-'!S10 -> 5 | H19: ='003 T-'!S10 -> 5 | I19: ='004 T-'!S10 -> 5 | J19: ='004 T-'!S10 -> 5 | K19: ='005 D-'!S10 -> 6 | L19: ='005 D-'!S10 -> 6 | M19: ='005 D-'!S10 -> 6 | N19: ='006 D-'!S10 -> 6 | O19: ='006 D-'!S10 -> 6 | P19: ='007 C-'!S10 -> 48 | Q19: ='007 C-'!S10 -> 48 | R19: ='008 C-'!S10 -> 106 | S19: ='009 C-'!S10 -> 19 | T19: ='009 C-'!S10 -> 19 | U19: ='001 B-'!S10 | V19: ='001 B-'!S10 | W19: ='001 B-'!S10 | X19: ='001 B-'!S10 | Y19: ='001 B-'!S10 | Z19: ='001 B-'!S10 | AA19: ='001 B-'!S10 | AB19: ='001 B-'!S10 | AC19: ='001 B-'!S10 | AD19: ='001 B-'!S10 | AE19: ='001 B-'!S10 | AF19: ='001 B-'!S10 | AG19: ='001 B-'!S10 | AH19: ='001 B-'!S10 | AI19: ='001 B-'!S10 | AJ19: ='001 B-'!S10 | AK19: ='001 B-'!S10 | AL19: ='001 B-'!S10 | AM19: ='001 B-'!S10 | AN19: ='001 B-'!S10 | AO19: ='001 B-'!S10 | AP19: ='001 B-'!S10 | AQ19: ='001 B-'!S10 | AR19: ='001 B-'!S10 | AS19: ='001 B-'!S10 | AT19: ='001 B-'!S10 | AU19: ='001 B-'!S10 | AV19: ='001 B-'!S10 | AW19: ='001 B-'!S10 | AX19: ='001 B-'!S10 | AY19: ='001 B-'!S10 | AZ19: ='001 B-'!S10 | BA19: ='001 B-'!S10 | BB19: ='001 B-'!S10 | BC19: ='001 B-'!S10 | BD19: ='001 B-'!S10 | BE19: ='001 B-'!S10 | BF19: ='001 B-'!S10 | BG19: ='001 B-'!S10 | BH19: ='001 B-'!S10 | BI19: ='001 B-'!S10 | BJ19: ='001 B-'!S10 | BK19: ='001 B-'!S10 | BL19: ='001 B-'!S10 | BM19: ='001 B-'!S10 | BN19: ='001 B-'!S10 | BO19: ='001 B-'!S10 | BP19: ='001 B-'!S10 | BQ19: ='001 B-'!S10 | BR19: ='001 B-'!S10 | BS19: ='001 B-'!S10 | BT19: ='001 B-'!S10 | BU19: ='001 B-'!S10 | BV19: ='001 B-'!S10 | BW19: ='001 B-'!S10 | BX19: ='001 B-'!S10 | BY19: ='001 B-'!S10 | BZ19: ='001 B-'!S10 | CA19: ='001 B-'!S10 | CB19: ='001 B-'!S10 | CC19: ='001 B-'!S10 | CD19: ='001 B-'!S10 | CE19: ='001 B-'!S10 | CF19: ='001 B-'!S10 | CG19: ='001 B-'!S10 | CH19: ='001 B-'!S10 | CI19: ='001 B-'!S10 | CJ19: ='001 B-'!S10 | CK19: ='001 B-'!S10 | CL19: ='001 B-'!S10 | CM19: ='001 B-'!S10 | CN19: ='001 B-'!S10 | CO19: ='001 B-'!S10 | CP19: ='001 B-'!S10 | CQ19: ='001 B-'!S10 | CR19: ='001 B-'!S10 | CS19: ='001 B-'!S10 | CT19: ='001 B-'!S10 | CU19: ='001 B-'!S10 | CV19: ='001 B-'!S10 | CW19: ='001 B-'!S10 | CX19: ='001 B-'!S10 | CY19: ='001 B-'!S10 | CZ19: ='001 B-'!S10 | DA19: ='001 B-'!S10 | DB19: ='001 B-'!S10 | DC19: ='001 B-'!S10 | DD19: ='001 B-'!S10 | DE19: ='001 B-'!S10 | DF19: ='001 B-'!S10 | DG19: ='001 B-'!S10 | DH19: ='001 B-'!S10 | DI19: ='001 B-'!S10 | DJ19: ='001 B-'!S10 | DK19: ='001 B-'!S10
B20: lìgure | C20: Ligurian | D20: ='001 B-'!T10 -> 2 | E20: ='002 B-'!T10 -> 2 | F20: ='003 T-'!T10 -> 5 | G20: ='003 T-'!T10 -> 5 | H20: ='003 T-'!T10 -> 5 | I20: ='004 T-'!T10 -> 5 | J20: ='004 T-'!T10 -> 5 | K20: ='005 D-'!T10 -> 6 | L20: ='005 D-'!T10 -> 6 | M20: ='005 D-'!T10 -> 6 | N20: ='006 D-'!T10 -> 6 | O20: ='006 D-'!T10 -> 6 | P20: ='007 C-'!T10 -> 274 | Q20: ='007 C-'!T10 -> 274 | R20: ='008 C-'!T10 -> 19 | S20: ='009 C-'!T10 -> 19 | T20: ='009 C-'!T10 -> 19 | U20: ='001 B-'!T10 | V20: ='001 B-'!T10 | W20: ='001 B-'!T10 | X20: ='001 B-'!T10 | Y20: ='001 B-'!T10 | Z20: ='001 B-'!T10 | AA20: ='001 B-'!T10 | AB20: ='001 B-'!T10 | AC20: ='001 B-'!T10 | AD20: ='001 B-'!T10 | AE20: ='001 B-'!T10 | AF20: ='001 B-'!T10 | AG20: ='001 B-'!T10 | AH20: ='001 B-'!T10 | AI20: ='001 B-'!T10 | AJ20: ='001 B-'!T10 | AK20: ='001 B-'!T10 | AL20: ='001 B-'!T10 | AM20: ='001 B-'!T10 | AN20: ='001 B-'!T10 | AO20: ='001 B-'!T10 | AP20: ='001 B-'!T10 | AQ20: ='001 B-'!T10 | AR20: ='001 B-'!T10 | AS20: ='001 B-'!T10 | AT20: ='001 B-'!T10 | AU20: ='001 B-'!T10 | AV20: ='001 B-'!T10 | AW20: ='001 B-'!T10 | AX20: ='001 B-'!T10 | AY20: ='001 B-'!T10 | AZ20: ='001 B-'!T10 | BA20: ='001 B-'!T10 | BB20: ='001 B-'!T10 | BC20: ='001 B-'!T10 | BD20: ='001 B-'!T10 | BE20: ='001 B-'!T10 | BF20: ='001 B-'!T10 | BG20: ='001 B-'!T10 | BH20: ='001 B-'!T10 | BI20: ='001 B-'!T10 | BJ20: ='001 B-'!T10 | BK20: ='001 B-'!T10 | BL20: ='001 B-'!T10 | BM20: ='001 B-'!T10 | BN20: ='001 B-'!T10 | BO20: ='001 B-'!T10 | BP20: ='001 B-'!T10 | BQ20: ='001 B-'!T10 | BR20: ='001 B-'!T10 | BS20: ='001 B-'!T10 | BT20: ='001 B-'!T10 | BU20: ='001 B-'!T10 | BV20: ='001 B-'!T10 | BW20: ='001 B-'!T10 | BX20: ='001 B-'!T10 | BY20: ='001 B-'!T10 | BZ20: ='001 B-'!T10 | CA20: ='001 B-'!T10 | CB20: ='001 B-'!T10 | CC20: ='001 B-'!T10 | CD20: ='001 B-'!T10 | CE20: ='001 B-'!T10 | CF20: ='001 B-'!T10 | CG20: ='001 B-'!T10 | CH20: ='001 B-'!T10 | CI20: ='001 B-'!T10 | CJ20: ='001 B-'!T10 | CK20: ='001 B-'!T10 | CL20: ='001 B-'!T10 | CM20: ='001 B-'!T10 | CN20: ='001 B-'!T10 | CO20: ='001 B-'!T10 | CP20: ='001 B-'!T10 | CQ20: ='001 B-'!T10 | CR20: ='001 B-'!T10 | CS20: ='001 B-'!T10 | CT20: ='001 B-'!T10 | CU20: ='001 B-'!T10 | CV20: ='001 B-'!T10 | CW20: ='001 B-'!T10 | CX20: ='001 B-'!T10 | CY20: ='001 B-'!T10 | CZ20: ='001 B-'!T10 | DA20: ='001 B-'!T10 | DB20: ='001 B-'!T10 | DC20: ='001 B-'!T10 | DD20: ='001 B-'!T10 | DE20: ='001 B-'!T10 | DF20: ='001 B-'!T10 | DG20: ='001 B-'!T10 | DH20: ='001 B-'!T10 | DI20: ='001 B-'!T10 | DJ20: ='001 B-'!T10 | DK20: ='001 B-'!T10
A21: * | B21: lombard | C21: Lombard | D21: ='001 B-'!U10 -> 2 | E21: ='002 B-'!U10 -> 2 | F21: ='003 T-'!U10 -> 5 | G21: ='003 T-'!U10 -> 5 | H21: ='003 T-'!U10 -> 5 | I21: ='004 T-'!U10 -> 5 | J21: ='004 T-'!U10 -> 5 | K21: ='005 D-'!U10 -> 6 | L21: ='005 D-'!U10 -> 6 | M21: ='005 D-'!U10 -> 6 | N21: ='006 D-'!U10 -> 6 | O21: ='006 D-'!U10 -> 6 | P21: ='007 C-'!U10 -> 103 | Q21: ='007 C-'!U10 -> 103 | R21: ='008 C-'!U10 -> 19 | S21: ='009 C-'!U10 -> 19 | T21: ='009 C-'!U10 -> 19 | U21: ='001 B-'!U10 | V21: ='001 B-'!U10 | W21: ='001 B-'!U10 | X21: ='001 B-'!U10 | Y21: ='001 B-'!U10 | Z21: ='001 B-'!U10 | AA21: ='001 B-'!U10 | AB21: ='001 B-'!U10 | AC21: ='001 B-'!U10 | AD21: ='001 B-'!U10 | AE21: ='001 B-'!U10 | AF21: ='001 B-'!U10 | AG21: ='001 B-'!U10 | AH21: ='001 B-'!U10 | AI21: ='001 B-'!U10 | AJ21: ='001 B-'!U10 | AK21: ='001 B-'!U10 | AL21: ='001 B-'!U10 | AM21: ='001 B-'!U10 | AN21: ='001 B-'!U10 | AO21: ='001 B-'!U10 | AP21: ='001 B-'!U10 | AQ21: ='001 B-'!U10 | AR21: ='001 B-'!U10 | AS21: ='001 B-'!U10 | AT21: ='001 B-'!U10 | AU21: ='001 B-'!U10 | AV21: ='001 B-'!U10 | AW21: ='001 B-'!U10 | AX21: ='001 B-'!U10 | AY21: ='001 B-'!U10 | AZ21: ='001 B-'!U10 | BA21: ='001 B-'!U10 | BB21: ='001 B-'!U10 | BC21: ='001 B-'!U10 | BD21: ='001 B-'!U10 | BE21: ='001 B-'!U10 | BF21: ='001 B-'!U10 | BG21: ='001 B-'!U10 | BH21: ='001 B-'!U10 | BI21: ='001 B-'!U10 | BJ21: ='001 B-'!U10 | BK21: ='001 B-'!U10 | BL21: ='001 B-'!U10 | BM21: ='001 B-'!U10 | BN21: ='001 B-'!U10 | BO21: ='001 B-'!U10 | BP21: ='001 B-'!U10 | BQ21: ='001 B-'!U10 | BR21: ='001 B-'!U10 | BS21: ='001 B-'!U10 | BT21: ='001 B-'!U10 | BU21: ='001 B-'!U10 | BV21: ='001 B-'!U10 | BW21: ='001 B-'!U10 | BX21: ='001 B-'!U10 | BY21: ='001 B-'!U10 | BZ21: ='001 B-'!U10 | CA21: ='001 B-'!U10 | CB21: ='001 B-'!U10 | CC21: ='001 B-'!U10 | CD21: ='001 B-'!U10 | CE21: ='001 B-'!U10 | CF21: ='001 B-'!U10 | CG21: ='001 B-'!U10 | CH21: ='001 B-'!U10 | CI21: ='001 B-'!U10 | CJ21: ='001 B-'!U10 | CK21: ='001 B-'!U10 | CL21: ='001 B-'!U10 | CM21: ='001 B-'!U10 | CN21: ='001 B-'!U10 | CO21: ='001 B-'!U10 | CP21: ='001 B-'!U10 | CQ21: ='001 B-'!U10 | CR21: ='001 B-'!U10 | CS21: ='001 B-'!U10 | CT21: ='001 B-'!U10 | CU21: ='001 B-'!U10 | CV21: ='001 B-'!U10 | CW21: ='001 B-'!U10 | CX21: ='001 B-'!U10 | CY21: ='001 B-'!U10 | CZ21: ='001 B-'!U10 | DA21: ='001 B-'!U10 | DB21: ='001 B-'!U10 | DC21: ='001 B-'!U10 | DD21: ='001 B-'!U10 | DE21: ='001 B-'!U10 | DF21: ='001 B-'!U10 | DG21: ='001 B-'!U10 | DH21: ='001 B-'!U10 | DI21: ='001 B-'!U10 | DJ21: ='001 B-'!U10 | DK21: ='001 B-'!U10
B22: rumantsch | C22: Romansh | D22: ='001 B-'!V10 -> 2 | E22: ='002 B-'!V10 -> 2 | F22: ='003 T-'!V10 -> 5 | G22: ='003 T-'!V10 -> 5 | H22: ='003 T-'!V10 -> 5 | I22: ='004 T-'!V10 -> 5 | J22: ='004 T-'!V10 -> 5 | K22: ='005 D-'!V10 -> 6 | L22: ='005 D-'!V10 -> 6 | M22: ='005 D-'!V10 -> 6 | N22: ='006 D-'!V10 -> 6 | O22: ='006 D-'!V10 -> 6 | P22: ='007 C-'!V10 -> 34 | Q22: ='007 C-'!V10 -> 34 | R22: ='008 C-'!V10 -> 150 | S22: ='009 C-'!V10 -> 0 | T22: ='009 C-'!V10 -> 0 | U22: ='001 B-'!V10 | V22: ='001 B-'!V10 | W22: ='001 B-'!V10 | X22: ='001 B-'!V10 | Y22: ='001 B-'!V10 | Z22: ='001 B-'!V10 | AA22: ='001 B-'!V10 | AB22: ='001 B-'!V10 | AC22: ='001 B-'!V10 | AD22: ='001 B-'!V10 | AE22: ='001 B-'!V10 | AF22: ='001 B-'!V10 | AG22: ='001 B-'!V10 | AH22: ='001 B-'!V10 | AI22: ='001 B-'!V10 | AJ22: ='001 B-'!V10 | AK22: ='001 B-'!V10 | AL22: ='001 B-'!V10 | AM22: ='001 B-'!V10 | AN22: ='001 B-'!V10 | AO22: ='001 B-'!V10 | AP22: ='001 B-'!V10 | AQ22: ='001 B-'!V10 | AR22: ='001 B-'!V10 | AS22: ='001 B-'!V10 | AT22: ='001 B-'!V10 | AU22: ='001 B-'!V10 | AV22: ='001 B-'!V10 | AW22: ='001 B-'!V10 | AX22: ='001 B-'!V10 | AY22: ='001 B-'!V10 | AZ22: ='001 B-'!V10 | BA22: ='001 B-'!V10 | BB22: ='001 B-'!V10 | BC22: ='001 B-'!V10 | BD22: ='001 B-'!V10 | BE22: ='001 B-'!V10 | BF22: ='001 B-'!V10 | BG22: ='001 B-'!V10 | BH22: ='001 B-'!V10 | BI22: ='001 B-'!V10 | BJ22: ='001 B-'!V10 | BK22: ='001 B-'!V10 | BL22: ='001 B-'!V10 | BM22: ='001 B-'!V10 | BN22: ='001 B-'!V10 | BO22: ='001 B-'!V10 | BP22: ='001 B-'!V10 | BQ22: ='001 B-'!V10 | BR22: ='001 B-'!V10 | BS22: ='001 B-'!V10 | BT22: ='001 B-'!V10 | BU22: ='001 B-'!V10 | BV22: ='001 B-'!V10 | BW22: ='001 B-'!V10 | BX22: ='001 B-'!V10 | BY22: ='001 B-'!V10 | BZ22: ='001 B-'!V10 | CA22: ='001 B-'!V10 | CB22: ='001 B-'!V10 | CC22: ='001 B-'!V10 | CD22: ='001 B-'!V10 | CE22: ='001 B-'!V10 | CF22: ='001 B-'!V10 | CG22: ='001 B-'!V10 | CH22: ='001 B-'!V10 | CI22: ='001 B-'!V10 | CJ22: ='001 B-'!V10 | CK22: ='001 B-'!V10 | CL22: ='001 B-'!V10 | CM22: ='001 B-'!V10 | CN22: ='001 B-'!V10 | CO22: ='001 B-'!V10 | CP22: ='001 B-'!V10 | CQ22: ='001 B-'!V10 | CR22: ='001 B-'!V10 | CS22: ='001 B-'!V10 | CT22: ='001 B-'!V10 | CU22: ='001 B-'!V10 | CV22: ='001 B-'!V10 | CW22: ='001 B-'!V10 | CX22: ='001 B-'!V10 | CY22: ='001 B-'!V10 | CZ22: ='001 B-'!V10 | DA22: ='001 B-'!V10 | DB22: ='001 B-'!V10 | DC22: ='001 B-'!V10 | DD22: ='001 B-'!V10 | DE22: ='001 B-'!V10 | DF22: ='001 B-'!V10 | DG22: ='001 B-'!V10 | DH22: ='001 B-'!V10 | DI22: ='001 B-'!V10 | DJ22: ='001 B-'!V10 | DK22: ='001 B-'!V10
B23: furlan | C23: Friulian | D23: ='001 B-'!W10 -> 2 | E23: ='002 B-'!W10 -> 2 | F23: ='003 T-'!W10 -> 5 | G23: ='003 T-'!W10 -> 5 | H23: ='003 T-'!W10 -> 5 | I23: ='004 T-'!W10 -> 5 | J23: ='004 T-'!W10 -> 5 | K23: ='005 D-'!W10 -> 6 | L23: ='005 D-'!W10 -> 6 | M23: ='005 D-'!W10 -> 6 | N23: ='006 D-'!W10 -> 6 | O23: ='006 D-'!W10 -> 6 | P23: ='007 C-'!W10 -> 0 | Q23: ='007 C-'!W10 -> 0 | R23: ='008 C-'!W10 -> 152 | S23: ='009 C-'!W10 -> 0 | T23: ='009 C-'!W10 -> 0 | U23: ='001 B-'!W10 | V23: ='001 B-'!W10 | W23: ='001 B-'!W10 | X23: ='001 B-'!W10 | Y23: ='001 B-'!W10 | Z23: ='001 B-'!W10 | AA23: ='001 B-'!W10 | AB23: ='001 B-'!W10 | AC23: ='001 B-'!W10 | AD23: ='001 B-'!W10 | AE23: ='001 B-'!W10 | AF23: ='001 B-'!W10 | AG23: ='001 B-'!W10 | AH23: ='001 B-'!W10 | AI23: ='001 B-'!W10 | AJ23: ='001 B-'!W10 | AK23: ='001 B-'!W10 | AL23: ='001 B-'!W10 | AM23: ='001 B-'!W10 | AN23: ='001 B-'!W10 | AO23: ='001 B-'!W10 | AP23: ='001 B-'!W10 | AQ23: ='001 B-'!W10 | AR23: ='001 B-'!W10 | AS23: ='001 B-'!W10 | AT23: ='001 B-'!W10 | AU23: ='001 B-'!W10 | AV23: ='001 B-'!W10 | AW23: ='001 B-'!W10 | AX23: ='001 B-'!W10 | AY23: ='001 B-'!W10 | AZ23: ='001 B-'!W10 | BA23: ='001 B-'!W10 | BB23: ='001 B-'!W10 | BC23: ='001 B-'!W10 | BD23: ='001 B-'!W10 | BE23: ='001 B-'!W10 | BF23: ='001 B-'!W10 | BG23: ='001 B-'!W10 | BH23: ='001 B-'!W10 | BI23: ='001 B-'!W10 | BJ23: ='001 B-'!W10 | BK23: ='001 B-'!W10 | BL23: ='001 B-'!W10 | BM23: ='001 B-'!W10 | BN23: ='001 B-'!W10 | BO23: ='001 B-'!W10 | BP23: ='001 B-'!W10 | BQ23: ='001 B-'!W10 | BR23: ='001 B-'!W10 | BS23: ='001 B-'!W10 | BT23: ='001 B-'!W10 | BU23: ='001 B-'!W10 | BV23: ='001 B-'!W10 | BW23: ='001 B-'!W10 | BX23: ='001 B-'!W10 | BY23: ='001 B-'!W10 | BZ23: ='001 B-'!W10 | CA23: ='001 B-'!W10 | CB23: ='001 B-'!W10 | CC23: ='001 B-'!W10 | CD23: ='001 B-'!W10 | CE23: ='001 B-'!W10 | CF23: ='001 B-'!W10 | CG23: ='001 B-'!W10 | CH23: ='001 B-'!W10 | CI23: ='001 B-'!W10 | CJ23: ='001 B-'!W10 | CK23: ='001 B-'!W10 | CL23: ='001 B-'!W10 | CM23: ='001 B-'!W10 | CN23: ='001 B-'!W10 | CO23: ='001 B-'!W10 | CP23: ='001 B-'!W10 | CQ23: ='001 B-'!W10 | CR23: ='001 B-'!W10 | CS23: ='001 B-'!W10 | CT23: ='001 B-'!W10 | CU23: ='001 B-'!W10 | CV23: ='001 B-'!W10 | CW23: ='001 B-'!W10 | CX23: ='001 B-'!W10 | CY23: ='001 B-'!W10 | CZ23: ='001 B-'!W10 | DA23: ='001 B-'!W10 | DB23: ='001 B-'!W10 | DC23: ='001 B-'!W10 | DD23: ='001 B-'!W10 | DE23: ='001 B-'!W10 | DF23: ='001 B-'!W10 | DG23: ='001 B-'!W10 | DH23: ='001 B-'!W10 | DI23: ='001 B-'!W10 | DJ23: ='001 B-'!W10 | DK23: ='001 B-'!W10
B24: sardu logudoresu | C24: Logudorese Sardinian | D24: ='001 B-'!X10 -> 273 | E24: ='002 B-'!X10 -> 273 | F24: ='003 T-'!X10 -> 5 | G24: ='003 T-'!X10 -> 5 | H24: ='003 T-'!X10 -> 5 | I24: ='004 T-'!X10 -> 5 | J24: ='004 T-'!X10 -> 5 | K24: ='005 D-'!X10 -> 6 | L24: ='005 D-'!X10 -> 6 | M24: ='005 D-'!X10 -> 6 | N24: ='006 D-'!X10 -> 6 | O24: ='006 D-'!X10 -> 6 | P24: ='007 C-'!X10 -> 19 | Q24: ='007 C-'!X10 -> 19 | R24: ='008 C-'!X10 -> 19 | S24: ='009 C-'!X10 -> 19 | T24: ='009 C-'!X10 -> 19 | U24: ='001 B-'!X10 | V24: ='001 B-'!X10 | W24: ='001 B-'!X10 | X24: ='001 B-'!X10 | Y24: ='001 B-'!X10 | Z24: ='001 B-'!X10 | AA24: ='001 B-'!X10 | AB24: ='001 B-'!X10 | AC24: ='001 B-'!X10 | AD24: ='001 B-'!X10 | AE24: ='001 B-'!X10 | AF24: ='001 B-'!X10 | AG24: ='001 B-'!X10 | AH24: ='001 B-'!X10 | AI24: ='001 B-'!X10 | AJ24: ='001 B-'!X10 | AK24: ='001 B-'!X10 | AL24: ='001 B-'!X10 | AM24: ='001 B-'!X10 | AN24: ='001 B-'!X10 | AO24: ='001 B-'!X10 | AP24: ='001 B-'!X10 | AQ24: ='001 B-'!X10 | AR24: ='001 B-'!X10 | AS24: ='001 B-'!X10 | AT24: ='001 B-'!X10 | AU24: ='001 B-'!X10 | AV24: ='001 B-'!X10 | AW24: ='001 B-'!X10 | AX24: ='001 B-'!X10 | AY24: ='001 B-'!X10 | AZ24: ='001 B-'!X10 | BA24: ='001 B-'!X10 | BB24: ='001 B-'!X10 | BC24: ='001 B-'!X10 | BD24: ='001 B-'!X10 | BE24: ='001 B-'!X10 | BF24: ='001 B-'!X10 | BG24: ='001 B-'!X10 | BH24: ='001 B-'!X10 | BI24: ='001 B-'!X10 | BJ24: ='001 B-'!X10 | BK24: ='001 B-'!X10 | BL24: ='001 B-'!X10 | BM24: ='001 B-'!X10 | BN24: ='001 B-'!X10 | BO24: ='001 B-'!X10 | BP24: ='001 B-'!X10 | BQ24: ='001 B-'!X10 | BR24: ='001 B-'!X10 | BS24: ='001 B-'!X10 | BT24: ='001 B-'!X10 | BU24: ='001 B-'!X10 | BV24: ='001 B-'!X10 | BW24: ='001 B-'!X10 | BX24: ='001 B-'!X10 | BY24: ='001 B-'!X10 | BZ24: ='001 B-'!X10 | CA24: ='001 B-'!X10 | CB24: ='001 B-'!X10 | CC24: ='001 B-'!X10 | CD24: ='001 B-'!X10 | CE24: ='001 B-'!X10 | CF24: ='001 B-'!X10 | CG24: ='001 B-'!X10 | CH24: ='001 B-'!X10 | CI24: ='001 B-'!X10 | CJ24: ='001 B-'!X10 | CK24: ='001 B-'!X10 | CL24: ='001 B-'!X10 | CM24: ='001 B-'!X10 | CN24: ='001 B-'!X10 | CO24: ='001 B-'!X10 | CP24: ='001 B-'!X10 | CQ24: ='001 B-'!X10 | CR24: ='001 B-'!X10 | CS24: ='001 B-'!X10 | CT24: ='001 B-'!X10 | CU24: ='001 B-'!X10 | CV24: ='001 B-'!X10 | CW24: ='001 B-'!X10 | CX24: ='001 B-'!X10 | CY24: ='001 B-'!X10 | CZ24: ='001 B-'!X10 | DA24: ='001 B-'!X10 | DB24: ='001 B-'!X10 | DC24: ='001 B-'!X10 | DD24: ='001 B-'!X10 | DE24: ='001 B-'!X10 | DF24: ='001 B-'!X10 | DG24: ='001 B-'!X10 | DH24: ='001 B-'!X10 | DI24: ='001 B-'!X10 | DJ24: ='001 B-'!X10 | DK24: ='001 B-'!X10
A25: * | B25: sardu campidanesu | C25: Campidanese Sardinian | D25: ='001 B-'!Y10 -> 2 | E25: ='002 B-'!Y10 -> 2 | F25: ='003 T-'!Y10 -> 5 | G25: ='003 T-'!Y10 -> 5 | H25: ='003 T-'!Y10 -> 5 | I25: ='004 T-'!Y10 -> 5 | J25: ='004 T-'!Y10 -> 5 | K25: ='005 D-'!Y10 -> 6 | L25: ='005 D-'!Y10 -> 6 | M25: ='005 D-'!Y10 -> 6 | N25: ='006 D-'!Y10 -> 6 | O25: ='006 D-'!Y10 -> 6 | P25: ='007 C-'!Y10 -> 34 | Q25: ='007 C-'!Y10 -> 34 | R25: ='008 C-'!Y10 -> 19 | S25: ='009 C-'!Y10 -> 19 | T25: ='009 C-'!Y10 -> 19 | U25: ='001 B-'!Y10 | V25: ='001 B-'!Y10 | W25: ='001 B-'!Y10 | X25: ='001 B-'!Y10 | Y25: ='001 B-'!Y10 | Z25: ='001 B-'!Y10 | AA25: ='001 B-'!Y10 | AB25: ='001 B-'!Y10 | AC25: ='001 B-'!Y10 | AD25: ='001 B-'!Y10 | AE25: ='001 B-'!Y10 | AF25: ='001 B-'!Y10 | AG25: ='001 B-'!Y10 | AH25: ='001 B-'!Y10 | AI25: ='001 B-'!Y10 | AJ25: ='001 B-'!Y10 | AK25: ='001 B-'!Y10 | AL25: ='001 B-'!Y10 | AM25: ='001 B-'!Y10 | AN25: ='001 B-'!Y10 | AO25: ='001 B-'!Y10 | AP25: ='001 B-'!Y10 | AQ25: ='001 B-'!Y10 | AR25: ='001 B-'!Y10 | AS25: ='001 B-'!Y10 | AT25: ='001 B-'!Y10 | AU25: ='001 B-'!Y10 | AV25: ='001 B-'!Y10 | AW25: ='001 B-'!Y10 | AX25: ='001 B-'!Y10 | AY25: ='001 B-'!Y10 | AZ25: ='001 B-'!Y10 | BA25: ='001 B-'!Y10 | BB25: ='001 B-'!Y10 | BC25: ='001 B-'!Y10 | BD25: ='001 B-'!Y10 | BE25: ='001 B-'!Y10 | BF25: ='001 B-'!Y10 | BG25: ='001 B-'!Y10 | BH25: ='001 B-'!Y10 | BI25: ='001 B-'!Y10 | BJ25: ='001 B-'!Y10 | BK25: ='001 B-'!Y10 | BL25: ='001 B-'!Y10 | BM25: ='001 B-'!Y10 | BN25: ='001 B-'!Y10 | BO25: ='001 B-'!Y10 | BP25: ='001 B-'!Y10 | BQ25: ='001 B-'!Y10 | BR25: ='001 B-'!Y10 | BS25: ='001 B-'!Y10 | BT25: ='001 B-'!Y10 | BU25: ='001 B-'!Y10 | BV25: ='001 B-'!Y10 | BW25: ='001 B-'!Y10 | BX25: ='001 B-'!Y10 | BY25: ='001 B-'!Y10 | BZ25: ='001 B-'!Y10 | CA25: ='001 B-'!Y10 | CB25: ='001 B-'!Y10 | CC25: ='001 B-'!Y10 | CD25: ='001 B-'!Y10 | CE25: ='001 B-'!Y10 | CF25: ='001 B-'!Y10 | CG25: ='001 B-'!Y10 | CH25: ='001 B-'!Y10 | CI25: ='001 B-'!Y10 | CJ25: ='001 B-'!Y10 | CK25: ='001 B-'!Y10 | CL25: ='001 B-'!Y10 | CM25: ='001 B-'!Y10 | CN25: ='001 B-'!Y10 | CO25: ='001 B-'!Y10 | CP25: ='001 B-'!Y10 | CQ25: ='001 B-'!Y10 | CR25: ='001 B-'!Y10 | CS25: ='001 B-'!Y10 | CT25: ='001 B-'!Y10 | CU25: ='001 B-'!Y10 | CV25: ='001 B-'!Y10 | CW25: ='001 B-'!Y10 | CX25: ='001 B-'!Y10 | CY25: ='001 B-'!Y10 | CZ25: ='001 B-'!Y10 | DA25: ='001 B-'!Y10 | DB25: ='001 B-'!Y10 | DC25: ='001 B-'!Y10 | DD25: ='001 B-'!Y10 | DE25: ='001 B-'!Y10 | DF25: ='001 B-'!Y10 | DG25: ='001 B-'!Y10 | DH25: ='001 B-'!Y10 | DI25: ='001 B-'!Y10 | DJ25: ='001 B-'!Y10 | DK25: ='001 B-'!Y10
B26: corsu | C26: Corsican | D26: ='001 B-'!Z10 -> 2 | E26: ='002 B-'!Z10 -> 2 | F26: ='003 T-'!Z10 -> 5 | G26: ='003 T-'!Z10 -> 5 | H26: ='003 T-'!Z10 -> 5 | I26: ='004 T-'!Z10 -> 5 | J26: ='004 T-'!Z10 -> 5 | K26: ='005 D-'!Z10 -> 6 | L26: ='005 D-'!Z10 -> 6 | M26: ='005 D-'!Z10 -> 6 | N26: ='006 D-'!Z10 -> 6 | O26: ='006 D-'!Z10 -> 6 | P26: ='007 C-'!Z10 -> 0 | Q26: ='007 C-'!Z10 -> 0 | R26: ='008 C-'!Z10 -> 19 | S26: ='009 C-'!Z10 -> 19 | T26: ='009 C-'!Z10 -> 19 | U26: ='001 B-'!Z10 | V26: ='001 B-'!Z10 | W26: ='001 B-'!Z10 | X26: ='001 B-'!Z10 | Y26: ='001 B-'!Z10 | Z26: ='001 B-'!Z10 | AA26: ='001 B-'!Z10 | AB26: ='001 B-'!Z10 | AC26: ='001 B-'!Z10 | AD26: ='001 B-'!Z10 | AE26: ='001 B-'!Z10 | AF26: ='001 B-'!Z10 | AG26: ='001 B-'!Z10 | AH26: ='001 B-'!Z10 | AI26: ='001 B-'!Z10 | AJ26: ='001 B-'!Z10 | AK26: ='001 B-'!Z10 | AL26: ='001 B-'!Z10 | AM26: ='001 B-'!Z10 | AN26: ='001 B-'!Z10 | AO26: ='001 B-'!Z10 | AP26: ='001 B-'!Z10 | AQ26: ='001 B-'!Z10 | AR26: ='001 B-'!Z10 | AS26: ='001 B-'!Z10 | AT26: ='001 B-'!Z10 | AU26: ='001 B-'!Z10 | AV26: ='001 B-'!Z10 | AW26: ='001 B-'!Z10 | AX26: ='001 B-'!Z10 | AY26: ='001 B-'!Z10 | AZ26: ='001 B-'!Z10 | BA26: ='001 B-'!Z10 | BB26: ='001 B-'!Z10 | BC26: ='001 B-'!Z10 | BD26: ='001 B-'!Z10 | BE26: ='001 B-'!Z10 | BF26: ='001 B-'!Z10 | BG26: ='001 B-'!Z10 | BH26: ='001 B-'!Z10 | BI26: ='001 B-'!Z10 | BJ26: ='001 B-'!Z10 | BK26: ='001 B-'!Z10 | BL26: ='001 B-'!Z10 | BM26: ='001 B-'!Z10 | BN26: ='001 B-'!Z10 | BO26: ='001 B-'!Z10 | BP26: ='001 B-'!Z10 | BQ26: ='001 B-'!Z10 | BR26: ='001 B-'!Z10 | BS26: ='001 B-'!Z10 | BT26: ='001 B-'!Z10 | BU26: ='001 B-'!Z10 | BV26: ='001 B-'!Z10 | BW26: ='001 B-'!Z10 | BX26: ='001 B-'!Z10 | BY26: ='001 B-'!Z10 | BZ26: ='001 B-'!Z10 | CA26: ='001 B-'!Z10 | CB26: ='001 B-'!Z10 | CC26: ='001 B-'!Z10 | CD26: ='001 B-'!Z10 | CE26: ='001 B-'!Z10 | CF26: ='001 B-'!Z10 | CG26: ='001 B-'!Z10 | CH26: ='001 B-'!Z10 | CI26: ='001 B-'!Z10 | CJ26: ='001 B-'!Z10 | CK26: ='001 B-'!Z10 | CL26: ='001 B-'!Z10 | CM26: ='001 B-'!Z10 | CN26: ='001 B-'!Z10 | CO26: ='001 B-'!Z10 | CP26: ='001 B-'!Z10 | CQ26: ='001 B-'!Z10 | CR26: ='001 B-'!Z10 | CS26: ='001 B-'!Z10 | CT26: ='001 B-'!Z10 | CU26: ='001 B-'!Z10 | CV26: ='001 B-'!Z10 | CW26: ='001 B-'!Z10 | CX26: ='001 B-'!Z10 | CY26: ='001 B-'!Z10 | CZ26: ='001 B-'!Z10 | DA26: ='001 B-'!Z10 | DB26: ='001 B-'!Z10 | DC26: ='001 B-'!Z10 | DD26: ='001 B-'!Z10 | DE26: ='001 B-'!Z10 | DF26: ='001 B-'!Z10 | DG26: ='001 B-'!Z10 | DH26: ='001 B-'!Z10 | DI26: ='001 B-'!Z10 | DJ26: ='001 B-'!Z10 | DK26: ='001 B-'!Z10
A27: * | B27: italiano | C27: Italian | D27: ='001 B-'!AA10 -> 2 | E27: ='002 B-'!AA10 -> 2 | F27: ='003 T-'!AA10 -> 5 | G27: ='003 T-'!AA10 -> 5 | H27: ='003 T-'!AA10 -> 5 | I27: ='004 T-'!AA10 -> 5 | J27: ='004 T-'!AA10 -> 5 | K27: ='005 D-'!AA10 -> 6 | L27: ='005 D-'!AA10 -> 6 | M27: ='005 D-'!AA10 -> 6 | N27: ='006 D-'!AA10 -> 6 | O27: ='006 D-'!AA10 -> 6 | P27: ='007 C-'!AA10 -> 34 | Q27: ='007 C-'!AA10 -> 34 | R27: ='008 C-'!AA10 -> 19 | S27: ='009 C-'!AA10 -> 19 | T27: ='009 C-'!AJ10 -> 20 | U27: ='001 B-'!AA10 | V27: ='001 B-'!AA10 | W27: ='001 B-'!AA10 | X27: ='001 B-'!AA10 | Y27: ='001 B-'!AA10 | Z27: ='001 B-'!AA10 | AA27: ='001 B-'!AA10 | AB27: ='001 B-'!AA10 | AC27: ='001 B-'!AA10 | AD27: ='001 B-'!AA10 | AE27: ='001 B-'!AA10 | AF27: ='001 B-'!AA10 | AG27: ='001 B-'!AA10 | AH27: ='001 B-'!AA10 | AI27: ='001 B-'!AA10 | AJ27: ='001 B-'!AA10 | AK27: ='001 B-'!AA10 | AL27: ='001 B-'!AA10 | AM27: ='001 B-'!AA10 | AN27: ='001 B-'!AA10 | AO27: ='001 B-'!AA10 | AP27: ='001 B-'!AA10 | AQ27: ='001 B-'!AA10 | AR27: ='001 B-'!AA10 | AS27: ='001 B-'!AA10 | AT27: ='001 B-'!AA10 | AU27: ='001 B-'!AA10 | AV27: ='001 B-'!AA10 | AW27: ='001 B-'!AA10 | AX27: ='001 B-'!AA10 | AY27: ='001 B-'!AA10 | AZ27: ='001 B-'!AA10 | BA27: ='001 B-'!AA10 | BB27: ='001 B-'!AA10 | BC27: ='001 B-'!AA10 | BD27: ='001 B-'!AA10 | BE27: ='001 B-'!AA10 | BF27: ='001 B-'!AA10 | BG27: ='001 B-'!AA10 | BH27: ='001 B-'!AA10 | BI27: ='001 B-'!AA10 | BJ27: ='001 B-'!AA10 | BK27: ='001 B-'!AA10 | BL27: ='001 B-'!AA10 | BM27: ='001 B-'!AA10 | BN27: ='001 B-'!AA10 | BO27: ='001 B-'!AA10 | BP27: ='001 B-'!AA10 | BQ27: ='001 B-'!AA10 | BR27: ='001 B-'!AA10 | BS27: ='001 B-'!AA10 | BT27: ='001 B-'!AA10 | BU27: ='001 B-'!AA10 | BV27: ='001 B-'!AA10 | BW27: ='001 B-'!AA10 | BX27: ='001 B-'!AA10 | BY27: ='001 B-'!AA10 | BZ27: ='001 B-'!AA10 | CA27: ='001 B-'!AA10 | CB27: ='001 B-'!AA10 | CC27: ='001 B-'!AA10 | CD27: ='001 B-'!AA10 | CE27: ='001 B-'!AA10 | CF27: ='001 B-'!AA10 | CG27: ='001 B-'!AA10 | CH27: ='001 B-'!AA10 | CI27: ='001 B-'!AA10 | CJ27: ='001 B-'!AA10 | CK27: ='001 B-'!AA10 | CL27: ='001 B-'!AA10 | CM27: ='001 B-'!AA10 | CN27: ='001 B-'!AA10 | CO27: ='001 B-'!AA10 | CP27: ='001 B-'!AA10 | CQ27: ='001 B-'!AA10 | CR27: ='001 B-'!AA10 | CS27: ='001 B-'!AA10 | CT27: ='001 B-'!AA10 | CU27: ='001 B-'!AA10 | CV27: ='001 B-'!AA10 | CW27: ='001 B-'!AA10 | CX27: ='001 B-'!AA10 | CY27: ='001 B-'!AA10 | CZ27: ='001 B-'!AA10 | DA27: ='001 B-'!AA10 | DB27: ='001 B-'!AA10 | DC27: ='001 B-'!AA10 | DD27: ='001 B-'!AA10 | DE27: ='001 B-'!AA10 | DF27: ='001 B-'!AA10 | DG27: ='001 B-'!AA10 | DH27: ='001 B-'!AA10 | DI27: ='001 B-'!AA10 | DJ27: ='001 B-'!AA10 | DK27: ='001 B-'!AA10
B28: abbruzzese | C28: Abruzzese | D28: ='001 B-'!AB10 -> 117 | E28: ='002 B-'!AB10 -> 117 | F28: ='003 T-'!AB10 -> 5 | G28: ='003 T-'!AB10 -> 5 | H28: ='003 T-'!AB10 -> 5 | I28: ='004 T-'!AB10 -> 5 | J28: ='004 T-'!AB10 -> 5 | K28: ='005 D-'!AB10 -> 6 | L28: ='005 D-'!AB10 -> 6 | M28: ='005 D-'!AB10 -> 6 | N28: ='006 D-'!AB10 -> 6 | O28: ='006 D-'!AB10 -> 6 | P28: ='007 C-'!AB10 -> 0 | Q28: ='007 C-'!AB10 -> 0 | R28: ='008 C-'!AB10 -> 19 | S28: ='009 C-'!AB10 -> 19 | T28: ='009 C-'!AB10 -> 19 | U28: ='001 B-'!AB10 | V28: ='001 B-'!AB10 | W28: ='001 B-'!AB10 | X28: ='001 B-'!AB10 | Y28: ='001 B-'!AB10 | Z28: ='001 B-'!AB10 | AA28: ='001 B-'!AB10 | AB28: ='001 B-'!AB10 | AC28: ='001 B-'!AB10 | AD28: ='001 B-'!AB10 | AE28: ='001 B-'!AB10 | AF28: ='001 B-'!AB10 | AG28: ='001 B-'!AB10 | AH28: ='001 B-'!AB10 | AI28: ='001 B-'!AB10 | AJ28: ='001 B-'!AB10 | AK28: ='001 B-'!AB10 | AL28: ='001 B-'!AB10 | AM28: ='001 B-'!AB10 | AN28: ='001 B-'!AB10 | AO28: ='001 B-'!AB10 | AP28: ='001 B-'!AB10 | AQ28: ='001 B-'!AB10 | AR28: ='001 B-'!AB10 | AS28: ='001 B-'!AB10 | AT28: ='001 B-'!AB10 | AU28: ='001 B-'!AB10 | AV28: ='001 B-'!AB10 | AW28: ='001 B-'!AB10 | AX28: ='001 B-'!AB10 | AY28: ='001 B-'!AB10 | AZ28: ='001 B-'!AB10 | BA28: ='001 B-'!AB10 | BB28: ='001 B-'!AB10 | BC28: ='001 B-'!AB10 | BD28: ='001 B-'!AB10 | BE28: ='001 B-'!AB10 | BF28: ='001 B-'!AB10 | BG28: ='001 B-'!AB10 | BH28: ='001 B-'!AB10 | BI28: ='001 B-'!AB10 | BJ28: ='001 B-'!AB10 | BK28: ='001 B-'!AB10 | BL28: ='001 B-'!AB10 | BM28: ='001 B-'!AB10 | BN28: ='001 B-'!AB10 | BO28: ='001 B-'!AB10 | BP28: ='001 B-'!AB10 | BQ28: ='001 B-'!AB10 | BR28: ='001 B-'!AB10 | BS28: ='001 B-'!AB10 | BT28: ='001 B-'!AB10 | BU28: ='001 B-'!AB10 | BV28: ='001 B-'!AB10 | BW28: ='001 B-'!AB10 | BX28: ='001 B-'!AB10 | BY28: ='001 B-'!AB10 | BZ28: ='001 B-'!AB10 | CA28: ='001 B-'!AB10 | CB28: ='001 B-'!AB10 | CC28: ='001 B-'!AB10 | CD28: ='001 B-'!AB10 | CE28: ='001 B-'!AB10 | CF28: ='001 B-'!AB10 | CG28: ='001 B-'!AB10 | CH28: ='001 B-'!AB10 | CI28: ='001 B-'!AB10 | CJ28: ='001 B-'!AB10 | CK28: ='001 B-'!AB10 | CL28: ='001 B-'!AB10 | CM28: ='001 B-'!AB10 | CN28: ='001 B-'!AB10 | CO28: ='001 B-'!AB10 | CP28: ='001 B-'!AB10 | CQ28: ='001 B-'!AB10 | CR28: ='001 B-'!AB10 | CS28: ='001 B-'!AB10 | CT28: ='001 B-'!AB10 | CU28: ='001 B-'!AB10 | CV28: ='001 B-'!AB10 | CW28: ='001 B-'!AB10 | CX28: ='001 B-'!AB10 | CY28: ='001 B-'!AB10 | CZ28: ='001 B-'!AB10 | DA28: ='001 B-'!AB10 | DB28: ='001 B-'!AB10 | DC28: ='001 B-'!AB10 | DD28: ='001 B-'!AB10 | DE28: ='001 B-'!AB10 | DF28: ='001 B-'!AB10 | DG28: ='001 B-'!AB10 | DH28: ='001 B-'!AB10 | DI28: ='001 B-'!AB10 | DJ28: ='001 B-'!AB10 | DK28: ='001 B-'!AB10
A29: * | B29: campane-molisane | C29: Campano-Molisan | D29: ='001 B-'!AC10 -> 43 | E29: ='002 B-'!AC10 -> 43 | F29: ='003 T-'!AC10 -> 5 | G29: ='003 T-'!AC10 -> 5 | H29: ='003 T-'!AC10 -> 5 | I29: ='004 T-'!AC10 -> 5 | J29: ='004 T-'!AC10 -> 5 | K29: ='005 D-'!AC10 -> 101 | L29: ='005 D-'!AC10 -> 101 | M29: ='005 D-'!AC10 -> 101 | N29: ='006 D-'!AC10 -> 101 | O29: ='006 D-'!AC10 -> 101 | P29: ='007 C-'!AC10 -> 34 | Q29: ='007 C-'!AC10 -> 34 | R29: ='008 C-'!AC10 -> 19 | S29: ='009 C-'!AC10 -> 19 | T29: ='009 C-'!AC10 -> 19 | U29: ='001 B-'!AC10 | V29: ='001 B-'!AC10 | W29: ='001 B-'!AC10 | X29: ='001 B-'!AC10 | Y29: ='001 B-'!AC10 | Z29: ='001 B-'!AC10 | AA29: ='001 B-'!AC10 | AB29: ='001 B-'!AC10 | AC29: ='001 B-'!AC10 | AD29: ='001 B-'!AC10 | AE29: ='001 B-'!AC10 | AF29: ='001 B-'!AC10 | AG29: ='001 B-'!AC10 | AH29: ='001 B-'!AC10 | AI29: ='001 B-'!AC10 | AJ29: ='001 B-'!AC10 | AK29: ='001 B-'!AC10 | AL29: ='001 B-'!AC10 | AM29: ='001 B-'!AC10 | AN29: ='001 B-'!AC10 | AO29: ='001 B-'!AC10 | AP29: ='001 B-'!AC10 | AQ29: ='001 B-'!AC10 | AR29: ='001 B-'!AC10 | AS29: ='001 B-'!AC10 | AT29: ='001 B-'!AC10 | AU29: ='001 B-'!AC10 | AV29: ='001 B-'!AC10 | AW29: ='001 B-'!AC10 | AX29: ='001 B-'!AC10 | AY29: ='001 B-'!AC10 | AZ29: ='001 B-'!AC10 | BA29: ='001 B-'!AC10 | BB29: ='001 B-'!AC10 | BC29: ='001 B-'!AC10 | BD29: ='001 B-'!AC10 | BE29: ='001 B-'!AC10 | BF29: ='001 B-'!AC10 | BG29: ='001 B-'!AC10 | BH29: ='001 B-'!AC10 | BI29: ='001 B-'!AC10 | BJ29: ='001 B-'!AC10 | BK29: ='001 B-'!AC10 | BL29: ='001 B-'!AC10 | BM29: ='001 B-'!AC10 | BN29: ='001 B-'!AC10 | BO29: ='001 B-'!AC10 | BP29: ='001 B-'!AC10 | BQ29: ='001 B-'!AC10 | BR29: ='001 B-'!AC10 | BS29: ='001 B-'!AC10 | BT29: ='001 B-'!AC10 | BU29: ='001 B-'!AC10 | BV29: ='001 B-'!AC10 | BW29: ='001 B-'!AC10 | BX29: ='001 B-'!AC10 | BY29: ='001 B-'!AC10 | BZ29: ='001 B-'!AC10 | CA29: ='001 B-'!AC10 | CB29: ='001 B-'!AC10 | CC29: ='001 B-'!AC10 | CD29: ='001 B-'!AC10 | CE29: ='001 B-'!AC10 | CF29: ='001 B-'!AC10 | CG29: ='001 B-'!AC10 | CH29: ='001 B-'!AC10 | CI29: ='001 B-'!AC10 | CJ29: ='001 B-'!AC10 | CK29: ='001 B-'!AC10 | CL29: ='001 B-'!AC10 | CM29: ='001 B-'!AC10 | CN29: ='001 B-'!AC10 | CO29: ='001 B-'!AC10 | CP29: ='001 B-'!AC10 | CQ29: ='001 B-'!AC10 | CR29: ='001 B-'!AC10 | CS29: ='001 B-'!AC10 | CT29: ='001 B-'!AC10 | CU29: ='001 B-'!AC10 | CV29: ='001 B-'!AC10 | CW29: ='001 B-'!AC10 | CX29: ='001 B-'!AC10 | CY29: ='001 B-'!AC10 | CZ29: ='001 B-'!AC10 | DA29: ='001 B-'!AC10 | DB29: ='001 B-'!AC10 | DC29: ='001 B-'!AC10 | DD29: ='001 B-'!AC10 | DE29: ='001 B-'!AC10 | DF29: ='001 B-'!AC10 | DG29: ='001 B-'!AC10 | DH29: ='001 B-'!AC10 | DI29: ='001 B-'!AC10 | DJ29: ='001 B-'!AC10 | DK29: ='001 B-'!AC10
B30: pugghiese | C30: Pugliese | D30: ='001 B-'!AD10 -> 43 | E30: ='002 B-'!AD10 -> 43 | F30: ='003 T-'!AD10 -> 5 | G30: ='003 T-'!AD10 -> 5 | H30: ='003 T-'!AD10 -> 5 | I30: ='004 T-'!AD10 -> 5 | J30: ='004 T-'!AD10 -> 5 | K30: ='005 D-'!AD10 -> 6 | L30: ='005 D-'!AD10 -> 6 | M30: ='005 D-'!AD10 -> 6 | N30: ='006 D-'!AD10 -> 6 | O30: ='006 D-'!AD10 -> 6 | P30: ='007 C-'!AD10 -> 0 | Q30: ='007 C-'!AD10 -> 0 | R30: ='008 C-'!AD10 -> 19 | S30: ='009 C-'!AD10 -> 19 | T30: ='009 C-'!AD10 -> 19 | U30: ='001 B-'!AD10 | V30: ='001 B-'!AD10 | W30: ='001 B-'!AD10 | X30: ='001 B-'!AD10 | Y30: ='001 B-'!AD10 | Z30: ='001 B-'!AD10 | AA30: ='001 B-'!AD10 | AB30: ='001 B-'!AD10 | AC30: ='001 B-'!AD10 | AD30: ='001 B-'!AD10 | AE30: ='001 B-'!AD10 | AF30: ='001 B-'!AD10 | AG30: ='001 B-'!AD10 | AH30: ='001 B-'!AD10 | AI30: ='001 B-'!AD10 | AJ30: ='001 B-'!AD10 | AK30: ='001 B-'!AD10 | AL30: ='001 B-'!AD10 | AM30: ='001 B-'!AD10 | AN30: ='001 B-'!AD10 | AO30: ='001 B-'!AD10 | AP30: ='001 B-'!AD10 | AQ30: ='001 B-'!AD10 | AR30: ='001 B-'!AD10 | AS30: ='001 B-'!AD10 | AT30: ='001 B-'!AD10 | AU30: ='001 B-'!AD10 | AV30: ='001 B-'!AD10 | AW30: ='001 B-'!AD10 | AX30: ='001 B-'!AD10 | AY30: ='001 B-'!AD10 | AZ30: ='001 B-'!AD10 | BA30: ='001 B-'!AD10 | BB30: ='001 B-'!AD10 | BC30: ='001 B-'!AD10 | BD30: ='001 B-'!AD10 | BE30: ='001 B-'!AD10 | BF30: ='001 B-'!AD10 | BG30: ='001 B-'!AD10 | BH30: ='001 B-'!AD10 | BI30: ='001 B-'!AD10 | BJ30: ='001 B-'!AD10 | BK30: ='001 B-'!AD10 | BL30: ='001 B-'!AD10 | BM30: ='001 B-'!AD10 | BN30: ='001 B-'!AD10 | BO30: ='001 B-'!AD10 | BP30: ='001 B-'!AD10 | BQ30: ='001 B-'!AD10 | BR30: ='001 B-'!AD10 | BS30: ='001 B-'!AD10 | BT30: ='001 B-'!AD10 | BU30: ='001 B-'!AD10 | BV30: ='001 B-'!AD10 | BW30: ='001 B-'!AD10 | BX30: ='001 B-'!AD10 | BY30: ='001 B-'!AD10 | BZ30: ='001 B-'!AD10 | CA30: ='001 B-'!AD10 | CB30: ='001 B-'!AD10 | CC30: ='001 B-'!AD10 | CD30: ='001 B-'!AD10 | CE30: ='001 B-'!AD10 | CF30: ='001 B-'!AD10 | CG30: ='001 B-'!AD10 | CH30: ='001 B-'!AD10 | CI30: ='001 B-'!AD10 | CJ30: ='001 B-'!AD10 | CK30: ='001 B-'!AD10 | CL30: ='001 B-'!AD10 | CM30: ='001 B-'!AD10 | CN30: ='001 B-'!AD10 | CO30: ='001 B-'!AD10 | CP30: ='001 B-'!AD10 | CQ30: ='001 B-'!AD10 | CR30: ='001 B-'!AD10 | CS30: ='001 B-'!AD10 | CT30: ='001 B-'!AD10 | CU30: ='001 B-'!AD10 | CV30: ='001 B-'!AD10 | CW30: ='001 B-'!AD10 | CX30: ='001 B-'!AD10 | CY30: ='001 B-'!AD10 | CZ30: ='001 B-'!AD10 | DA30: ='001 B-'!AD10 | DB30: ='001 B-'!AD10 | DC30: ='001 B-'!AD10 | DD30: ='001 B-'!AD10 | DE30: ='001 B-'!AD10 | DF30: ='001 B-'!AD10 | DG30: ='001 B-'!AD10 | DH30: ='001 B-'!AD10 | DI30: ='001 B-'!AD10 | DJ30: ='001 B-'!AD10 | DK30: ='001 B-'!AD10
A31: * | B31: sicilianu | C31: Sicilian | D31: ='001 B-'!AE10 -> 43 | E31: ='002 B-'!AE10 -> 43 | F31: ='003 T-'!AE10 -> 5 | G31: ='003 T-'!AE10 -> 5 | H31: ='003 T-'!AE10 -> 5 | I31: ='004 T-'!AE10 -> 5 | J31: ='004 T-'!AE10 -> 5 | K31: ='005 D-'!AE10 -> 101 | L31: ='005 D-'!AE10 -> 101 | M31: ='005 D-'!AE10 -> 101 | N31: ='006 D-'!AE10 -> 101 | O31: ='006 D-'!AE10 -> 101 | P31: ='007 C-'!AE10 -> 34 | Q31: ='007 C-'!AE10 -> 34 | R31: ='008 C-'!AE10 -> 19 | S31: ='009 C-'!AE10 -> 19 | T31: ='009 C-'!AE10 -> 19 | U31: ='001 B-'!AE10 | V31: ='001 B-'!AE10 | W31: ='001 B-'!AE10 | X31: ='001 B-'!AE10 | Y31: ='001 B-'!AE10 | Z31: ='001 B-'!AE10 | AA31: ='001 B-'!AE10 | AB31: ='001 B-'!AE10 | AC31: ='001 B-'!AE10 | AD31: ='001 B-'!AE10 | AE31: ='001 B-'!AE10 | AF31: ='001 B-'!AE10 | AG31: ='001 B-'!AE10 | AH31: ='001 B-'!AE10 | AI31: ='001 B-'!AE10 | AJ31: ='001 B-'!AE10 | AK31: ='001 B-'!AE10 | AL31: ='001 B-'!AE10 | AM31: ='001 B-'!AE10 | AN31: ='001 B-'!AE10 | AO31: ='001 B-'!AE10 | AP31: ='001 B-'!AE10 | AQ31: ='001 B-'!AE10 | AR31: ='001 B-'!AE10 | AS31: ='001 B-'!AE10 | AT31: ='001 B-'!AE10 | AU31: ='001 B-'!AE10 | AV31: ='001 B-'!AE10 | AW31: ='001 B-'!AE10 | AX31: ='001 B-'!AE10 | AY31: ='001 B-'!AE10 | AZ31: ='001 B-'!AE10 | BA31: ='001 B-'!AE10 | BB31: ='001 B-'!AE10 | BC31: ='001 B-'!AE10 | BD31: ='001 B-'!AE10 | BE31: ='001 B-'!AE10 | BF31: ='001 B-'!AE10 | BG31: ='001 B-'!AE10 | BH31: ='001 B-'!AE10 | BI31: ='001 B-'!AE10 | BJ31: ='001 B-'!AE10 | BK31: ='001 B-'!AE10 | BL31: ='001 B-'!AE10 | BM31: ='001 B-'!AE10 | BN31: ='001 B-'!AE10 | BO31: ='001 B-'!AE10 | BP31: ='001 B-'!AE10 | BQ31: ='001 B-'!AE10 | BR31: ='001 B-'!AE10 | BS31: ='001 B-'!AE10 | BT31: ='001 B-'!AE10 | BU31: ='001 B-'!AE10 | BV31: ='001 B-'!AE10 | BW31: ='001 B-'!AE10 | BX31: ='001 B-'!AE10 | BY31: ='001 B-'!AE10 | BZ31: ='001 B-'!AE10 | CA31: ='001 B-'!AE10 | CB31: ='001 B-'!AE10 | CC31: ='001 B-'!AE10 | CD31: ='001 B-'!AE10 | CE31: ='001 B-'!AE10 | CF31: ='001 B-'!AE10 | CG31: ='001 B-'!AE10 | CH31: ='001 B-'!AE10 | CI31: ='001 B-'!AE10 | CJ31: ='001 B-'!AE10 | CK31: ='001 B-'!AE10 | CL31: ='001 B-'!AE10 | CM31: ='001 B-'!AE10 | CN31: ='001 B-'!AE10 | CO31: ='001 B-'!AE10 | CP31: ='001 B-'!AE10 | CQ31: ='001 B-'!AE10 | CR31: ='001 B-'!AE10 | CS31: ='001 B-'!AE10 | CT31: ='001 B-'!AE10 | CU31: ='001 B-'!AE10 | CV31: ='001 B-'!AE10 | CW31: ='001 B-'!AE10 | CX31: ='001 B-'!AE10 | CY31: ='001 B-'!AE10 | CZ31: ='001 B-'!AE10 | DA31: ='001 B-'!AE10 | DB31: ='001 B-'!AE10 | DC31: ='001 B-'!AE10 | DD31: ='001 B-'!AE10 | DE31: ='001 B-'!AE10 | DF31: ='001 B-'!AE10 | DG31: ='001 B-'!AE10 | DH31: ='001 B-'!AE10 | DI31: ='001 B-'!AE10 | DJ31: ='001 B-'!AE10 | DK31: ='001 B-'!AE10
A32: * | B32: vèneto | C32: Venetan | D32: ='001 B-'!AF10 -> 2 | E32: ='002 B-'!AF10 -> 2 | F32: ='003 T-'!AF10 -> 5 | G32: ='003 T-'!AF10 -> 5 | H32: ='003 T-'!AF10 -> 5 | I32: ='004 T-'!AF10 -> 5 | J32: ='004 T-'!AF10 -> 5 | K32: ='005 D-'!AF10 -> 6 | L32: ='005 D-'!AF10 -> 6 | M32: ='005 D-'!AF10 -> 6 | N32: ='006 D-'!AF10 -> 6 | O32: ='006 D-'!AF10 -> 6 | P32: ='007 C-'!AF10 -> 104 | Q32: ='007 C-'!AF10 -> 104 | R32: ='008 C-'!AF10 -> 19 | S32: ='009 C-'!AF10 -> 19 | T32: ='009 C-'!AF10 -> 19 | U32: ='001 B-'!AF10 | V32: ='001 B-'!AF10 | W32: ='001 B-'!AF10 | X32: ='001 B-'!AF10 | Y32: ='001 B-'!AF10 | Z32: ='001 B-'!AF10 | AA32: ='001 B-'!AF10 | AB32: ='001 B-'!AF10 | AC32: ='001 B-'!AF10 | AD32: ='001 B-'!AF10 | AE32: ='001 B-'!AF10 | AF32: ='001 B-'!AF10 | AG32: ='001 B-'!AF10 | AH32: ='001 B-'!AF10 | AI32: ='001 B-'!AF10 | AJ32: ='001 B-'!AF10 | AK32: ='001 B-'!AF10 | AL32: ='001 B-'!AF10 | AM32: ='001 B-'!AF10 | AN32: ='001 B-'!AF10 | AO32: ='001 B-'!AF10 | AP32: ='001 B-'!AF10 | AQ32: ='001 B-'!AF10 | AR32: ='001 B-'!AF10 | AS32: ='001 B-'!AF10 | AT32: ='001 B-'!AF10 | AU32: ='001 B-'!AF10 | AV32: ='001 B-'!AF10 | AW32: ='001 B-'!AF10 | AX32: ='001 B-'!AF10 | AY32: ='001 B-'!AF10 | AZ32: ='001 B-'!AF10 | BA32: ='001 B-'!AF10 | BB32: ='001 B-'!AF10 | BC32: ='001 B-'!AF10 | BD32: ='001 B-'!AF10 | BE32: ='001 B-'!AF10 | BF32: ='001 B-'!AF10 | BG32: ='001 B-'!AF10 | BH32: ='001 B-'!AF10 | BI32: ='001 B-'!AF10 | BJ32: ='001 B-'!AF10 | BK32: ='001 B-'!AF10 | BL32: ='001 B-'!AF10 | BM32: ='001 B-'!AF10 | BN32: ='001 B-'!AF10 | BO32: ='001 B-'!AF10 | BP32: ='001 B-'!AF10 | BQ32: ='001 B-'!AF10 | BR32: ='001 B-'!AF10 | BS32: ='001 B-'!AF10 | BT32: ='001 B-'!AF10 | BU32: ='001 B-'!AF10 | BV32: ='001 B-'!AF10 | BW32: ='001 B-'!AF10 | BX32: ='001 B-'!AF10 | BY32: ='001 B-'!AF10 | BZ32: ='001 B-'!AF10 | CA32: ='001 B-'!AF10 | CB32: ='001 B-'!AF10 | CC32: ='001 B-'!AF10 | CD32: ='001 B-'!AF10 | CE32: ='001 B-'!AF10 | CF32: ='001 B-'!AF10 | CG32: ='001 B-'!AF10 | CH32: ='001 B-'!AF10 | CI32: ='001 B-'!AF10 | CJ32: ='001 B-'!AF10 | CK32: ='001 B-'!AF10 | CL32: ='001 B-'!AF10 | CM32: ='001 B-'!AF10 | CN32: ='001 B-'!AF10 | CO32: ='001 B-'!AF10 | CP32: ='001 B-'!AF10 | CQ32: ='001 B-'!AF10 | CR32: ='001 B-'!AF10 | CS32: ='001 B-'!AF10 | CT32: ='001 B-'!AF10 | CU32: ='001 B-'!AF10 | CV32: ='001 B-'!AF10 | CW32: ='001 B-'!AF10 | CX32: ='001 B-'!AF10 | CY32: ='001 B-'!AF10 | CZ32: ='001 B-'!AF10 | DA32: ='001 B-'!AF10 | DB32: ='001 B-'!AF10 | DC32: ='001 B-'!AF10 | DD32: ='001 B-'!AF10 | DE32: ='001 B-'!AF10 | DF32: ='001 B-'!AF10 | DG32: ='001 B-'!AF10 | DH32: ='001 B-'!AF10 | DI32: ='001 B-'!AF10 | DJ32: ='001 B-'!AF10 | DK32: ='001 B-'!AF10
A33: * | B33: armãneashti | C33: Aromanian | D33: ='001 B-'!AG10 -> 2 | E33: ='002 B-'!AG10 -> 2 | F33: ='003 T-'!AG10 -> 5 | G33: ='003 T-'!AJ10 -> 26 | H33: ='003 T-'!AJ10 -> 26 | I33: ='004 T-'!AG10 -> 5 | J33: ='004 T-'!AG10 -> 5 | K33: ='005 D-'!AG10 -> 6 | L33: ='005 D-'!AJ10 -> 27 | M33: ='005 D-'!AG10 -> 6 | N33: ='006 D-'!AG10 -> 6 | O33: ='006 D-'!AG10 -> 6 | P33: ='007 C-'!AG10 -> 26 | Q33: ='007 C-'!AG10 -> 26 | R33: ='008 C-'!AG10 -> 19 | S33: ='009 C-'!AG10 -> 19 | T33: ='009 C-'!AG10 -> 19 | U33: ='001 B-'!AG10 | V33: ='001 B-'!AG10 | W33: ='001 B-'!AG10 | X33: ='001 B-'!AG10 | Y33: ='001 B-'!AG10 | Z33: ='001 B-'!AG10 | AA33: ='001 B-'!AG10 | AB33: ='001 B-'!AG10 | AC33: ='001 B-'!AG10 | AD33: ='001 B-'!AG10 | AE33: ='001 B-'!AG10 | AF33: ='001 B-'!AG10 | AG33: ='001 B-'!AG10 | AH33: ='001 B-'!AG10 | AI33: ='001 B-'!AG10 | AJ33: ='001 B-'!AG10 | AK33: ='001 B-'!AG10 | AL33: ='001 B-'!AG10 | AM33: ='001 B-'!AG10 | AN33: ='001 B-'!AG10 | AO33: ='001 B-'!AG10 | AP33: ='001 B-'!AG10 | AQ33: ='001 B-'!AG10 | AR33: ='001 B-'!AG10 | AS33: ='001 B-'!AG10 | AT33: ='001 B-'!AG10 | AU33: ='001 B-'!AG10 | AV33: ='001 B-'!AG10 | AW33: ='001 B-'!AG10 | AX33: ='001 B-'!AG10 | AY33: ='001 B-'!AG10 | AZ33: ='001 B-'!AG10 | BA33: ='001 B-'!AG10 | BB33: ='001 B-'!AG10 | BC33: ='001 B-'!AG10 | BD33: ='001 B-'!AG10 | BE33: ='001 B-'!AG10 | BF33: ='001 B-'!AG10 | BG33: ='001 B-'!AG10 | BH33: ='001 B-'!AG10 | BI33: ='001 B-'!AG10 | BJ33: ='001 B-'!AG10 | BK33: ='001 B-'!AG10 | BL33: ='001 B-'!AG10 | BM33: ='001 B-'!AG10 | BN33: ='001 B-'!AG10 | BO33: ='001 B-'!AG10 | BP33: ='001 B-'!AG10 | BQ33: ='001 B-'!AG10 | BR33: ='001 B-'!AG10 | BS33: ='001 B-'!AG10 | BT33: ='001 B-'!AG10 | BU33: ='001 B-'!AG10 | BV33: ='001 B-'!AG10 | BW33: ='001 B-'!AG10 | BX33: ='001 B-'!AG10 | BY33: ='001 B-'!AG10 | BZ33: ='001 B-'!AG10 | CA33: ='001 B-'!AG10 | CB33: ='001 B-'!AG10 | CC33: ='001 B-'!AG10 | CD33: ='001 B-'!AG10 | CE33: ='001 B-'!AG10 | CF33: ='001 B-'!AG10 | CG33: ='001 B-'!AG10 | CH33: ='001 B-'!AG10 | CI33: ='001 B-'!AG10 | CJ33: ='001 B-'!AG10 | CK33: ='001 B-'!AG10 | CL33: ='001 B-'!AG10 | CM33: ='001 B-'!AG10 | CN33: ='001 B-'!AG10 | CO33: ='001 B-'!AG10 | CP33: ='001 B-'!AG10 | CQ33: ='001 B-'!AG10 | CR33: ='001 B-'!AG10 | CS33: ='001 B-'!AG10 | CT33: ='001 B-'!AG10 | CU33: ='001 B-'!AG10 | CV33: ='001 B-'!AG10 | CW33: ='001 B-'!AG10 | CX33: ='001 B-'!AG10 | CY33: ='001 B-'!AG10 | CZ33: ='001 B-'!AG10 | DA33: ='001 B-'!AG10 | DB33: ='001 B-'!AG10 | DC33: ='001 B-'!AG10 | DD33: ='001 B-'!AG10 | DE33: ='001 B-'!AG10 | DF33: ='001 B-'!AG10 | DG33: ='001 B-'!AG10 | DH33: ='001 B-'!AG10 | DI33: ='001 B-'!AG10 | DJ33: ='001 B-'!AG10 | DK33: ='001 B-'!AG10
A34: * | B34: română | C34: Romanian | D34: ='001 B-'!AH10 -> 2 | E34: ='002 B-'!AH10 -> 2 | F34: ='003 T-'!AH10 -> 5 | G34: ='003 T-'!AK10 -> 26 | H34: ='003 T-'!AK10 -> 26 | I34: ='004 T-'!AH10 -> 5 | J34: ='004 T-'!AH10 -> 5 | K34: ='005 D-'!AH10 -> 6 | L34: ='005 D-'!AK10 -> 49 | M34: ='005 D-'!AH10 -> 6 | N34: ='006 D-'!AH10 -> 6 | O34: ='006 D-'!AH10 -> 6 | P34: ='007 C-'!AH10 -> 34 | Q34: ='007 C-'!AH10 -> 34 | R34: ='008 C-'!AH10 -> 19 | S34: ='009 C-'!AH10 -> 19 | T34: ='009 C-'!AH10 -> 19 | U34: ='001 B-'!AH10 | V34: ='001 B-'!AH10 | W34: ='001 B-'!AH10 | X34: ='001 B-'!AH10 | Y34: ='001 B-'!AH10 | Z34: ='001 B-'!AH10 | AA34: ='001 B-'!AH10 | AB34: ='001 B-'!AH10 | AC34: ='001 B-'!AH10 | AD34: ='001 B-'!AH10 | AE34: ='001 B-'!AH10 | AF34: ='001 B-'!AH10 | AG34: ='001 B-'!AH10 | AH34: ='001 B-'!AH10 | AI34: ='001 B-'!AH10 | AJ34: ='001 B-'!AH10 | AK34: ='001 B-'!AH10 | AL34: ='001 B-'!AH10 | AM34: ='001 B-'!AH10 | AN34: ='001 B-'!AH10 | AO34: ='001 B-'!AH10 | AP34: ='001 B-'!AH10 | AQ34: ='001 B-'!AH10 | AR34: ='001 B-'!AH10 | AS34: ='001 B-'!AH10 | AT34: ='001 B-'!AH10 | AU34: ='001 B-'!AH10 | AV34: ='001 B-'!AH10 | AW34: ='001 B-'!AH10 | AX34: ='001 B-'!AH10 | AY34: ='001 B-'!AH10 | AZ34: ='001 B-'!AH10 | BA34: ='001 B-'!AH10 | BB34: ='001 B-'!AH10 | BC34: ='001 B-'!AH10 | BD34: ='001 B-'!AH10 | BE34: ='001 B-'!AH10 | BF34: ='001 B-'!AH10 | BG34: ='001 B-'!AH10 | BH34: ='001 B-'!AH10 | BI34: ='001 B-'!AH10 | BJ34: ='001 B-'!AH10 | BK34: ='001 B-'!AH10 | BL34: ='001 B-'!AH10 | BM34: ='001 B-'!AH10 | BN34: ='001 B-'!AH10 | BO34: ='001 B-'!AH10 | BP34: ='001 B-'!AH10 | BQ34: ='001 B-'!AH10 | BR34: ='001 B-'!AH10 | BS34: ='001 B-'!AH10 | BT34: ='001 B-'!AH10 | BU34: ='001 B-'!AH10 | BV34: ='001 B-'!AH10 | BW34: ='001 B-'!AH10 | BX34: ='001 B-'!AH10 | BY34: ='001 B-'!AH10 | BZ34: ='001 B-'!AH10 | CA34: ='001 B-'!AH10 | CB34: ='001 B-'!AH10 | CC34: ='001 B-'!AH10 | CD34: ='001 B-'!AH10 | CE34: ='001 B-'!AH10 | CF34: ='001 B-'!AH10 | CG34: ='001 B-'!AH10 | CH34: ='001 B-'!AH10 | CI34: ='001 B-'!AH10 | CJ34: ='001 B-'!AH10 | CK34: ='001 B-'!AH10 | CL34: ='001 B-'!AH10 | CM34: ='001 B-'!AH10 | CN34: ='001 B-'!AH10 | CO34: ='001 B-'!AH10 | CP34: ='001 B-'!AH10 | CQ34: ='001 B-'!AH10 | CR34: ='001 B-'!AH10 | CS34: ='001 B-'!AH10 | CT34: ='001 B-'!AH10 | CU34: ='001 B-'!AH10 | CV34: ='001 B-'!AH10 | CW34: ='001 B-'!AH10 | CX34: ='001 B-'!AH10 | CY34: ='001 B-'!AH10 | CZ34: ='001 B-'!AH10 | DA34: ='001 B-'!AH10 | DB34: ='001 B-'!AH10 | DC34: ='001 B-'!AH10 | DD34: ='001 B-'!AH10 | DE34: ='001 B-'!AH10 | DF34: ='001 B-'!AH10 | DG34: ='001 B-'!AH10 | DH34: ='001 B-'!AH10 | DI34: ='001 B-'!AH10 | DJ34: ='001 B-'!AH10 | DK34: ='001 B-'!AH10

Sheet 001 B-
A1: A - Consonantism | D1: 1. Initial Position | I1: 1.1 Simple consonants
A3: Number | B3: 1 | F3: Latin Reference Words
A4: Treatment | B4: B- | F4: BASSU, BĀSIU, BŎVE, BOLĒTU, BŬCCA, BŬXU
A5: Environment | B5: #_{a,O}
A7: Languages | B7: LAT | C7: EU POR | D7: BR POR | E7: GAL | F7: ASL | G7: CAS ESP | H7: AND ESP | I7: AMR ESP | J7: ARG | K7: CAT | L7: VAL | M7: BAL | N7: OCC | O7: GAS OCC | P7: EU FRA | Q7: QBC FRA | R7: WAL | S7: ARP | T7: LIG | U7: LMO | V7: RMH | W7: FUR | X7: LOG SRD | Y7: CPN SRD | Z7: COR | AA7: ITA | AB7: ABR | AC7: CAM | AD7: PGL | AE7: SCN | AF7: VEN | AG7: ARO | AH7: ROM
A8: Grapheme | B8: B | C8: b | D8: b | E8: b | F8: b | G8: b | H8: b | I8: b | J8: b | K8: b | L8: b | M8: b | N8: b | O8: b | P8: b | Q8: b | R8: b | S8: b | T8: b | U8: b | V8: b | W8: b | X8: b (b) | Y8: b | Z8: b | AA8: b | AB8: b/v | AC8: v | AD8: v | AE8: v | AF8: b | AG8: b | AH8: b
A9: IPA | B9: b | C9: b | D9: b | E9: b | F9: b | G9: b | H9: b | I9: b | J9: b | K9: b | L9: b | M9: b | N9: b | O9: b | P9: b | Q9: b | R9: b | S9: b | T9: b | U9: b | V9: b | W9: b | X9: b (v) | Y9: b | Z9: b | AA9: b | AB9: b~v | AC9: v | AD9: v | AE9: v | AF9: b | AG9: b | AH9: b
A10: IPA key | B10: 2 | C10: 2 | D10: 2 | E10: 2 | F10: 2 | G10: 2 | H10: 2 | I10: 2 | J10: 2 | K10: 2 | L10: 2 | M10: 2 | N10: 2 | O10: 2 | P10: 2 | Q10: 2 | R10: 2 | S10: 2 | T10: 2 | U10: 2 | V10: 2 | W10: 2 | X10: 273 | Y10: 2 | Z10: 2 | AA10: 2 | AB10: 117 | AC10: 43 | AD10: 43 | AE10: 43 | AF10: 2 | AG10: 2 | AH10: 2
A11: Consonantal +/− | B11: + | C11: + | D11: + | E11: + | F11: + | G11: + | H11: + | I11: + | J11: + | K11: + | L11: + | M11: + | N11: + | O11: + | P11: + | Q11: + | R11: + | S11: + | T11: + | U11: + | V11: + | W11: + | X11: + | Y11: + | Z11: + | AA11: + | AB11: + | AC11: + | AD11: + | AE11: + | AF11: + | AG11: + | AH11: +
A12: Voice +/− | B12: + | C12: + | D12: + | E12: + | F12: + | G12: + | H12: + | I12: + | J12: + | K12: + | L12: + | M12: + | N12: + | O12: + | P12: + | Q12: + | R12: + | S12: + | T12: + | U12: + | V12: + | W12: + | X12: + | Y12: + | Z12: + | AA12: + | AB12: + | AC12: + | AD12: + | AE12: + | AF12: + | AG12: + | AH12: +
A13: Sibilant +/− | B13: − | C13: − | D13: − | E13: − | F13: − | G13: − | H13: − | I13: − | J13: − | K13: − | L13: − | M13: − | N13: − | O13: − | P13: − | Q13: − | R13: − | S13: − | T13: − | U13: − | V13: − | W13: − | X13: − | Y13: − | Z13: − | AA13: − | AB13: − | AC13: − | AD13: − | AE13: − | AF13: − | AG13: − | AH13: −
A14: Lateral +/− | B14: − | C14: − | D14: − | E14: − | F14: − | G14: − | H14: − | I14: − | J14: − | K14: − | L14: − | M14: − | N14: − | O14: − | P14: − | Q14: − | R14: − | S14: − | T14: − | U14: − | V14: − | W14: − | X14: − | Y14: − | Z14: − | AA14: − | AB14: − | AC14: − | AD14: − | AE14: − | AF14: − | AG14: − | AH14: −
A15: Place of articulation | B15: B | C15: B | D15: B | E15: B | F15: B | G15: B | H15: B | I15: B | J15: B | K15: B | L15: B | M15: B | N15: B | O15: B | P15: B | Q15: B | R15: B | S15: B | T15: B | U15: B | V15: B | W15: B | X15: B | Y15: B | Z15: B | AA15: B | AB15: B | AC15: B | AD15: B | AE15: B | AF15: B | AG15: B | AH15: B
A16: Place value | B16: 3 | C16: 3 | D16: 3 | E16: 3 | F16: 3 | G16: 3 | H16: 3 | I16: 3 | J16: 3 | K16: 3 | L16: 3 | M16: 3 | N16: 3 | O16: 3 | P16: 3 | Q16: 3 | R16: 3 | S16: 3 | T16: 3 | U16: 3 | V16: 3 | W16: 3 | X16: =AVERAGE(3,3,2.5) -> 2.8333333 | Y16: 3 | Z16: 3 | AA16: 3 | AB16: =AVERAGE(3,2.5) -> 2.75 | AC16: 2.5 | AD16: 2.5 | AE16: 2.5 | AF16: 3 | AG16: 3 | AH16: 3
A17: Manner of articulation | B17: P | C17: P | D17: P | E17: P | F17: P | G17: P | H17: P | I17: P | J17: P | K17: P | L17: P | M17: P | N17: P | O17: P | P17: P | Q17: P | R17: P | S17: P | T17: P | U17: P | V17: P | W17: P | X17: P (F) | Y17: P | Z17: P | AA17: P | AB17: P~F | AC17: F | AD17: F | AE17: F | AF17: P | AG17: P | AH17: P
A18: Sonority value | B18: 4 | C18: 4 | D18: 4 | E18: 4 | F18: 4 | G18: 4 | H18: 4 | I18: 4 | J18: 4 | K18: 4 | L18: 4 | M18: 4 | N18: 4 | O18: 4 | P18: 4 | Q18: 4 | R18: 4 | S18: 4 | T18: 4 | U18: 4 | V18: 4 | W18: 4 | X18: =AVERAGE(4,4,2) -> 3.3333333 | Y18: 4 | Z18: 4 | AA18: 4 | AB18: =AVERAGE(4,2) -> 3 | AC18: 2 | AD18: 2 | AE18: 2 | AF18: 4 | AG18: 4 | AH18: 4
A20: Overview of common sound changes
A21: b // #_{a,O} | B21: typically /b/

Sheet 002 B-
A1: A - Consonantism | D1: 1. Initial Position | I1: 1.1 Simple consonants
A3: Number | B3: 2 | F3: Latin Reference Words
A4: Treatment | B4: B- | F4: BĔLLU, BĔNE, BĬBĔRE, BILĂNCIA, BITTŪME, BĪSTIA
A5: Environment | B5: #_E
A7: Languages | B7: LAT | C7: EU POR | D7: BR POR | E7: GAL | F7: ASL | G7: CAS ESP | H7: AND ESP | I7: AMR ESP | J7: ARG | K7: CAT | L7: VAL | M7: BAL | N7: OCC | O7: GAS OCC | P7: EU FRA | Q7: QBC FRA | R7: WAL | S7: ARP | T7: LIG | U7: LMO | V7: RMH | W7: FUR | X7: LOG SRD | Y7: CPN SRD | Z7: COR | AA7: ITA | AB7: ABR | AC7: CAM | AD7: PGL | AE7: SCN | AF7: VEN | AG7: ARO | AH7: ROM
A8: Grapheme | B8: B | C8: b | D8: b | E8: b | F8: b | G8: b | H8: b | I8: b | J8: b | K8: b | L8: b | M8: b | N8: b | O8: b | P8: b | Q8: b | R8: b | S8: b | T8: b | U8: b | V8: b | W8: b | X8: b (b) | Y8: b | Z8: b | AA8: b | AB8: b/v | AC8: v | AD8: v | AE8: v | AF8: b | AG8: b | AH8: b
A9: IPA | B9: b | C9: b | D9: b | E9: b | F9: b | G9: b | H9: b | I9: b | J9: b | K9: b | L9: b | M9: b | N9: b | O9: b | P9: b | Q9: b | R9: b | S9: b | T9: b | U9: b | V9: b | W9: b | X9: b (v) | Y9: b | Z9: b | AA9: b | AB9: b~v | AC9: v | AD9: v | AE9: v | AF9: b | AG9: b | AH9: b
A10: IPA key | B10: 2 | C10: 2 | D10: 2 | E10: 2 | F10: 2 | G10: 2 | H10: 2 | I10: 2 | J10: 2 | K10: 2 | L10: 2 | M10: 2 | N10: 2 | O10: 2 | P10: 2 | Q10: 2 | R10: 2 | S10: 2 | T10: 2 | U10: 2 | V10: 2 | W10: 2 | X10: 273 | Y10: 2 | Z10: 2 | AA10: 2 | AB10: 117 | AC10: 43 | AD10: 43 | AE10: 43 | AF10: 2 | AG10: 2 | AH10: 2
A11: Consonantal +/− | B11: + | C11: + | D11: + | E11: + | F11: + | G11: + | H11: + | I11: + | J11: + | K11: + | L11: + | M11: + | N11: + | O11: + | P11: + | Q11: + | R11: + | S11: + | T11: + | U11: + | V11: + | W11: + | X11: + | Y11: + | Z11: + | AA11: + | AB11: + | AC11: + | AD11: + | AE11: + | AF11: + | AG11: + | AH11: +
A12: Voice +/− | B12: + | C12: + | D12: + | E12: + | F12: + | G12: + | H12: + | I12: + | J12: + | K12: + | L12: + | M12: + | N12: + | O12: + | P12: + | Q12: + | R12: + | S12: + | T12: + | U12: + | V12: + | W12: + | X12: + | Y12: + | Z12: + | AA12: + | AB12: + | AC12: + | AD12: + | AE12: + | AF12: + | AG12: + | AH12: +
A13: Sibilant +/− | B13: − | C13: − | D13: − | E13: − | F13: − | G13: − | H13: − | I13: − | J13: − | K13: − | L13: − | M13: − | N13: − | O13: − | P13: − | Q13: − | R13: − | S13: − | T13: − | U13: − | V13: − | W13: − | X13: − | Y13: − | Z13: − | AA13: − | AB13: − | AC13: − | AD13: − | AE13: − | AF13: − | AG13: − | AH13: −
A14: Lateral +/− | B14: − | C14: − | D14: − | E14: − | F14: − | G14: − | H14: − | I14: − | J14: − | K14: − | L14: − | M14: − | N14: − | O14: − | P14: − | Q14: − | R14: − | S14: − | T14: − | U14: − | V14: − | W14: − | X14: − | Y14: − | Z14: − | AA14: − | AB14: − | AC14: − | AD14: − | AE14: − | AF14: − | AG14: − | AH14: −
A15: Place of articulation | B15: B | C15: B | D15: B | E15: B | F15: B | G15: B | H15: B | I15: B | J15: B | K15: B | L15: B | M15: B | N15: B | O15: B | P15: B | Q15: B | R15: B | S15: B | T15: B | U15: B | V15: B | W15: B | X15: B | Y15: B | Z15: B | AA15: B | AB15: B | AC15: B | AD15: B | AE15: B | AF15: B | AG15: B | AH15: B
A16: Place value | B16: 3 | C16: 3 | D16: 3 | E16: 3 | F16: 3 | G16: 3 | H16: 3 | I16: 3 | J16: 3 | K16: 3 | L16: 3 | M16: 3 | N16: 3 | O16: 3 | P16: 3 | Q16: 3 | R16: 3 | S16: 3 | T16: 3 | U16: 3 | V16: 3 | W16: 3 | X16: =AVERAGE(3,3,2.5) -> 2.8333333 | Y16: 3 | Z16: 3 | AA16: 3 | AB16: =AVERAGE(3,2.5) -> 2.75 | AC16: 2.5 | AD16: 2.5 | AE16: 2.5 | AF16: 3 | AG16: 3 | AH16: 3
A17: Manner of articulation | B17: P | C17: P | D17: P | E17: P | F17: P | G17: P | H17: P | I17: P | J17: P | K17: P | L17: P | M17: P | N17: P | O17: P | P17: P | Q17: P | R17: P | S17: P | T17: P | U17: P | V17: P | W17: P | X17: P (F) | Y17: P | Z17: P | AA17: P | AB17: P~F | AC17: F | AD17: F | AE17: F | AF17: P | AG17: P | AH17: P
A18: Sonority value | B18: 4 | C18: 4 | D18: 4 | E18: 4 | F18: 4 | G18: 4 | H18: 4 | I18: 4 | J18: 4 | K18: 4 | L18: 4 | M18: 4 | N18: 4 | O18: 4 | P18: 4 | Q18: 4 | R18: 4 | S18: 4 | T18: 4 | U18: 4 | V18: 4 | W18: 4 | X18: =AVERAGE(4,4,2) -> 3.3333333 | Y18: 4 | Z18: 4 | AA18: 4 | AB18: =AVERAGE(4,2) -> 3 | AC18: 2 | AD18: 2 | AE18: 2 | AF18: 4 | AG18: 4 | AH18: 4
A20: Overview of common sound changes
A21: b // #_E | B21: typically /b/

Sheet 003 T-
A1: A - Consonantism | D1: 1. Initial Position | I1: 1.1 Simple consonants
A3: Number | B3: 3 | F3: Latin Reference Words
A4: Treatment | B4: T- | F4: 003a) TĒ, TĒGULA, TĬNGERE; 003b) TENĒRE, TĔRRA, TĔRTIU, TĔSTA, TĔXERE; 003c) TĪTIŌNE
A5: Environment | B5: #_E
A7: Languages | B7: LAT | C7: EU POR | D7: BR POR | E7: GAL | F7: ASL | G7: CAS ESP | H7: AND ESP | I7: AMR ESP | J7: ARG | K7: CAT | L7: VAL | M7: BAL | N7: OCC | O7: GAS OCC | P7: EU FRA | Q7: QBC FRA | R7: WAL | S7: ARP | T7: LIG | U7: LMO | V7: RMH | W7: FUR | X7: LOG SRD | Y7: CPN SRD | Z7: COR | AA7: ITA | AB7: ABR | AC7: CAM | AD7: PGL | AE7: SCN | AF7: VEN | AG7: ARO | AH7: ROM | AJ7: ARO | AK7: ROM | AM7: BR POR | AN7: QBC FRA
A8: Grapheme | B8: T | C8: t | D8: t | E8: t | F8: t | G8: t | H8: t | I8: t | J8: t | K8: t | L8: t | M8: t | N8: t | O8: t | P8: t | Q8: t | R8: t | S8: t | T8: t | U8: t | V8: t | W8: t | X8: t | Y8: t | Z8: t | AA8: t | AB8: t | AC8: t | AD8: t | AE8: t | AF8: t | AG8: t | AH8: t | AJ8: ts | AK8: ț | AM8: t | AN8: t
A9: IPA | B9: t̪ | C9: t̪ | D9: t̪ | E9: t̪ | F9: t̪ | G9: t̪ | H9: t̪ | I9: t̪ | J9: t̪ | K9: t̪ | L9: t̪ | M9: t̪ | N9: t̪ | O9: t̪ | P9: t̪ | Q9: t̪ | R9: t̪ | S9: t̪ | T9: t̪ | U9: t̪ | V9: t̪ | W9: t̪ | X9: t̪ | Y9: t̪ | Z9: t̪ | AA9: t̪ | AB9: t̪ | AC9: t̪ | AD9: t̪ | AE9: t̪ | AF9: t̪ | AG9: t̪ | AH9: t̪ | AJ9: t͡s̪ | AK9: t͡s̪ | AM9: t̠͡ʃ | AN9: t͡s̪
A10: IPA key | B10: 5 | C10: 5 | D10: 5 | E10: 5 | F10: 5 | G10: 5 | H10: 5 | I10: 5 | J10: 5 | K10: 5 | L10: 5 | M10: 5 | N10: 5 | O10: 5 | P10: 5 | Q10: 5 | R10: 5 | S10: 5 | T10: 5 | U10: 5 | V10: 5 | W10: 5 | X10: 5 | Y10: 5 | Z10: 5 | AA10: 5 | AB10: 5 | AC10: 5 | AD10: 5 | AE10: 5 | AF10: 5 | AG10: 5 | AH10: 5 | AJ10: 26 | AK10: 26 | AM10: 34 | AN10: 26
A11: Consonantal +/− | B11: + | C11: + | D11: + | E11: + | F11: + | G11: + | H11: + | I11: + | J11: + | K11: + | L11: + | M11: + | N11: + | O11: + | P11: + | Q11: + | R11: + | S11: + | T11: + | U11: + | V11: + | W11: + | X11: + | Y11: + | Z11: + | AA11: + | AB11: + | AC11: + | AD11: + | AE11: + | AF11: + | AG11: + | AH11: + | AJ11: + | AK11: + | AM11: + | AN11: +
A12: Voice +/− | B12: − | C12: − | D12: − | E12: − | F12: − | G12: − | H12: − | I12: − | J12: − | K12: − | L12: − | M12: − | N12: − | O12: − | P12: − | Q12: − | R12: − | S12: − | T12: − | U12: − | V12: − | W12: − | X12: − | Y12: − | Z12: − | AA12: − | AB12: − | AC12: − | AD12: − | AE12: − | AF12: − | AG12: − | AH12: − | AJ12: − | AK12: − | AM12: − | AN12: −
A13: Sibilant +/− | B13: − | C13: − | D13: − | E13: − | F13: − | G13: − | H13: − | I13: − | J13: − | K13: − | L13: − | M13: − | N13: − | O13: − | P13: − | Q13: − | R13: − | S13: − | T13: − | U13: − | V13: − | W13: − | X13: − | Y13: − | Z13: − | AA13: − | AB13: − | AC13: − | AD13: − | AE13: − | AF13: − | AG13: − | AH13: − | AJ13: + | AK13: + | AM13: + | AN13: +
A14: Lateral +/− | B14: − | C14: − | D14: − | E14: − | F14: − | G14: − | H14: − | I14: − | J14: − | K14: − | L14: − | M14: − | N14: − | O14: − | P14: − | Q14: − | R14: − | S14: − | T14: − | U14: − | V14: − | W14: − | X14: − | Y14: − | Z14: − | AA14: − | AB14: − | AC14: − | AD14: − | AE14: − | AF14: − | AG14: − | AH14: − | AJ14: − | AK14: − | AM14: − | AN14: −
A15: Place of articulation | B15: D | C15: D | D15: D | E15: D | F15: D | G15: D | H15: D | I15: D | J15: D | K15: D | L15: D | M15: D | N15: D | O15: D | P15: D | Q15: D | R15: D | S15: D | T15: D | U15: D | V15: D | W15: D | X15: D | Y15: D | Z15: D | AA15: D | AB15: D | AC15: D | AD15: D | AE15: D | AF15: D | AG15: D | AH15: D | AJ15: D | AK15: D | AM15: Ɉ | AN15: D
A16: Place value | B16: =5/3 -> 1.6666667 | C16: =5/3 -> 1.6666667 | D16: =5/3 -> 1.6666667 | E16: =5/3 -> 1.6666667 | F16: =5/3 -> 1.6666667 | G16: =5/3 -> 1.6666667 | H16: =5/3 -> 1.6666667 | I16: =5/3 -> 1.6666667 | ... AH16: =5/3 -> 1.6666667 | AJ16: =4/3 -> 1.3333333 | AK16: =4/3 -> 1.3333333 | AM16: -0.5 | AN16: =4/3 -> 1.3333333
A17: Manner of articulation | B17: P | C17: P | D17: P | E17: P | F17: P | G17: P | H17: P | I17: P | J17: P | K17: P | L17: P | M17: P | N17: P | O17: P | P17: P | Q17: P | R17: P | S17: P | T17: P | U17: P | V17: P | W17: P | X17: P | Y17: P | Z17: P | AA17: P | AB17: P | AC17: P | AD17: P | AE17: P | AF17: P | AG17: P | AH17: P | AJ17: P͡F | AK17: P͡F | AM17: P͡F | AN17: P͡F
A18: Sonority value | B18: 4 | C18: 4 | D18: 4 | E18: 4 | F18: 4 | G18: 4 | H18: 4 | I18: 4 | J18: 4 | K18: 4 | L18: 4 | M18: 4 | N18: 4 | O18: 4 | P18: 4 | Q18: 4 | R18: 4 | S18: 4 | T18: 4 | U18: 4 | V18: 4 | W18: 4 | X18: 4 | Y18: 4 | Z18: 4 | AA18: 4 | AB18: 4 | AC18: 4 | AD18: 4 | AE18: 4 | AF18: 4 | AG18: 4 | AH18: 4 | AJ18: 3 | AK18: 3 | AM18: 3 | AN18: 3
D19: 003a,b | AG19: 003a | AJ19: 003b,c | AM19: 003c
A20: Overview of common sound changes
A21: 003a: t // #_{ĕNC,ē,ĭ} | B21: typically /t/
A22: 003b: t / ? / #_{ĕ²} | B22: typically /t/
B23: /t͡s/ in ARO,ROM
A24: 003c: t / ? / #_ī | B24: typically /t/
B25: /t͡ʃ/ in BR.POR
B26: /t͡s/ in ARO,ROM
A28: Romanian: t͡s̪ | B28: 1) ē; ĭ; stressed /ĕ/~/æ/ followed by a cluster /NC/ (> ERom. /e/) 2) stressed /ĕ/~/æ/ *not* followed by a cluster /NC/ (> ERom. /je/) 3) i + vowel (consonantal /i/) (> ERom. /j/) 4) long /i:/ (> ERom. /i/), if not elided

Sheet 004 T-
A1: A - Consonantism | D1: 1. Initial Position | I1: 1.1 Simple consonants
A3: Number | B3: 4 | F3: Latin Reference Words
A4: Treatment | B4: T- | F4: TĀBŬLA, TĂNGERE, TĂXU/TAXŎNE, TOCCĀRE, TŎRCULU, TŬRRE, TŪ
A5: Environment | B5: #_{a,O}
A7: Languages | B7: LAT | C7: EU POR | D7: BR POR | E7: GAL | F7: ASL | G7: CAS ESP | H7: AND ESP | I7: AMR ESP | J7: ARG | K7: CAT | L7: VAL | M7: BAL | N7: OCC | O7: GAS OCC | P7: EU FRA | Q7: QBC FRA | R7: WAL | S7: ARP | T7: LIG | U7: LMO | V7: RMH | W7: FUR | X7: LOG SRD | Y7: CPN SRD | Z7: COR | AA7: ITA | AB7: ABR | AC7: CAM | AD7: PGL | AE7: SCN | AF7: VEN | AG7: ARO | AH7: ROM | AJ7: QBC FRA
A8: Grapheme | B8: T | C8: t | D8: t | E8: t | F8: t | G8: t | H8: t | I8: t | J8: t | K8: t | L8: t | M8: t | N8: t | O8: t | P8: t | Q8: t | R8: t | S8: t | T8: t | U8: t | V8: t | W8: t | X8: t | Y8: t | Z8: t | AA8: t | AB8: t | AC8: t | AD8: t | AE8: t | AF8: t | AG8: t | AH8: t | AJ8: t
A9: IPA | B9: t̪ | C9: t̪ | D9: t̪ | E9: t̪ | F9: t̪ | G9: t̪ | H9: t̪ | I9: t̪ | J9: t̪ | K9: t̪ | L9: t̪ | M9: t̪ | N9: t̪ | O9: t̪ | P9: t̪ | Q9: t̪ | R9: t̪ | S9: t̪ | T9: t̪ | U9: t̪ | V9: t̪ | W9: t̪ | X9: t̪ | Y9: t̪ | Z9: t̪ | AA9: t̪ | AB9: t̪ | AC9: t̪ | AD9: t̪ | AE9: t̪ | AF9: t̪ | AG9: t̪ | AH9: t̪ | AJ9: t͡s̪
A10: IPA key | B10: 5 | C10: 5 | D10: 5 | E10: 5 | F10: 5 | G10: 5 | H10: 5 | I10: 5 | J10: 5 | K10: 5 | L10: 5 | M10: 5 | N10: 5 | O10: 5 | P10: 5 | Q10: 5 | R10: 5 | S10: 5 | T10: 5 | U10: 5 | V10: 5 | W10: 5 | X10: 5 | Y10: 5 | Z10: 5 | AA10: 5 | AB10: 5 | AC10: 5 | AD10: 5 | AE10: 5 | AF10: 5 | AG10: 5 | AH10: 5 | AJ10: 26
A11: Consonantal +/− | B11: + | C11: + | D11: + | E11: + | F11: + | G11: + | H11: + | I11: + | J11: + | K11: + | L11: + | M11: + | N11: + | O11: + | P11: + | Q11: + | R11: + | S11: + | T11: + | U11: + | V11: + | W11: + | X11: + | Y11: + | Z11: + | AA11: + | AB11: + | AC11: + | AD11: + | AE11: + | AF11: + | AG11: + | AH11: + | AJ11: +
A12: Voice +/− | B12: − | C12: − | D12: − | E12: − | F12: − | G12: − | H12: − | I12: − | J12: − | K12: − | L12: − | M12: − | N12: − | O12: − | P12: − | Q12: − | R12: − | S12: − | T12: − | U12: − | V12: − | W12: − | X12: − | Y12: − | Z12: − | AA12: − | AB12: − | AC12: − | AD12: − | AE12: − | AF12: − | AG12: − | AH12: − | AJ12: −
A13: Sibilant +/− | B13: − | C13: − | D13: − | E13: − | F13: − | G13: − | H13: − | I13: − | J13: − | K13: − | L13: − | M13: − | N13: − | O13: − | P13: − | Q13: − | R13: − | S13: − | T13: − | U13: − | V13: − | W13: − | X13: − | Y13: − | Z13: − | AA13: − | AB13: − | AC13: − | AD13: − | AE13: − | AF13: − | AG13: − | AH13: − | AJ13: +
A14: Lateral +/− | B14: − | C14: − | D14: − | E14: − | F14: − | G14: − | H14: − | I14: − | J14: − | K14: − | L14: − | M14: − | N14: − | O14: − | P14: − | Q14: − | R14: − | S14: − | T14: − | U14: − | V14: − | W14: − | X14: − | Y14: − | Z14: − | AA14: − | AB14: − | AC14: − | AD14: − | AE14: − | AF14: − | AG14: − | AH14: − | AJ14: −
A15: Place of articulation | B15: D | C15: D | D15: D | E15: D | F15: D | G15: D | H15: D | I15: D | J15: D | K15: D | L15: D | M15: D | N15: D | O15: D | P15: D | Q15: D | R15: D | S15: D | T15: D | U15: D | V15: D | W15: D | X15: D | Y15: D | Z15: D | AA15: D | AB15: D | AC15: D | AD15: D | AE15: D | AF15: D | AG15: D | AH15: D | AJ15: D
A16: Place value | B16: =5/3 -> 1.6666667 | C16: =5/3 -> 1.6666667 | D16: =5/3 -> 1.6666667 | E16: =5/3 -> 1.6666667 | F16: =5/3 -> 1.6666667 | G16: =5/3 -> 1.6666667 | H16: =5/3 -> 1.6666667 | I16: =5/3 -> 1.6666667 | ... AH16: =5/3 -> 1.6666667 | AJ16: =4/3 -> 1.3333333
A17: Manner of articulation | B17: P | C17: P | D17: P | E17: P | F17: P | G17: P | H17: P | I17: P | J17: P | K17: P | L17: P | M17: P | N17: P | O17: P | P17: P | Q17: P | R17: P | S17: P | T17: P | U17: P | V17: P | W17: P | X17: P | Y17: P | Z17: P | AA17: P | AB17: P | AC17: P | AD17: P | AE17: P | AF17: P | AG17: P | AH17: P | AJ17: P͡F
A18: Sonority value | B18: 4 | C18: 4 | D18: 4 | E18: 4 | F18: 4 | G18: 4 | H18: 4 | I18: 4 | J18: 4 | K18: 4 | L18: 4 | M18: 4 | N18: 4 | O18: 4 | P18: 4 | Q18: 4 | R18: 4 | S18: 4 | T18: 4 | U18: 4 | V18: 4 | W18: 4 | X18: 4 | Y18: 4 | Z18: 4 | AA18: 4 | AB18: 4 | AC18: 4 | AD18: 4 | AE18: 4 | AF18: 4 | AG18: 4 | AH18: 4 | AJ18: 3
Q19: 004a | AJ19: 004b
A20: Overview of common sound changes
A21: 004a: t // #_{a,o,ŭ} | B21: typically /t/
A22: 004b: t // #_ū | B22: typically /t/

Sheet 005 D-
A1: A - Consonantism | D1: 1. Initial Position | I1: 1.1 Simple consonants
A3: Number | B3: 5 | F3: Latin Reference Words
A4: Treatment | B4: D- | F4: 005a) DĒ, DĒBĒRE, DĔNTE, DĬGĬTU; 005b) DĔCE, DĪCERE, DĪĒ/DĪA, DĪĀNA
A5: Environment | B5: #_E
A7: Languages | B7: LAT | C7: EU POR | D7: BR POR | E7: GAL | F7: ASL | G7: CAS ESP | H7: AND ESP | I7: AMR ESP | J7: ARG | K7: CAT | L7: VAL | M7: BAL | N7: OCC | O7: GAS OCC | P7: EU FRA | Q7: QBC FRA | R7: WAL | S7: ARP | T7: LIG | U7: LMO | V7: RMH | W7: FUR | X7: LOG SRD | Y7: CPN SRD | Z7: COR | AA7: ITA | AB7: ABR | AC7: CAM | AD7: PGL | AE7: SCN | AF7: VEN | AG7: ARO | AH7: ROM | AJ7: ARO | AK7: ROM | AM7: BR POR | AN7: QBC FRA
A8: Grapheme | B8: D | C8: d | D8: d | E8: d | F8: d | G8: d | H8: d | I8: d | J8: d | K8: d | L8: d | M8: d | N8: d | O8: d | P8: d | Q8: d | R8: d | S8: d | T8: d | U8: d | V8: d | W8: d | X8: d | Y8: d | Z8: d | AA8: d | AB8: d | AC8: d | AD8: d | AE8: d | AF8: d | AG8: d | AH8: d | AJ8: dz | AK8: z | AM8: d | AN8: d
A9: IPA | B9: d̪ | C9: d̪ | D9: d̪ | E9: d̪ | F9: d̪ | G9: d̪ | H9: d̪ | I9: d̪ | J9: d̪ | K9: d̪ | L9: d̪ | M9: d̪ | N9: d̪ | O9: d̪ | P9: d̪ | Q9: d̪ | R9: d̪ | S9: d̪ | T9: d̪ | U9: d̪ | V9: d̪ | W9: d̪ | X9: d̪ | Y9: d̪ | Z9: d̪ | AA9: d̪ | AB9: d̪ | AC9: d̪~ɾ | AD9: d̪ | AE9: d̪~ɾ | AF9: d̪ | AG9: d̪ | AH9: d̪ | AJ9: d͡z̪ | AK9: z̪ | AM9: d̠͡ʒ | AN9: d͡z̪
A10: IPA key | B10: 6 | C10: 6 | D10: 6 | E10: 6 | F10: 6 | G10: 6 | H10: 6 | I10: 6 | J10: 6 | K10: 6 | L10: 6 | M10: 6 | N10: 6 | O10: 6 | P10: 6 | Q10: 6 | R10: 6 | S10: 6 | T10: 6 | U10: 6 | V10: 6 | W10: 6 | X10: 6 | Y10: 6 | Z10: 6 | AA10: 6 | AB10: 6 | AC10: 101 | AD10: 6 | AE10: 101 | AF10: 6 | AG10: 6 | AH10: 6 | AJ10: 27 | AK10: 49 | AM10: 35 | AN10: 27
A11: Consonantal +/− | B11: + | C11: + | D11: + | E11: + | F11: + | G11: + | H11: + | I11: + | J11: + | K11: + | L11: + | M11: + | N11: + | O11: + | P11: + | Q11: + | R11: + | S11: + | T11: + | U11: + | V11: + | W11: + | X11: + | Y11: + | Z11: + | AA11: + | AB11: + | AC11: + | AD11: + | AE11: + | AF11: + | AG11: + | AH11: + | AJ11: + | AK11: + | AM11: + | AN11: +
A12: Voice +/− | B12: + | C12: + | D12: + | E12: + | F12: + | G12: + | H12: + | I12: + | J12: + | K12: + | L12: + | M12: + | N12: + | O12: + | P12: + | Q12: + | R12: + | S12: + | T12: + | U12: + | V12: + | W12: + | X12: + | Y12: + | Z12: + | AA12: + | AB12: + | AC12: + | AD12: + | AE12: + | AF12: + | AG12: + | AH12: + | AJ12: + | AK12: + | AM12: + | AN12: +
A13: Sibilant +/− | B13: − | C13: − | D13: − | E13: − | F13: − | G13: − | H13: − | I13: − | J13: − | K13: − | L13: − | M13: − | N13: − | O13: − | P13: − | Q13: − | R13: − | S13: − | T13: − | U13: − | V13: − | W13: − | X13: − | Y13: − | Z13: − | AA13: − | AB13: − | AC13: − | AD13: − | AE13: − | AF13: − | AG13: − | AH13: − | AJ13: + | AK13: + | AM13: + | AN13: +
A14: Lateral +/− | B14: − | C14: − | D14: − | E14: − | F14: − | G14: − | H14: − | I14: − | J14: − | K14: − | L14: − | M14: − | N14: − | O14: − | P14: − | Q14: − | R14: − | S14: − | T14: − | U14: − | V14: − | W14: − | X14: − | Y14: − | Z14: − | AA14: − | AB14: − | AC14: − | AD14: − | AE14: − | AF14: − | AG14: − | AH14: − | AJ14: − | AK14: − | AM14: − | AN14: −
A15: Place of articulation | B15: D | C15: D | D15: D | E15: D | F15: D | G15: D | H15: D | I15: D | J15: D | K15: D | L15: D | M15: D | N15: D | O15: D | P15: D | Q15: D | R15: D | S15: D | T15: D | U15: D | V15: D | W15: D | X15: D | Y15: D | Z15: D | AA15: D | AB15: D | AC15: D | AD15: D | AE15: D | AF15: D | AG15: D | AH15: D | AJ15: D | AK15: D | AM15: Ɉ | AN15: D
A16: Place value | B16: =5/3 -> 1.6666667 | C16: =5/3 -> 1.6666667 | D16: =5/3 -> 1.6666667 | E16: =5/3 -> 1.6666667 | F16: =5/3 -> 1.6666667 | G16: =5/3 -> 1.6666667 | H16: =5/3 -> 1.6666667 | I16: =5/3 -> 1.6666667 | ... AB16: =5/3 -> 1.6666667 | AC16: =AVERAGE(5/3,0.75) -> 1.2083333 | AD16: =5/3 -> 1.6666667 | AE16: =AVERAGE(5/3,0.75) -> 1.2083333 | AF16: =5/3 -> 1.6666667 | AG16: =5/3 -> 1.6666667 | AH16: =5/3 -> 1.6666667 | AJ16: =4/3 -> 1.3333333 | AK16: =4/3 -> 1.3333333 | AM16: -0.5 | AN16: =4/3 -> 1.3333333
A17: Manner of articulation | B17: P | C17: P | D17: P | E17: P | F17: P | G17: P | H17: P | I17: P | J17: P | K17: P | L17: P | M17: P | N17: P | O17: P | P17: P | Q17: P | R17: P | S17: P | T17: P | U17: P | V17: P | W17: P | X17: P | Y17: P | Z17: P | AA17: P | AB17: P | AC17: P~L | AD17: P | AE17: P~L | AF17: P | AG17: P | AH17: P | AJ17: P͡F | AK17: F | AM17: P͡F | AN17: P͡F
A18: Sonority value | B18: 4 | C18: 4 | D18: 4 | E18: 4 | F18: 4 | G18: 4 | H18: 4 | I18: 4 | J18: 4 | K18: 4 | L18: 4 | M18: 4 | N18: 4 | O18: 4 | P18: 4 | Q18: 4 | R18: 4 | S18: 4 | T18: 4 | U18: 4 | V18: 4 | W18: 4 | X18: 4 | Y18: 4 | Z18: 4 | AA18: 4 | AB18: 4 | AC18: =AVERAGE(4,0.875) -> 2.4375 | AD18: 4 | AE18: =AVERAGE(4,0.875) -> 2.4375 | AF18: 4 | AG18: 4 | AH18: 4 | AJ18: 3 | AK18: 2 | AM18: 3 | AN18: 3
D19: 005a,b | Q19: 005a,b | AG19: 005a | AJ19: 005b,c | AM19: 005c
A20: Overview of common sound changes
A21: 005a: d // #_{ĕNC,ē,ĭ} | B21: typically /d/
A22: 005b: d /? / #_{ĕ³} | B22: typically /d/
B23: /d͡z/ in ARO, /z/ in ROM
A24: 005c: d / ? / #_ī | B24: typically /d/
B25: /d͡ʒ/ in BR.POR
B26: /d͡z/ in ARO, QBC.FRA, /z/ in ROM
A28: Romanian: t͡s̪ | B28: 1) ē; ĭ; stressed /ĕ/~/æ/ followed by a cluster /NC/ (> ERom. /e/) 2) stressed /ĕ/~/æ/ *not* followed by a cluster /NC/ (> ERom. /je/) 3) i + vowel (consonantal /i/) (> ERom. /j/) 4) long /i:/ (> ERom. /i/), if not elided

Sheet 006 D-
A1: A - Consonantism | D1: 1. Initial Position | I1: 1.1 Simple consonants
A3: Number | B3: 6 | F3: Latin Reference Words
A4: Treatment | B4: D- | F4: DĂMNU, DĂRE, DŎMĬNA, DORMĪRE, DŬLCE, DŬO(S)
A5: Environment | B5: #_{a,O}
A7: Languages | B7: LAT | C7: EU POR | D7: BR POR | E7: GAL | F7: ASL | G7: CAS ESP | H7: AND ESP | I7: AMR ESP | J7: ARG | K7: CAT | L7: VAL | M7: BAL | N7: OCC | O7: GAS OCC | P7: EU FRA | Q7: QBC FRA | R7: WAL | S7: ARP | T7: LIG | U7: LMO | V7: RMH | W7: FUR | X7: LOG SRD | Y7: CPN SRD | Z7: COR | AA7: ITA | AB7: ABR | AC7: CAM | AD7: PGL | AE7: SCN | AF7: VEN | AG7: ARO | AH7: ROM | AJ7: QBC FRA
A8: Grapheme | B8: D | C8: d | D8: d | E8: d | F8: d | G8: d | H8: d | I8: d | J8: d | K8: d | L8: d | M8: d | N8: d | O8: d | P8: d | Q8: d | R8: d | S8: d | T8: d | U8: d | V8: d | W8: d | X8: d | Y8: d | Z8: d | AA8: d | AB8: d | AC8: d | AD8: d | AE8: d | AF8: d | AG8: d | AH8: d | AJ8: d
A9: IPA | B9: d̪ | C9: d̪ | D9: d̪ | E9: d̪ | F9: d̪ | G9: d̪ | H9: d̪ | I9: d̪ | J9: d̪ | K9: d̪ | L9: d̪ | M9: d̪ | N9: d̪ | O9: d̪ | P9: d̪ | Q9: d̪ | R9: d̪ | S9: d̪ | T9: d̪ | U9: d̪ | V9: d̪ | W9: d̪ | X9: d̪ | Y9: d̪ | Z9: d̪ | AA9: d̪ | AB9: d̪ | AC9: d̪~ɾ | AD9: d̪ | AE9: d̪~ɾ | AF9: d̪ | AG9: d̪ | AH9: d̪ | AJ9: d͡z̪
A10: IPA key | B10: 6 | C10: 6 | D10: 6 | E10: 6 | F10: 6 | G10: 6 | H10: 6 | I10: 6 | J10: 6 | K10: 6 | L10: 6 | M10: 6 | N10: 6 | O10: 6 | P10: 6 | Q10: 6 | R10: 6 | S10: 6 | T10: 6 | U10: 6 | V10: 6 | W10: 6 | X10: 6 | Y10: 6 | Z10: 6 | AA10: 6 | AB10: 6 | AC10: 101 | AD10: 6 | AE10: 101 | AF10: 6 | AG10: 6 | AH10: 6 | AJ10: 27
A11: Consonantal +/− | B11: + | C11: + | D11: + | E11: + | F11: + | G11: + | H11: + | I11: + | J11: + | K11: + | L11: + | M11: + | N11: + | O11: + | P11: + | Q11: + | R11: + | S11: + | T11: + | U11: + | V11: + | W11: + | X11: + | Y11: + | Z11: + | AA11: + | AB11: + | AC11: + | AD11: + | AE11: + | AF11: + | AG11: + | AH11: + | AJ11: +
A12: Voice +/− | B12: + | C12: + | D12: + | E12: + | F12: + | G12: + | H12: + | I12: + | J12: + | K12: + | L12: + | M12: + | N12: + | O12: + | P12: + | Q12: + | R12: + | S12: + | T12: + | U12: + | V12: + | W12: + | X12: + | Y12: + | Z12: + | AA12: + | AB12: + | AC12: + | AD12: + | AE12: + | AF12: + | AG12: + | AH12: + | AJ12: +
A13: Sibilant +/− | B13: − | C13: − | D13: − | E13: − | F13: − | G13: − | H13: − | I13: − | J13: − | K13: − | L13: − | M13: − | N13: − | O13: − | P13: − | Q13: − | R13: − | S13: − | T13: − | U13: − | V13: − | W13: − | X13: − | Y13: − | Z13: − | AA13: − | AB13: − | AC13: − | AD13: − | AE13: − | AF13: − | AG13: − | AH13: − | AJ13: +
A14: Lateral +/− | B14: − | C14: − | D14: − | E14: − | F14: − | G14: − | H14: − | I14: − | J14: − | K14: − | L14: − | M14: − | N14: − | O14: − | P14: − | Q14: − | R14: − | S14: − | T14: − | U14: − | V14: − | W14: − | X14: − | Y14: − | Z14: − | AA14: − | AB14: − | AC14: − | AD14: − | AE14: − | AF14: − | AG14: − | AH14: − | AJ14: −
A15: Place of articulation | B15: D | C15: D | D15: D | E15: D | F15: D | G15: D | H15: D | I15: D | J15: D | K15: D | L15: D | M15: D | N15: D | O15: D | P15: D | Q15: D | R15: D | S15: D | T15: D | U15: D | V15: D | W15: D | X15: D | Y15: D | Z15: D | AA15: D | AB15: D | AC15: D | AD15: D | AE15: D | AF15: D | AG15: D | AH15: D | AJ15: D
A16: Place value | B16: =5/3 -> 1.6666667 | C16: =5/3 -> 1.6666667 | D16: =5/3 -> 1.6666667 | E16: =5/3 -> 1.6666667 | F16: =5/3 -> 1.6666667 | G16: =5/3 -> 1.6666667 | H16: =5/3 -> 1.6666667 | I16: =5/3 -> 1.6666667 | ... AB16: =5/3 -> 1.6666667 | AC16: =AVERAGE(5/3,0.75) -> 1.2083333 | AD16: =5/3 -> 1.6666667 | AE16: =AVERAGE(5/3,0.75) -> 1.2083333 | AF16: =5/3 -> 1.6666667 | AG16: =5/3 -> 1.6666667 | AH16: =5/3 -> 1.6666667 | AJ16: =4/3 -> 1.3333333
A17: Manner of articulation | B17: P | C17: P | D17: P | E17: P | F17: P | G17: P | H17: P | I17: P | J17: P | K17: P | L17: P | M17: P | N17: P | O17: P | P17: P | Q17: P | R17: P | S17: P | T17: P | U17: P | V17: P | W17: P | X17: P | Y17: P | Z17: P | AA17: P | AB17: P | AC17: P~L | AD17: P | AE17: P~L | AF17: P | AG17: P | AH17: P | AJ17: P͡F
A18: Sonority value | B18: 4 | C18: 4 | D18: 4 | E18: 4 | F18: 4 | G18: 4 | H18: 4 | I18: 4 | J18: 4 | K18: 4 | L18: 4 | M18: 4 | N18: 4 | O18: 4 | P18: 4 | Q18: 4 | R18: 4 | S18: 4 | T18: 4 | U18: 4 | V18: 4 | W18: 4 | X18: 4 | Y18: 4 | Z18: 4 | AA18: 4 | AB18: 4 | AC18: =AVERAGE(4,0.875) -> 2.4375 | AD18: 4 | AE18: =AVERAGE(4,0.875) -> 2.4375 | AF18: 4 | AG18: 4 | AH18: 4 | AJ18: 3
Q19: 006a | AJ19: 006b
A20: Overview of common sound changes
A21: 006a: d // #_{a,o,ŭ} | B21: typically /d/
A22: 006b: d // #_ū | B22: typically /t/

Sheet 007 C-
A1: A - Consonantism | D1: 1. Initial Position | I1: 1.1 Simple consonants
A3: Number | B3: 7 | F3: Latin Reference Words
A4: Treatment | B4: C- | F4: 007a: CĬNĔRE, CÆLU, CĔRĔBĔLLU, CĔNTU, CĔRĔSĔA, CĒPA, CĬCĔRU, CĬLĬU; 007b: CĪNCTU, CĪMĬCE, CĪVĬTĀTE, CĪCCU
A5: Environment | B5: #_E
A7: Languages | B7: LAT | C7: EU POR | D7: BR POR | E7: GAL | F7: ASL | G7: CAS ESP | H7: AND ESP | I7: AMR ESP | J7: ARG | K7: CAT | L7: VAL | M7: BAL | N7: OCC | O7: GAS OCC | P7: EU FRA | Q7: QBC FRA | R7: WAL | S7: ARP | T7: LIG | U7: LMO | V7: RMH | W7: FUR | X7: LOG SRD | Y7: CPN SRD | Z7: COR | AA7: ITA | AB7: ABR | AC7: CAM | AD7: PGL | AE7: SCN | AF7: VEN | AG7: ARO | AH7: ROM
A8: Grapheme | B8: C | C8: c | D8: c | E8: c | F8: c | G8: c | H8: c | I8: c | J8: c | K8: c | L8: c | M8: c | N8: c | O8: c | P8: c | Q8: c | R8: c | S8: c | T8: ç | U8: sc | V8: tsch | W8: c | X8: ch | Y8: c | AA8: c | AC8: c | AE8: c | AF8: s/th | AG8: ts | AH8: c
A9: IPA | B9: k | C9: s (s̪) | D9: s | E9: θ (s) | F9: θ | G9: θ | H9: s̟ | I9: s | J9: θ | K9: s̠ | L9: s̠ | M9: s̠ | N9: s̠ | O9: s̠ | P9: s̪ | Q9: s̪ | R9: s̪ | S9: s̪ | T9: s (t͡s) | U9: ʃ~s̠ | V9: t̠͡ʃ | W9: t̠͡ʃ~s̠ | X9: k | Y9: t̠͡ʃ | AA9: t̠͡ʃ | AC9: t̠͡ʃ | AE9: t̠͡ʃ | AF9: s̠~θ | AG9: t͡s̪ | AH9: t̠͡ʃ
A10: IPA key | B10: 19 | C10: 120 | D10: 50 | E10: 102 | F10: 44 | G10: 44 | H10: 46 | I10: 50 | J10: 44 | K10: 52 | L10: 52 | M10: 52 | N10: 52 | O10: 52 | P10: 48 | Q10: 48 | R10: 48 | S10: 48 | T10: 274 | U10: 103 | V10: 34 | X10: 19 | Y10: 34 | AA10: 34 | AC10: 34 | AE10: 34 | AF10: 104 | AG10: 26 | AH10: 34
A11: Consonantal +/− | B11: + | C11: + | D11: + | E11: + | F11: + | G11: + | H11: + | I11: + | J11: + | K11: + | L11: + | M11: + | N11: + | O11: + | P11: + | Q11: + | R11: + | S11: + | T11: + | U11: + | V11: + | X11: + | Y11: + | AA11: + | AC11: + | AE11: + | AF11: + | AG11: + | AH11: +
A12: Voice +/− | B12: − | C12: − | D12: − | E12: − | F12: − | G12: − | H12: − | I12: − | J12: − | K12: − | L12: − | M12: − | N12: − | O12: − | P12: − | Q12: − | R12: − | S12: − | T12: − | U12: − | V12: − | X12: − | Y12: − | AA12: − | AC12: − | AE12: − | AF12: − | AG12: − | AH12: −
A13: Sibilant +/− | B13: − | C13: + | D13: + | E13: +/− | F13: − | G13: − | H13: + | I13: + | J13: − | K13: + | L13: + | M13: + | N13: + | O13: + | P13: + | Q13: + | R13: + | S13: + | T13: + | U13: + | V13: + | X13: − | Y13: + | AA13: + | AC13: + | AE13: + | AF13: +/− | AG13: + | AH13: +
A14: Lateral +/− | B14: − | C14: − | D14: − | E14: − | F14: − | G14: − | H14: − | I14: − | J14: − | K14: − | L14: − | M14: − | N14: − | O14: − | P14: − | Q14: − | R14: − | S14: − | T14: − | U14: − | V14: − | X14: − | Y14: − | AA14: − | AC14: − | AE14: − | AF14: − | AG14: − | AH14: −
A15: Place of articulation | B15: K | C15: D | D15: D | E15: D | F15: D | G15: D | H15: D | I15: D | J15: D | K15: D | L15: D | M15: D | N15: D | O15: D | P15: D | Q15: D | R15: D | S15: D | T15: D | U15: Ɉ~D | V15: Ɉ | X15: K | Y15: Ɉ | AA15: Ɉ | AC15: Ɉ | AE15: Ɉ | AF15: D | AG15: D | AH15: Ɉ
A16: Place value | B16: -3 | C16: =13/12 -> 1.0833333 | D16: 1 | E16: =AVERAGE(2,2,1) -> 1.6666667 | F16: 2 | G16: 2 | H16: =5/3 -> 1.6666667 | I16: 1 | J16: 2 | K16: 0.5 | L16: 0.5 | M16: 0.5 | N16: 0.5 | O16: 0.5 | P16: =4/3 -> 1.3333333 | Q16: =4/3 -> 1.3333333 | R16: =4/3 -> 1.3333333 | S16: =4/3 -> 1.3333333 | T16: 1 | U16: =AVERAGE(-0.5,0.5) -> 0 | V16: -0.5 | X16: -3 | Y16: -0.5 | AA16: -0.5 | AC16: -0.5 | AE16: -0.5 | AF16: =AVERAGE(0.5,2) -> 1.25 | AG16: =4/3 -> 1.3333333 | AH16: -0.5
A17: Manner of articulation | B17: P | C17: F | D17: F | E17: F | F17: F | G17: F | H17: F | I17: F | J17: F | K17: F | L17: F | M17: F | N17: F | O17: F | P17: F | Q17: F | R17: F | S17: F | T17: F (P͡F) | U17: F | V17: P͡F | X17: P | Y17: P͡F | AA17: P͡F | AC17: P͡F | AE17: P͡F | AF17: F | AG17: P͡F | AH17: P͡F
A18: Sonority value | B18: 4 | C18: 2 | D18: 2 | E18: 2 | F18: 2 | G18: 2 | H18: 2 | I18: 2 | J18: 2 | K18: 2 | L18: 2 | M18: 2 | N18: 2 | O18: 2 | P18: 2 | Q18: 2 | R18: 2 | S18: 2 | T18: =AVERAGE(2,2,3) -> 2.3333333 | U18: 2 | V18: 3 | X18: 4 | Y18: 3 | AA18: 3 | AC18: 3 | AE18: 3 | AF18: 2 | AG18: 3 | AH18: 3
A20: Overview of common sound changes
A21: 007a: k / ? / #_{e,ĭ} | B21: /k/ in LOG.SRD, DAL
B22: /t͡ʃ/ in ITA, ROM
B23: /s/ in POR, AND.ESP, AMR.ESP, CVB, FRA
B24: /θ/ in CAS.ESP
A26: 007b: k / ? / #_ī | B26: /k/ in LOG.SRD
B27: /t͡ʃ/ in ITA, ROM
B28: /s/ in POR, AND.ESP, AMR.ESP, CVB, FRA
B29: /θ/ in CAS.ESP

Sheet 008 C-
A1: A - Consonantism | D1: 1. Initial Position | I1: 1.1 Simple consonants
A3: Number | B3: 8 | F3: Latin Reference Words
A4: Treatment | B4: C- | F4: 008a: CĂPRA, CĂRBŌNE, CĂNTĀRE; 008b: CĂTTU, CĂRY̆ŎPHY̆LLU
A5: Environment | B5: #_a
A7: Languages | B7: LAT | C7: EU POR | D7: BR POR | E7: GAL | F7: ASL | G7: CAS ESP | H7: AND ESP | I7: AMR ESP | J7: ARG | K7: CAT | L7: VAL | M7: BAL | N7: OCC | O7: GAS OCC | P7: EU FRA | Q7: QBC FRA | R7: WAL | S7: ARP | T7: LIG | U7: LMO | V7: RMH | W7: FUR | X7: LOG SRD | Y7: CPN SRD | Z7: COR | AA7: ITA | AB7: ABR | AC7: CAM | AD7: PGL | AE7: SCN | AF7: VEN | AG7: ARO | AH7: ROM
A8: Grapheme | B8: C | C8: c | D8: c | E8: c | F8: c | G8: c | H8: c | I8: c | J8: c | K8: c | L8: c | M8: c | N8: c (ch) | O8: c | P8: ch | Q8: ch | R8: tch | S8: ch | T8: c | U8: c | V8: ch | W8: cj | X8: c | Y8: c | Z8: c | AA8: c | AB8: c | AC8: c | AD8: c | AE8: c | AF8: c | AG8: c | AH8: c
A9: IPA | B9: k | C9: k | D9: k | E9: k | F9: k | G9: k | H9: k | I9: k | J9: k | K9: k | L9: k | M9: k | N9: k (t͡s) | O9: k | P9: ʃ | Q9: ʃ | R9: t̠͡ʃ | S9: t̠͡ʃ~θ | T9: k | U9: k | V9: k~c | W9: c~t̠͡ʃ | X9: k | Y9: k | Z9: k | AA9: k | AB9: k | AC9: k | AD9: k | AE9: k | AF9: k | AG9: k | AH9: k
A10: IPA key | B10: 19 | C10: 19 | D10: 19 | E10: 19 | F10: 19 | G10: 19 | H10: 19 | I10: 19 | J10: 19 | K10: 19 | L10: 19 | M10: 19 | N10: 105 | O10: 19 | P10: 56 | Q10: 56 | R10: 34 | S10: 106 | T10: 19 | U10: 19 | V10: 150 | W10: 152 | X10: 19 | Y10: 19 | Z10: 19 | AA10: 19 | AB10: 19 | AC10: 19 | AD10: 19 | AE10: 19 | AF10: 19 | AG10: 19 | AH10: 19
A11: Consonantal +/− | B11: + | C11: + | D11: + | E11: + | F11: + | G11: + | H11: + | I11: + | J11: + | K11: + | L11: + | M11: + | N11: + | O11: + | P11: + | Q11: + | R11: + | S11: + | T11: + | U11: + | V11: + | W11: + | X11: + | Y11: + | Z11: + | AA11: + | AB11: + | AC11: + | AD11: + | AE11: + | AF11: + | AG11: + | AH11: +
A12: Voice +/− | B12: − | C12: − | D12: − | E12: − | F12: − | G12: − | H12: − | I12: − | J12: − | K12: − | L12: − | M12: − | N12: − | O12: − | P12: − | Q12: − | R12: − | S12: − | T12: − | U12: − | V12: − | W12: − | X12: − | Y12: − | Z12: − | AA12: − | AB12: − | AC12: − | AD12: − | AE12: − | AF12: − | AG12: − | AH12: −
A13: Sibilant +/− | B13: − | C13: − | D13: − | E13: − | F13: − | G13: − | H13: − | I13: − | J13: − | K13: − | L13: − | M13: − | N13: −/+ | O13: − | P13: + | Q13: + | R13: + | S13: + (−) | T13: − | U13: − | V13: − | W13: −/+ | X13: − | Y13: − | Z13: − | AA13: − | AB13: − | AC13: − | AD13: − | AE13: − | AF13: − | AG13: − | AH13: −
A14: Lateral +/− | B14: − | C14: − | D14: − | E14: − | F14: − | G14: − | H14: − | I14: − | J14: − | K14: − | L14: − | M14: − | N14: − | O14: − | P14: − | Q14: − | R14: − | S14: − | T14: − | U14: − | V14: − | W14: − | X14: − | Y14: − | Z14: − | AA14: − | AB14: − | AC14: − | AD14: − | AE14: − | AF14: − | AG14: − | AH14: −
A15: Place of articulation | B15: K | C15: K | D15: K | E15: K | F15: K | G15: K | H15: K | I15: K | J15: K | K15: K | L15: K | M15: K | N15: K (Ɉ) | O15: K | P15: Ɉ | Q15: Ɉ | R15: Ɉ | S15: Ɉ~D | T15: K | U15: K | V15: K~Ɉ | W15: Ɉ | X15: K | Y15: K | Z15: K | AA15: K | AB15: K | AC15: K | AD15: K | AE15: K | AF15: K | AG15: K | AH15: K
A16: Place value | B16: -3 | C16: -3 | D16: -3 | E16: -3 | F16: -3 | G16: -3 | H16: -3 | I16: -3 | J16: -3 | K16: -3 | L16: -3 | M16: -3 | N16: =AVERAGE(3,3,1) -> 2.3333333 | O16: -3 | P16: -0.5 | Q16: -0.5 | R16: -0.5 | S16: =AVERAGE(-0.5,2) -> 0.75 | T16: -3 | U16: -3 | V16: -2.5 | W16: =AVERAGE(-2,-0.5) -> -1.25 | X16: -3 | Y16: -3 | Z16: -3 | AA16: -3 | AB16: -3 | AC16: -3 | AD16: -3 | AE16: -3 | AF16: -3 | AG16: -3 | AH16: -3
A17: Manner of articulation | B17: P | C17: P | D17: P | E17: P | F17: P | G17: P | H17: P | I17: P | J17: P | K17: P | L17: P | M17: P | N17: P (P͡F) | O17: P | P17: F | Q17: F | R17: P͡F | S17: P͡F~F | T17: P | U17: P | V17: P | W17: P~P͡F | X17: P | Y17: P | Z17: P | AA17: P | AB17: P | AC17: P | AD17: P | AE17: P | AF17: P | AG17: P | AH17: P
A18: Sonority value | B18: 4 | C18: 4 | D18: 4 | E18: 4 | F18: 4 | G18: 4 | H18: 4 | I18: 4 | J18: 4 | K18: 4 | L18: 4 | M18: 4 | N18: =AVERAGE(4,4,3) -> 3.6666667 | O18: 4 | P18: 2 | Q18: 2 | R18: 3 | S18: =AVERAGE(3,2) -> 2.5 | T18: 4 | U18: 4 | V18: 4 | W18: =AVERAGE(4,3) -> 3.5 | X18: 4 | Y18: 4 | Z18: 4 | AA18: 4 | AB18: 4 | AC18: 4 | AD18: 4 | AE18: 4 | AF18: 4 | AG18: 4 | AH18: 4
A20: Overview of common sound changes
A21: 008a: k / ? / #_a | B21: typically /k/
B22: palatalized to /(t)ʃ/ in Gallo-Romance
A23: 008b: k / ɡ / #_a | B23: typically /ɡ/
B24: palatalized to /(d)ʒ/ in Gallo-Romance

Sheet 009 C-
A1: A - Consonantism | D1: 1. Initial Position | I1: 1.1 Simple consonants
A3: Number | B3: 9 | F3: Latin Reference Words
A4: Treatment | B4: C- | F4: 009a) CŎCERE, CŎLLU, CŎLŌRE, CŬM, CŬNĪCŬLU; 009b) CŬBĬTU
A5: Environment | B5: #_{o,ŭ}
A7: Languages | B7: LAT | C7: EU POR | D7: BR POR | E7: GAL | F7: ASL | G7: CAS ESP | H7: AND ESP | I7: AMR ESP | J7: ARG | K7: CAT | L7: VAL | M7: BAL | N7: OCC | O7: GAS OCC | P7: EU FRA | Q7: QBC FRA | R7: WAL | S7: ARP | T7: LIG | U7: LMO | V7: RMH | W7: FUR | X7: LOG SRD | Y7: CPN SRD | Z7: COR | AA7: ITA | AB7: ABR | AC7: CAM | AD7: PGL | AE7: SCN | AF7: VEN | AG7: ARO | AH7: ROM | AJ7: ITA
A8: Grapheme | B8: C | C8: c | D8: c | E8: c | F8: c | G8: c | H8: c | I8: c | J8: c | K8: c | L8: c | M8: c | N8: c | O8: c | P8: c | Q8: c | R8: c | S8: c | T8: c | U8: c | V8: c | W8: c | X8: c | Y8: c | Z8: c | AA8: c | AB8: c | AC8: c | AD8: c | AE8: c | AF8: c | AG8: c | AH8: c | AJ8: g
A9: IPA | B9: k | C9: k | D9: k | E9: k | F9: k | G9: k | H9: k | I9: k | J9: k | K9: k | L9: k | M9: k | N9: k | O9: k | P9: k | Q9: k | R9: k | S9: k | T9: k | U9: k | V9: k | W9: k | X9: k | Y9: k | Z9: k | AA9: k | AB9: k | AC9: k | AD9: k | AE9: k | AF9: k | AG9: k | AH9: k | AJ9: ɡ
A10: IPA key | B10: 19 | C10: 19 | D10: 19 | E10: 19 | F10: 19 | G10: 19 | H10: 19 | I10: 19 | J10: 19 | K10: 19 | L10: 19 | M10: 19 | N10: 19 | O10: 19 | P10: 19 | Q10: 19 | R10: 19 | S10: 19 | T10: 19 | U10: 19 | X10: 19 | Y10: 19 | Z10: 19 | AA10: 19 | AB10: 19 | AC10: 19 | AD10: 19 | AE10: 19 | AF10: 19 | AG10: 19 | AH10: 19 | AJ10: 20
A11: Consonantal +/− | B11: + | C11: + | D11: + | E11: + | F11: + | G11: + | H11: + | I11: + | J11: + | K11: + | L11: + | M11: + | N11: + | O11: + | P11: + | Q11: + | R11: + | S11: + | T11: + | U11: + | X11: + | Y11: + | Z11: + | AA11: + | AB11: + | AC11: + | AD11: + | AE11: + | AF11: + | AG11: + | AH11: + | AJ11: +
A12: Voice +/− | B12: − | C12: − | D12: − | E12: − | F12: − | G12: − | H12: − | I12: − | J12: − | K12: − | L12: − | M12: − | N12: − | O12: − | P12: − | Q12: − | R12: − | S12: − | T12: − | U12: − | X12: − | Y12: − | Z12: − | AA12: − | AB12: − | AC12: − | AD12: − | AE12: − | AF12: − | AG12: − | AH12: − | AJ12: +
A13: Sibilant +/− | B13: − | C13: − | D13: − | E13: − | F13: − | G13: − | H13: − | I13: − | J13: − | K13: − | L13: − | M13: − | N13: − | O13: − | P13: − | Q13: − | R13: − | S13: − | T13: − | U13: − | X13: − | Y13: − | Z13: − | AA13: − | AB13: − | AC13: − | AD13: − | AE13: − | AF13: − | AG13: − | AH13: − | AJ13: −
A14: Lateral +/− | B14: − | C14: − | D14: − | E14: − | F14: − | G14: − | H14: − | I14: − | J14: − | K14: − | L14: − | M14: − | N14: − | O14: − | P14: − | Q14: − | R14: − | S14: − | T14: − | U14: − | X14: − | Y14: − | Z14: − | AA14: − | AB14: − | AC14: − | AD14: − | AE14: − | AF14: − | AG14: − | AH14: − | AJ14: −
A15: Place of articulation | B15: K | C15: K | D15: K | E15: K | F15: K | G15: K | H15: K | I15: K | J15: K | K15: K | L15: K | M15: K | N15: K | O15: K | P15: K | Q15: K | R15: K | S15: K | T15: K | U15: K | X15: K | Y15: K | Z15: K | AA15: K | AB15: K | AC15: K | AD15: K | AE15: K | AF15: K | AG15: K | AH15: K | AJ15: K
A16: Place value | B16: -3 | C16: -3 | D16: -3 | E16: -3 | F16: -3 | G16: -3 | H16: -3 | I16: -3 | J16: -3 | K16: -3 | L16: -3 | M16: -3 | N16: -3 | O16: -3 | P16: -3 | Q16: -3 | R16: -3 | S16: -3 | T16: -3 | U16: -3 | X16: -3 | Y16: -3 | Z16: -3 | AA16: -3 | AB16: -3 | AC16: -3 | AD16: -3 | AE16: -3 | AF16: -3 | AG16: -3 | AH16: -3 | AJ16: -3
A17: Manner of articulation | B17: P | C17: P | D17: P | E17: P | F17: P | G17: P | H17: P | I17: P | J17: P | K17: P | L17: P | M17: P | N17: P | O17: P | P17: P | Q17: P | R17: P | S17: P | T17: P | U17: P | X17: P | Y17: P | Z17: P | AA17: P | AB17: P | AC17: P | AD17: P | AE17: P | AF17: P | AG17: P | AH17: P | AJ17: P
A18: Sonority value | B18: 4 | C18: 4 | D18: 4 | E18: 4 | F18: 4 | G18: 4 | H18: 4 | I18: 4 | J18: 4 | K18: 4 | L18: 4 | M18: 4 | N18: 4 | O18: 4 | P18: 4 | Q18: 4 | R18: 4 | S18: 4 | T18: 4 | U18: 4 | X18: 4 | Y18: 4 | Z18: 4 | AA18: 4 | AB18: 4 | AC18: 4 | AD18: 4 | AE18: 4 | AF18: 4 | AG18: 4 | AH18: 4 | AJ18: 4
AA19: 009a | AJ19: 009b
A20: Overview of common sound changes
A21: 009a: k // #_{o,ŭ} | B21: typically /k/
A22: 009b: k / ɡ / #_{o,ŭ} | B22: typically /ɡ/

Sheet 010 C-
A1: A - Consonantism | D1: 1. Initial Position | I1: 1.1 Simple consonants
A3: Number | B3: 10 | F3: Latin Reference Words
A4: Treatment | B4: C- | F4: CŪLU, CŪRA, CŪNA
A5: Environment | B5: #_ū
A7: Languages | B7: LAT | C7: EU POR | D7: BR POR | E7: GAL | F7: ASL | G7: CAS ESP | H7: AND ESP | I7: AMR ESP | J7: ARG | K7: CAT | L7: VAL | M7: BAL | N7: OCC | O7: GAS OCC | P7: EU FRA | Q7: QBC FRA | R7: WAL | S7: ARP | T7: LIG | U7: LMO | V7: RMH | W7: FUR | X7: LOG SRD | Y7: CPN SRD | Z7: COR | AA7: ITA | AB7: ABR | AC7: CAM | AD7: PGL | AE7: SCN | AF7: VEN | AG7: ARO | AH7: ROM
A8: Grapheme | B8: C | C8: c | D8: c | E8: c | F8: c | G8: c | H8: c | I8: c | J8: c | K8: c | L8: c | M8: c | N8: c | O8: c | P8: c | Q8: c | R8: c | S8: c | T8: c | U8: c | V8: tg | W8: c | X8: c | Y8: c | Z8: c | AA8: c | AB8: c | AC8: c | AD8: c | AE8: c | AF8: c | AG8: c | AH8: c
A9: IPA | B9: k | C9: k | D9: k | E9: k | F9: k | G9: k | H9: k | I9: k | J9: k | K9: k | L9: k | M9: k | N9: k | O9: k | P9: k | Q9: k | R9: k | S9: k | T9: k | U9: k | V9: c | W9: k | X9: k | Y9: k | Z9: k | AA9: k | AB9: k | AC9: k | AD9: k | AE9: k | AF9: k | AG9: k | AH9: k
A10: IPA key | B10: 19 | C10: 19 | D10: 19 | E10: 19 | F10: 19 | G10: 19 | H10: 19 | I10: 19 | J10: 19 | K10: 19 | L10: 19 | M10: 19 | N10: 19 | O10: 19 | P10: 19 | Q10: 19 | R10: 19 | S10: 19 | T10: 19 | U10: 19 | V10: 17 | W10: 19 | X10: 19 | Y10: 19 | Z10: 19 | AA10: 19 | AB10: 19 | AC10: 19 | AD10: 19 | AE10: 19 | AF10: 19 | AG10: 19 | AH10: 19
A11: Consonantal +/− | B11: + | C11: + | D11: + | E11: + | F11: + | G11: + | H11: + | I11: + | J11: + | K11: + | L11: + | M11: + | N11: + | O11: + | P11: + | Q11: + | R11: + | S11: + | T11: + | U11: + | V11: + | W11: + | X11: + | Y11: + | Z11: + | AA11: + | AB11: + | AC11: + | AD11: + | AE11: + | AF11: + | AG11: + | AH11: +
A12: Voice +/− | B12: − | C12: − | D12: − | E12: − | F12: − | G12: − | H12: − | I12: − | J12: − | K12: − | L12: − | M12: − | N12: − | O12: − | P12: − | Q12: − | R12: − | S12: − | T12: − | U12: − | V12: − | W12: − | X12: − | Y12: − | Z12: − | AA12: − | AB12: − | AC12: − | AD12: − | AE12: − | AF12: − | AG12: − | AH12: −
A13: Sibilant +/− | B13: − | C13: − | D13: − | E13: − | F13: − | G13: − | H13: − | I13: − | J13: − | K13: − | L13: − | M13: − | N13: − | O13: − | P13: − | Q13: − | R13: − | S13: − | T13: − | U13: − | V13: − | W13: − | X13: − | Y13: − | Z13: − | AA13: − | AB13: − | AC13: − | AD13: − | AE13: − | AF13: − | AG13: − | AH13: −
A14: Lateral +/− | B14: − | C14: − | D14: − | E14: − | F14: − | G14: − | H14: − | I14: − | J14: − | K14: − | L14: − | M14: − | N14: − | O14: − | P14: − | Q14: − | R14: − | S14: − | T14: − | U14: − | V14: − | W14: − | X14: − | Y14: − | Z14: − | AA14: − | AB14: − | AC14: − | AD14: − | AE14: − | AF14: − | AG14: − | AH14: −
A15: Place of articulation | B15: K | C15: K | D15: K | E15: K | F15: K | G15: K | H15: K | I15: K | J15: K | K15: K | L15: K | M15: K | N15: K | O15: K | P15: K | Q15: K | R15: K | S15: K | T15: K | U15: K | V15: Ɉ | W15: K | X15: K | Y15: K | Z15: K | AA15: K | AB15: K | AC15: K | AD15: K | AE15: K | AF15: K | AG15: K | AH15: K
A16: Place value | B16: -3 | C16: -3 | D16: -3 | E16: -3 | F16: -3 | G16: -3 | H16: -3 | I16: -3 | J16: -3 | K16: -3 | L16: -3 | M16: -3 | N16: -3 | O16: -3 | P16: -3 | Q16: -3 | R16: -3 | S16: -3 | T16: -3 | U16: -3 | V16: -2 | W16: -3 | X16: -3 | Y16: -3 | Z16: -3 | AA16: -3 | AB16: -3 | AC16: -3 | AD16: -3 | AE16: -3 | AF16: -3 | AG16: -3 | AH16: -3
A17: Manner of articulation | B17: P | C17: P | D17: P | E17: P | F17: P | G17: P | H17: P | I17: P | J17: P | K17: P | L17: P | M17: P | N17: P | O17: P | P17: P | Q17: P | R17: P | S17: P | T17: P | U17: P | V17: P | W17: P | X17: P | Y17: P | Z17: P | AA17: P | AB17: P | AC17: P | AD17: P | AE17: P | AF17: P | AG17: P | AH17: P
A18: Sonority value | B18: 4 | C18: 4 | D18: 4 | E18: 4 | F18: 4 | G18: 4 | H18: 4 | I18: 4 | J18: 4 | K18: 4 | L18: 4 | M18: 4 | N18: 4 | O18: 4 | P18: 4 | Q18: 4 | R18: 4 | S18: 4 | T18: 4 | U18: 4 | V18: 4 | W18: 4 | X18: 4 | Y18: 4 | Z18: 4 | AA18: 4 | AB18: 4 | AC18: 4 | AD18: 4 | AE18: 4 | AF18: 4 | AG18: 4 | AH18: 4
A20: Overview of common sound changes
A21: k // #_ū | B21: typically /k/

Sheet 011 G-
A1: A - Consonantism | D1: 1. Initial Position | I1: 1.1 Simple consonants
A3: Number | B3: 11 | F3: Latin Reference Words
A4: Treatment | B4: G- | F4: GĔNĔRU, GĔLU, GY̆PSU
A5: Environment | B5: ˈ#_E
A7: Languages | B7: LAT | C7: EU POR | D7: BR POR | E7: GAL | F7: ASL | G7: CAS ESP | H7: AND ESP | I7: AMR ESP | J7: ARG | K7: CAT | L7: VAL | M7: BAL | N7: OCC | O7: GAS OCC | P7: EU FRA | Q7: QBC FRA | R7: WAL | S7: ARP | T7: LIG | U7: LMO | V7: RMH | W7: FUR | X7: LOG SRD | Y7: CPN SRD | Z7: COR | AA7: ITA | AB7: ABR | AC7: CAM | AD7: PGL | AE7: SCN | AF7: VEN | AG7: ARO | AH7: ROM
A8: Grapheme | B8: G | C8: g | D8: g | E8: x | F8: x | G8: y | H8: y | I8: y | J8: ch | K8: g | L8: g | M8: g | N8: g | O8: g | P8: g | Q8: g | R8: dj | S8: g | T8: z | U8: sg | V8: sch | W8: z | X8: g | Y8: g | Z8: ghj | AA8: g | AC8: j | AE8: j | AF8: z/dh | AG8: dz | AH8: g
A9: IPA | B9: ɡ | C9: ʒ | D9: ʒ | E9: ʃ | F9: ʃ | G9: ɟ͡ʝ | H9: ɟ͡ʝ | I9: ɟ͡ʝ | J9: t̠͡ʃ | K9: ʒ | L9: d̠͡ʒ | M9: ʒ | N9: ̠d̠͡ʒ (d͡z̠) | O9: ʒ | P9: ʒ | Q9: ʒ | R9: d̠͡ʒ | S9: d͡z~ð | T9: z (d͡z) | U9: d̠͡ʒ~z | V9: d̠͡ʒ~ʃ | X9: ɡ | Y9: d̠͡ʒ | Z9: ɟ | AA9: d̠͡ʒ | AC9: j | AE9: j | AF9: z̠~ð | AG9: d͡z̪ | AH9: d̠͡ʒ
A10: IPA key | B10: 20 | C10: 57 | D10: 57 | E10: 56 | F10: 56 | G10: 39 | H10: 39 | I10: 39 | J10: 34 | K10: 57 | L10: 35 | M10: 57 | N10: 194 | O10: 57 | P10: 57 | Q10: 57 | R10: 35 | S10: 107 | T10: 111 | U10: 108 | X10: 20 | Y10: 35 | Z10: 18 | AA10: 35 | AC10: 98 | AE10: 98 | AF10: 109 | AG10: 27 | AH10: 35
A11: Consonantal +/− | B11: + | C11: + | D11: + | E11: + | F11: + | G11: + | H11: + | I11: + | J11: + | K11: + | L11: + | M11: + | N11: + | O11: + | P11: + | Q11: + | R11: + | S11: + | T11: + | U11: + | X11: + | Y11: + | Z11: + | AA11: + | AC11: + | AE11: + | AF11: + | AG11: + | AH11: +
A12: Voice +/− | B12: + | C12: + | D12: + | E12: − | F12: − | G12: + | H12: + | I12: + | J12: − | K12: + | L12: + | M12: + | N12: + | O12: + | P12: + | Q12: + | R12: + | S12: + | T12: + | U12: + | X12: + | Y12: + | Z12: + | AA12: + | AC12: + | AE12: + | AF12: − | AG12: + | AH12: +
A13: Sibilant +/− | B13: − | C13: + | D13: + | E13: + | F13: + | G13: − | H13: − | I13: − | J13: + | K13: + | L13: + | M13: + | N13: + | O13: + | P13: + | Q13: + | R13: + | S13: +/− | T13: + | U13: + | X13: − | Y13: + | Z13: − | AA13: + | AC13: − | AE13: − | AF13: +/− | AG13: + | AH13: +
A14: Lateral +/− | B14: − | C14: − | D14: − | E14: − | F14: − | G14: − | H14: − | I14: − | J14: − | K14: − | L14: − | M14: − | N14: − | O14: − | P14: − | Q14: − | R14: − | S14: − | T14: − | U14: − | X14: − | Y14: − | Z14: − | AA14: − | AC14: − | AE14: − | AF14: − | AG14: − | AH14: −
A15: Place of articulation | B15: K | C15: Ɉ | D15: Ɉ | E15: Ɉ | F15: Ɉ | G15: Ɉ | H15: Ɉ | I15: Ɉ | J15: Ɉ | K15: Ɉ | L15: Ɉ | M15: Ɉ | N15: Ɉ (D) | O15: Ɉ | P15: Ɉ | Q15: Ɉ | R15: Ɉ | S15: D | T15: D | U15: Ɉ~D | X15: K | Y15: Ɉ | Z15: Ɉ | AA15: Ɉ | AC15: Ɉ | AE15: Ɉ | AF15: D | AG15: D | AH15: Ɉ
A16: Place value | B16: -3 | C16: -0.5 | D16: -0.5 | E16: -0.5 | F16: -0.5 | G16: -2 | H16: -2 | I16: -2 | J16: -0.5 | K16: -0.5 | L16: -0.5 | M16: -0.5 | N16: =AVERAGE(-0.5,-0.5,0.5) -> -0.16666667 | O16: -0.5 | P16: -0.5 | Q16: -0.5 | R16: -0.5 | S16: =AVERAGE(1,2) -> 1.5 | T16: 1 | U16: =AVERAGE(-0.5,1) -> 0.25 | X16: -3 | Y16: -0.5 | Z16: -2 | AA16: -0.5 | AC16: -2 | AE16: -2 | AF16: =AVERAGE(0.5,2) -> 1.25 | AG16: =4/3 -> 1.3333333 | AH16: -0.5
A17: Manner of articulation | B17: P | C17: F | D17: F | E17: F | F17: F | G17: P͡F | H17: P͡F | I17: P͡F | J17: P͡F | K17: F | L17: P͡F | M17: F | N17: P͡F | O17: F | P17: F | Q17: F | R17: P͡F | S17: P͡F~F | T17: F (P͡F) | U17: P͡F~F | X17: P | Y17: P͡F | Z17: P | AA17: P͡F | AC17: W | AE17: W | AF17: F | AG17: P͡F | AH17: P͡F
A18: Sonority value | B18: 4 | C18: 2 | D18: 2 | E18: 2 | F18: 2 | G18: 3 | H18: 3 | I18: 3 | J18: 3 | K18: 2 | L18: 3 | M18: 2 | N18: 3 | O18: 2 | P18: 2 | Q18: 2 | R18: 3 | S18: =AVERAGE(3,2) -> 2.5 | T18: =AVERAGE(2,2,3) -> 2.3333333 | U18: =AVERAGE(3,2) -> 2.5 | X18: 4 | Y18: 3 | Z18: 4 | AA18: 3 | AC18: =1/3 -> 0.33333333 | AE18: =1/3 -> 0.33333333 | AF18: 2 | AG18: 3 | AH18: 3
A20: Overview of common sound changes
A21: ɡ / ? / ˈ#_E | B21: typically palatalized to /(d̠͡)ʒ/
B22: /ɟ͡ʝ/ in ESP

Sheet 012 G-
A1: A - Consonantism | D1: 1. Initial Position | I1: 1.1 Simple consonants
A3: Number | B3: 12 | F3: Latin Reference Words
A4: Treatment | B4: G- | F4: GĔLĀRE, GENŬCŬLU, GENĔSTA, GĬNGĪVA
A5: Environment | B5: #_E.ˈ
A7: Languages | B7: LAT | C7: EU POR | D7: BR POR | E7: GAL | F7: ASL | G7: CAS ESP | H7: AND ESP | I7: AMR ESP | J7: ARG | K7: CAT | L7: VAL | M7: BAL | N7: OCC | O7: GAS OCC | P7: EU FRA | Q7: QBC FRA | R7: WAL | S7: ARP | T7: LIG | U7: LMO | V7: RMH | W7: FUR | X7: LOG SRD | Y7: CPN SRD | Z7: COR | AA7: ITA | AB7: ABR | AC7: CAM | AD7: PGL | AE7: SCN | AF7: VEN | AG7: ARO | AH7: ROM
A8: Grapheme | B8: G | C8: g | D8: g | E8: x | F8: x | G8: h/∅ | H8: h/∅ | I8: h/∅ | J8: ch | K8: g | L8: g | M8: g | N8: g | O8: g | P8: g | Q8: g | R8: dj | S8: g | T8: z | U8: sg | V8: sch | W8: z | X8: g | Y8: g | Z8: ghj | AA8: g | AC8: j | AE8: j | AF8: z/dh | AG8: dz | AH8: g
A9: IPA | B9: ɡ | C9: ʒ | D9: ʒ | E9: ʃ | F9: ʃ | G9: ∅ | H9: ∅ | I9: ∅ | J9: t̠͡ʃ | K9: ʒ | L9: d̠͡ʒ | M9: ʒ | N9: ̠d̠͡ʒ (d͡z̠) | O9: ʒ | P9: ʒ | Q9: ʒ | R9: d̠͡ʒ | S9: d͡z~ð | T9: z (d͡z) | U9: d̠͡ʒ~z | X9: ɡ | Y9: d̠͡ʒ | Z9: ɟ | AA9: d̠͡ʒ | AC9: j | AE9: j | AF9: z̠~ð | AG9: d͡z̪ | AH9: d̠͡ʒ
A10: IPA key | B10: 20 | C10: 57 | D10: 57 | E10: 56 | F10: 56 | J10: 34 | K10: 57 | L10: 35 | M10: 57 | N10: 194 | O10: 57 | P10: 57 | Q10: 57 | R10: 35 | S10: 107 | T10: 111 | U10: 108 | X10: 20 | Y10: 35 | Z10: 18 | AA10: 35 | AC10: 98 | AE10: 98 | AF10: 109 | AG10: 27 | AH10: 35
A11: Consonantal +/− | B11: + | C11: + | D11: + | E11: + | F11: + | G11: − | H11: − | I11: − | J11: + | K11: + | L11: + | M11: + | N11: + | O11: + | P11: + | Q11: + | R11: + | S11: + | T11: + | U11: + | X11: + | Y11: + | Z11: + | AA11: + | AC11: + | AE11: + | AF11: + | AG11: + | AH11: +
A12: Voice +/− | B12: + | C12: + | D12: + | E12: − | F12: − | G12: − | H12: − | I12: − | J12: − | K12: + | L12: + | M12: + | N12: + | O12: + | P12: + | Q12: + | R12: + | S12: + | T12: + | U12: + | X12: + | Y12: + | Z12: + | AA12: + | AC12: + | AE12: + | AF12: − | AG12: + | AH12: +
A13: Sibilant +/− | B13: − | C13: + | D13: + | E13: + | F13: + | G13: − | H13: − | I13: − | J13: + | K13: + | L13: + | M13: + | N13: + | O13: + | P13: + | Q13: + | R13: + | S13: +/− | T13: + | U13: + | X13: − | Y13: + | Z13: − | AA13: + | AC13: − | AE13: − | AF13: +/− | AG13: + | AH13: +
A14: Lateral +/− | B14: − | C14: − | D14: − | E14: − | F14: − | G14: − | H14: − | I14: − | J14: − | K14: − | L14: − | M14: − | N14: − | O14: − | P14: − | Q14: − | R14: − | S14: − | T14: − | U14: − | X14: − | Y14: − | Z14: − | AA14: − | AC14: − | AE14: − | AF14: − | AG14: − | AH14: −
A15: Place of articulation | B15: K | C15: Ɉ | D15: Ɉ | E15: Ɉ | F15: Ɉ | G15: Ɉ | H15: Ɉ | I15: Ɉ | J15: Ɉ | K15: Ɉ | L15: Ɉ | M15: Ɉ | N15: Ɉ (D) | O15: Ɉ | P15: Ɉ | Q15: Ɉ | R15: Ɉ | S15: D | T15: D | U15: Ɉ~D | X15: K | Y15: Ɉ | Z15: Ɉ | AA15: Ɉ | AC15: Ɉ | AE15: Ɉ | AF15: D | AG15: D | AH15: Ɉ
A16: Place value | B16: -3 | C16: -0.5 | D16: -0.5 | E16: -0.5 | F16: -0.5 | G16: -0.5 | H16: -0.5 | I16: -0.5 | J16: -0.5 | K16: -0.5 | L16: -0.5 | M16: -0.5 | N16: =AVERAGE(-0.5,-0.5,0.5) -> -0.16666667 | O16: -0.5 | P16: -0.5 | Q16: -0.5 | R16: -0.5 | S16: =AVERAGE(1,2) -> 1.5 | T16: 1 | U16: =AVERAGE(-0.5,1) -> 0.25 | X16: -3 | Y16: -0.5 | Z16: -2 | AA16: -0.5 | AC16: -2 | AE16: -2 | AF16: =AVERAGE(0.5,2) -> 1.25 | AG16: =4/3 -> 1.3333333 | AH16: -0.5
A17: Manner of articulation | B17: P | C17: F | D17: F | E17: F | F17: F | G17: ∅ | H17: ∅ | I17: ∅ | J17: P͡F | K17: F | L17: P͡F | M17: F | N17: P͡F | O17: F | P17: F | Q17: F | R17: P͡F | S17: P͡F~F | T17: F (P͡F) | U17: P͡F~F | X17: P | Y17: P͡F | Z17: P | AA17: P͡F | AC17: W | AE17: W | AF17: F | AG17: P͡F | AH17: P͡F
A18: Sonority value | B18: 4 | C18: 2 | D18: 2 | E18: 2 | F18: 2 | G18: 0 | H18: 0 | I18: 0 | J18: 3 | K18: 2 | L18: 3 | M18: 2 | N18: 3 | O18: 2 | P18: 2 | Q18: 2 | R18: 3 | S18: =AVERAGE(3,2) -> 2.5 | T18: =AVERAGE(2,2,3) -> 2.3333333 | U18: =AVERAGE(3,2) -> 2.5 | X18: 4 | Y18: 3 | Z18: 4 | AA18: 3 | AC18: =1/3 -> 0.33333333 | AE18: =1/3 -> 0.33333333 | AF18: 2 | AG18: 3 | AH18: 3
A20: Overview of common sound changes
A21: g / ? / #_E.ˈ | B21: typically palatalized to /(d̠͡)ʒ/
B22: ∅ in ESP

Sheet 013 G-
A1: A - Consonantism | D1: 1. Initial Position | I1: 1.1 Simple consonants
A3: Number | B3: 13 | F3: Latin Reference Words
A4: Treatment | B4: G- | F4: GĂLLU, GĂLLĪNA, GĂLBĬNU, GĂUDĬU, GĂLLA
A5: Environment | B5: #_a
A7: Languages | B7: LAT | C7: EU POR | D7: BR POR | E7: GAL | F7: ASL | G7: CAS ESP | H7: AND ESP | I7: AMR ESP | J7: ARG | K7: CAT | L7: VAL | M7: BAL | N7: OCC | O7: GAS OCC | P7: EU FRA | Q7: QBC FRA | R7: WAL | S7: ARP | T7: LIG | U7: LMO | V7: RMH | W7: FUR | X7: LOG SRD | Y7: CPN SRD | Z7: COR | AA7: ITA | AB7: ABR | AC7: CAM | AD7: PGL | AE7: SCN | AF7: VEN | AG7: ARO | AH7: ROM
A8: Grapheme | B8: G | C8: g | D8: g | E8: g (gh) | F8: g | G8: g | H8: g | I8: g | J8: g | K8: g | L8: g | M8: g | N8: g (j) | O8: g | P8: j/g | Q8: j/g | R8: dj | S8: j | T8: g | U8: g | V8: gi | W8: gj | X8: g | Y8: g | Z8: g | AA8: g | AC8: g | AE8: g/j | AF8: g | AG8: g | AH8: g
A9: IPA | B9: ɡ | C9: ɡ | D9: ɡ | E9: ɡ (ħ) | F9: ɡ | G9: ɡ | H9: ɡ | I9: ɡ | J9: ɡ | K9: ɡ | L9: ɡ | M9: ɡ | N9: ɡ (d͡z) | O9: ɡ | P9: ʒ | Q9: ʒ | R9: d̠͡ʒ | S9: d͡z~ð | T9: ɡ | U9: ɡ | V9: ɟ~d̠͡ʒ | W9: ɟ~d̠͡ʒ | X9: ɡ | Y9: ɡ | Z9: ɡ | AA9: ɡ | AC9: ɡ | AE9: ɡ~j | AF9: ɡ | AG9: ɡ | AH9: ɡ
A10: IPA key | B10: 20 | C10: 20 | D10: 20 | E10: 176 | F10: 20 | G10: 20 | H10: 20 | I10: 20 | J10: 20 | K10: 20 | L10: 20 | M10: 20 | N10: 110 | O10: 20 | P10: 57 | Q10: 57 | R10: 35 | S10: 107 | T10: 20 | U10: 20 | V10: 153 | W10: 153 | X10: 20 | Y10: 20 | Z10: 20 | AA10: 20 | AC10: 20 | AE10: 112 | AF10: 20 | AG10: 20 | AH10: 20
A11: Consonantal +/− | B11: + | C11: + | D11: + | E11: + | F11: + | G11: + | H11: + | I11: + | J11: + | K11: + | L11: + | M11: + | N11: + | O11: + | P11: + | Q11: + | R11: + | S11: + | T11: + | U11: + | V11: + | W11: + | X11: + | Y11: + | Z11: + | AA11: + | AC11: + | AE11: + | AF11: + | AG11: + | AH11: +
A12: Voice +/− | B12: + | C12: + | D12: + | E12: + (−) | F12: + | G12: + | H12: + | I12: + | J12: + | K12: + | L12: + | M12: + | N12: + | O12: + | P12: + | Q12: + | R12: + | S12: + | T12: + | U12: + | V12: + | W12: + | X12: + | Y12: + | Z12: + | AA12: + | AC12: + | AE12: + | AF12: + | AG12: + | AH12: +
A13: Sibilant +/− | B13: − | C13: − | D13: − | E13: − | F13: − | G13: − | H13: − | I13: − | J13: − | K13: − | L13: − | M13: − | N13: −/+ | O13: − | P13: + | Q13: + | R13: + | S13: +/− | T13: − | U13: − | V13: −/+ | W13: −/+ | X13: − | Y13: − | Z13: − | AA13: − | AC13: − | AE13: − | AF13: − | AG13: − | AH13: −
A14: Lateral +/− | B14: − | C14: − | D14: − | E14: − | F14: − | G14: − | H14: − | I14: − | J14: − | K14: − | L14: − | M14: − | N14: − | O14: − | P14: − | Q14: − | R14: − | S14: − | T14: − | U14: − | V14: − | W14: − | X14: − | Y14: − | Z14: − | AA14: − | AC14: − | AE14: − | AF14: − | AG14: − | AH14: −
A15: Place of articulation | B15: K | C15: K | D15: K | E15: K (H) | F15: K | G15: K | H15: K | I15: K | J15: K | K15: K | L15: K | M15: K | N15: K (Ɉ) | O15: K | P15: Ɉ | Q15: Ɉ | R15: Ɉ | S15: D | T15: K | U15: K | V15: Ɉ | W15: Ɉ | X15: K | Y15: K | Z15: K | AA15: K | AC15: K | AE15: K~Ɉ | AF15: K | AG15: K | AH15: K
A16: Place value | B16: -3 | C16: -3 | D16: -3 | E16: =AVERAGE(-3,-3,-5) -> -3.6666667 | F16: -3 | G16: -3 | H16: -3 | I16: -3 | J16: -3 | K16: -3 | L16: -3 | M16: -3 | N16: =AVERAGE(3,3,1) -> 2.3333333 | O16: -3 | P16: -0.5 | Q16: -0.5 | R16: -0.5 | S16: =AVERAGE(1,2) -> 1.5 | T16: -3 | U16: -3 | V16: =AVERAGE(-2,-0.5) -> -1.25 | W16: =AVERAGE(-2,-0.5) -> -1.25 | X16: -3 | Y16: -3 | Z16: -3 | AA16: -3 | AC16: -3 | AE16: =AVERAGE(-3,-2) -> -2.5 | AF16: -3 | AG16: -3 | AH16: -3
A17: Manner of articulation | B17: P | C17: P | D17: P | E17: P (F) | F17: P | G17: P | H17: P | I17: P | J17: P | K17: P | L17: P | M17: P | N17: P (P͡F) | O17: P | P17: F | Q17: F | R17: P͡F | S17: P͡F~F | T17: P | U17: P | V17: P~P͡F | W17: P~P͡F | X17: P | Y17: P | Z17: P | AA17: P | AC17: P | AE17: P~W | AF17: P | AG17: P | AH17: P
A18: Sonority value | B18: 4 | C18: 4 | D18: 4 | E18: =AVERAGE(4,4,2) -> 3.3333333 | F18: 4 | G18: 4 | H18: 4 | I18: 4 | J18: 4 | K18: 4 | L18: 4 | M18: 4 | N18: =AVERAGE(4,4,3) -> 3.6666667 | O18: 4 | P18: 2 | Q18: 2 | R18: 3 | S18: =AVERAGE(3,2) -> 2.5 | T18: 4 | U18: 4 | V18: =AVERAGE(4,3) -> 3.5 | W18: =AVERAGE(4,3) -> 3.5 | X18: 4 | Y18: 4 | Z18: 4 | AA18: 4 | AC18: 4 | AE18: =AVERAGE(4,1/3) -> 2.1666667 | AF18: 4 | AG18: 4 | AH18: 4
A20: Overview of common sound changes
A21: ɡ / ? / #_a | B21: typically /ɡ/
B22: palatalized to /(d̠͡)ʒ/ in Gallo-Romance

Sheet 014 G-
A1: A - Consonantism | D1: 1. Initial Position | I1: 1.1 Simple consonants
A3: Number | B3: 14 | F3: Latin Reference Words
A4: Treatment | B4: G- | F4: GŬBĔRNĀRE, GŬLA, GŬRGU, GŬSTĀRE, GŬTTA
A5: Environment | B5: #_O
A7: Languages | B7: LAT | C7: EU POR | D7: BR POR | E7: GAL | F7: ASL | G7: CAS ESP | H7: AND ESP | I7: AMR ESP | J7: ARG | K7: CAT | L7: VAL | M7: BAL | N7: OCC | O7: GAS OCC | P7: EU FRA | Q7: QBC FRA | R7: WAL | S7: ARP | T7: LIG | U7: LMO | V7: RMH | W7: FUR | X7: LOG SRD | Y7: CPN SRD | Z7: COR | AA7: ITA | AB7: ABR | AC7: CAM | AD7: PGL | AE7: SCN | AF7: VEN | AG7: ARO | AH7: ROM
A8: Grapheme | B8: G | C8: g | D8: g | E8: g (gh) | F8: g | G8: g | H8: g | I8: g | J8: g | K8: g | L8: g | M8: g | N8: g | O8: g | P8: g | Q8: g | R8: g | S8: g | T8: g | U8: g | V8: g | W8: g | X8: g | Y8: g | Z8: g | AA8: g | AC8: g | AE8: g/j | AF8: g | AG8: g | AH8: g
A9: IPA | B9: ɡ | C9: ɡ | D9: ɡ | E9: ɡ (ħ) | F9: ɡ | G9: ɡ | H9: ɡ | I9: ɡ | J9: ɡ | K9: ɡ | L9: ɡ | M9: ɡ | N9: ɡ | O9: ɡ | P9: ɡ | Q9: ɡ | R9: ɡ | S9: ɡ | T9: ɡ | U9: ɡ | V9: ɡ | W9: ɡ | X9: ɡ | Y9: ɡ | Z9: ɡ | AA9: ɡ | AC9: ɡ | AE9: ɡ~j | AF9: ɡ | AG9: ɡ | AH9: ɡ
A10: IPA key | B10: 20 | C10: 20 | D10: 20 | E10: 176 | F10: 20 | G10: 20 | H10: 20 | I10: 20 | J10: 20 | K10: 20 | L10: 20 | M10: 20 | N10: 20 | O10: 20 | P10: 20 | Q10: 20 | R10: 20 | S10: 20 | T10: 20 | U10: 20 | V10: 20 | W10: 20 | X10: 20 | Y10: 20 | Z10: 20 | AA10: 20 | AC10: 20 | AE10: 112 | AF10: 20 | AG10: 20 | AH10: 20
A11: Consonantal +/− | B11: + | C11: + | D11: + | E11: + | F11: + | G11: + | H11: + | I11: + | J11: + | K11: + | L11: + | M11: + | N11: + | O11: + | P11: + | Q11: + | R11: + | S11: + | T11: + | U11: + | V11: + | W11: + | X11: + | Y11: + | Z11: + | AA11: + | AC11: + | AE11: + | AF11: + | AG11: + | AH11: +
A12: Voice +/− | B12: + | C12: + | D12: + | E12: + (−) | F12: + | G12: + | H12: + | I12: + | J12: + | K12: + | L12: + | M12: + | N12: + | O12: + | P12: + | Q12: + | R12: + | S12: + | T12: + | U12: + | V12: + | W12: + | X12: + | Y12: + | Z12: + | AA12: + | AC12: + | AE12: + | AF12: + | AG12: + | AH12: +
A13: Sibilant +/− | B13: − | C13: − | D13: − | E13: − | F13: − | G13: − | H13: − | I13: − | J13: − | K13: − | L13: − | M13: − | N13: − | O13: − | P13: − | Q13: − | R13: − | S13: − | T13: − | U13: − | V13: − | W13: − | X13: − | Y13: − | Z13: − | AA13: − | AC13: − | AE13: − | AF13: − | AG13: − | AH13: −
A14: Lateral +/− | B14: − | C14: − | D14: − | E14: − | F14: − | G14: − | H14: − | I14: − | J14: − | K14: − | L14: − | M14: − | N14: − | O14: − | P14: − | Q14: − | R14: − | S14: − | T14: − | U14: − | V14: − | W14: − | X14: − | Y14: − | Z14: − | AA14: − | AC14: − | AE14: − | AF14: − | AG14: − | AH14: −
A15: Place of articulation | B15: K | C15: K | D15: K | E15: K (H) | F15: K | G15: K | H15: K | I15: K | J15: K | K15: K | L15: K | M15: K | N15: K | O15: K | P15: K | Q15: K | R15: K | S15: K | T15: K | U15: K | V15: K | W15: K | X15: K | Y15: K | Z15: K | AA15: K | AC15: K | AE15: K~Ɉ | AF15: K | AG15: K | AH15: K
A16: Place value | B16: -3 | C16: -3 | D16: -3 | E16: =AVERAGE(-3,-3,-5) -> -3.6666667 | F16: -3 | G16: -3 | H16: -3 | I16: -3 | J16: -3 | K16: -3 | L16: -3 | M16: -3 | N16: -3 | O16: -3 | P16: -3 | Q16: -3 | R16: -3 | S16: -3 | T16: -3 | U16: -3 | V16: -3 | W16: -3 | X16: -3 | Y16: -3 | Z16: -3 | AA16: -3 | AC16: -3 | AE16: =AVERAGE(-3,-2) -> -2.5 | AF16: -3 | AG16: -3 | AH16: -3
A17: Manner of articulation | B17: P | C17: P | D17: P | E17: P (F) | F17: P | G17: P | H17: P | I17: P | J17: P | K17: P | L17: P | M17: P | N17: P | O17: P | P17: P | Q17: P | R17: P | S17: P | T17: P | U17: P | V17: P | W17: P | X17: P | Y17: P | Z17: P | AA17: P | AC17: P | AE17: P~W | AF17: P | AG17: P | AH17: P
A18: Sonority value | B18: 4 | C18: 4 | D18: 4 | E18: =AVERAGE(4,4,2) -> 3.3333333 | F18: 4 | G18: 4 | H18: 4 | I18: 4 | J18: 4 | K18: 4 | L18: 4 | M18: 4 | N18: 4 | O18: 4 | P18: 4 | Q18: 4 | R18: 4 | S18: 4 | T18: 4 | U18: 4 | V18: 4 | W18: 4 | X18: 4 | Y18: 4 | Z18: 4 | AA18: 4 | AC18: 4 | AE18: =AVERAGE(4,1/3) -> 2.1666667 | AF18: 4 | AG18: 4 | AH18: 4
A20: Overview of common sound changes
A21: ɡ // #_O | B21: typically /ɡ/

Sheet 015 N-
A1: A - Consonantism | D1: 1. Initial Position | I1: 1.1 Simple consonants
A3: Number | B3: 15 | F3: Latin Reference Words
A4: Treatment | B4: N- | F4: NĬVE/NĔVE, NEPŌTE
A5: Environment | B5: #_E
A7: Languages | B7: LAT | C7: EU POR | D7: BR POR | E7: GAL | F7: ASL | G7: CAS ESP | H7: AND ESP | I7: AMR ESP | J7: ARG | K7: CAT | L7: VAL | M7: BAL | N7: OCC | O7: GAS OCC | P7: EU FRA | Q7: QBC FRA | R7: WAL | S7: ARP | T7: LIG | U7: LMO | V7: RMH | W7: FUR | X7: LOG SRD | Y7: CPN SRD | Z7: COR | AA7: ITA | AB7: ABR | AC7: CAM | AD7: PGL | AE7: SCN | AF7: VEN | AG7: ARO | AH7: ROM
A8: Grapheme | B8: N | C8: n | D8: n | E8: n | F8: n/ñ | G8: n | H8: n | I8: n | J8: n | K8: n | L8: n | M8: n | N8: n | O8: n | P8: n | Q8: n | R8: n | S8: n | T8: n | U8: n | V8: n | W8: n | X8: n | Y8: n | Z8: n | AA8: n | AB8: n | AC8: n | AD8: n | AE8: n | AF8: n | AG8: n | AH8: n
A9: IPA | B9: n | C9: n | D9: n | E9: n | F9: n~ɲ | G9: n | H9: n | I9: n | J9: n | K9: n | L9: n | M9: n | N9: n | O9: n | P9: n̪ | Q9: n̪ | R9: n̪ | S9: n | T9: n | U9: n | V9: n | W9: n | X9: n | Y9: n | Z9: n | AA9: n | AB9: n | AC9: n | AD9: n | AE9: n | AF9: n | AG9: n̪ | AH9: n̪
A10: IPA key | B10: 73 | C10: 73 | D10: 73 | E10: 73 | F10: 113 | G10: 73 | H10: 73 | I10: 73 | J10: 73 | K10: 73 | L10: 73 | M10: 73 | N10: 73 | O10: 73 | P10: 72 | Q10: 72 | R10: 72 | S10: 73 | T10: 73 | U10: 73 | V10: 73 | W10: 73 | X10: 73 | Y10: 73 | Z10: 73 | AA10: 73 | AB10: 73 | AC10: 73 | AD10: 73 | AE10: 73 | AF10: 73 | AG10: 72 | AH10: 72
A11: Consonantal +/− | B11: + | C11: + | D11: + | E11: + | F11: + | G11: + | H11: + | I11: + | J11: + | K11: + | L11: + | M11: + | N11: + | O11: + | P11: + | Q11: + | R11: + | S11: + | T11: + | U11: + | V11: + | W11: + | X11: + | Y11: + | Z11: + | AA11: + | AB11: + | AC11: + | AD11: + | AE11: + | AF11: + | AG11: + | AH11: +
A12: Voice +/− | B12: + | C12: + | D12: + | E12: + | F12: + | G12: + | H12: + | I12: + | J12: + | K12: + | L12: + | M12: + | N12: + | O12: + | P12: + | Q12: + | R12: + | S12: + | T12: + | U12: + | V12: + | W12: + | X12: + | Y12: + | Z12: + | AA12: + | AB12: + | AC12: + | AD12: + | AE12: + | AF12: + | AG12: + | AH12: +
A13: Sibilant +/− | B13: − | C13: − | D13: − | E13: − | F13: − | G13: − | H13: − | I13: − | J13: − | K13: − | L13: − | M13: − | N13: − | O13: − | P13: − | Q13: − | R13: − | S13: − | T13: − | U13: − | V13: − | W13: − | X13: − | Y13: − | Z13: − | AA13: − | AB13: − | AC13: − | AD13: − | AE13: − | AF13: − | AG13: − | AH13: −
A14: Lateral +/− | B14: − | C14: − | D14: − | E14: − | F14: − | G14: − | H14: − | I14: − | J14: − | K14: − | L14: − | M14: − | N14: − | O14: − | P14: − | Q14: − | R14: − | S14: − | T14: − | U14: − | V14: − | W14: − | X14: − | Y14: − | Z14: − | AA14: − | AB14: − | AC14: − | AD14: − | AE14: − | AF14: − | AG14: − | AH14: −
A15: Place of articulation | B15: D | C15: D | D15: D | E15: D | F15: D~Ɉ | G15: D | H15: D | I15: D | J15: D | K15: D | L15: D | M15: D | N15: D | O15: D | P15: D | Q15: D | R15: D | S15: D | T15: D | U15: D | V15: D | W15: D | X15: D | Y15: D | Z15: D | AA15: D | AB15: D | AC15: D | AD15: D | AE15: D | AF15: D | AG15: D | AH15: D
A16: Place value | B16: 0.75 | C16: 0.75 | D16: 0.75 | E16: 0.75 | F16: =AVERAGE(0.75,-2) -> -0.625 | G16: 0.75 | H16: 0.75 | I16: 0.75 | J16: 0.75 | K16: 0.75 | L16: 0.75 | M16: 0.75 | N16: 0.75 | O16: 0.75 | P16: 1.67 | Q16: 1.67 | R16: 1.67 | S16: 0.75 | T16: 0.75 | U16: 0.75 | V16: 0.75 | W16: 0.75 | X16: 0.75 | Y16: 0.75 | Z16: 0.75 | AA16: 0.75 | AB16: 0.75 | AC16: 0.75 | AD16: 0.75 | AE16: 0.75 | AF16: 0.75 | AG16: 1.67 | AH16: 1.67
A17: Manner of articulation | B17: N | C17: N | D17: N | E17: N | F17: N | G17: N | H17: N | I17: N | J17: N | K17: N | L17: N | M17: N | N17: N | O17: N | P17: N | Q17: N | R17: N | S17: N | T17: N | U17: N | V17: N | W17: N | X17: N | Y17: N | Z17: N | AA17: N | AB17: N | AC17: N | AD17: N | AE17: N | AF17: N | AG17: N | AH17: N
A18: Sonority value | B18: 1.5 | C18: 1.5 | D18: 1.5 | E18: 1.5 | F18: 1.5 | G18: 1.5 | H18: 1.5 | I18: 1.5 | J18: 1.5 | K18: 1.5 | L18: 1.5 | M18: 1.5 | N18: 1.5 | O18: 1.5 | P18: 1.5 | Q18: 1.5 | R18: 1.5 | S18: 1.5 | T18: 1.5 | U18: 1.5 | V18: 1.5 | W18: 1.5 | X18: 1.5 | Y18: 1.5 | Z18: 1.5 | AA18: 1.5 | AB18: 1.5 | AC18: 1.5 | AD18: 1.5 | AE18: 1.5 | AF18: 1.5 | AG18: 1.5 | AH18: 1.5
A20: Overview of common sound changes
A21: n // #_E | B21: typically /n/

Sheet 016 N-
A1: A - Consonantism | D1: 1. Initial Position | I1: 1.1 Simple consonants
A3: Number | B3: 16 | F3: Latin Reference Words
A4: Treatment | B4: N- | F4: NŬRA/NŎRA, NŌMEN/NŌMĬNE, NĀSU, NATĀRE
A5: Environment | B5: #_{a,O}
A7: Languages | B7: LAT | C7: EU POR | D7: BR POR | E7: GAL | F7: ASL | G7: CAS ESP | H7: AND ESP | I7: AMR ESP | J7: ARG | K7: CAT | L7: VAL | M7: BAL | N7: OCC | O7: GAS OCC | P7: EU FRA | Q7: QBC FRA | R7: WAL | S7: ARP | T7: LIG | U7: LMO | V7: RMH | W7: FUR | X7: LOG SRD | Y7: CPN SRD | Z7: COR | AA7: ITA | AB7: ABR | AC7: CAM | AD7: PGL | AE7: SCN | AF7: VEN | AG7: ARO | AH7: ROM
A8: Grapheme | B8: N | C8: n | D8: n | E8: n | F8: n/ñ | G8: n | H8: n | I8: n | J8: n | K8: n | L8: n | M8: n | N8: n | O8: n | P8: n | Q8: n | R8: n | S8: n | T8: n | U8: n | V8: n | W8: n | X8: n | Y8: n | Z8: n | AA8: n | AB8: n | AC8: n | AD8: n | AE8: n | AF8: n | AG8: n | AH8: n
A9: IPA | B9: n | C9: n | D9: n | E9: n | F9: n~ɲ | G9: n | H9: n | I9: n | J9: n | K9: n | L9: n | M9: n | N9: n | O9: n | P9: n̪ | Q9: n̪ | R9: n̪ | S9: n | T9: n | U9: n | V9: n | W9: n | X9: n | Y9: n | Z9: n | AA9: n | AB9: n | AC9: n | AD9: n | AE9: n | AF9: n | AG9: n̪ | AH9: n̪
A10: IPA key | B10: 73 | C10: 73 | D10: 73 | E10: 73 | F10: 113 | G10: 73 | H10: 73 | I10: 73 | J10: 73 | K10: 73 | L10: 73 | M10: 73 | N10: 73 | O10: 73 | P10: 72 | Q10: 72 | R10: 72 | S10: 73 | T10: 73 | U10: 73 | V10: 73 | W10: 73 | X10: 73 | Y10: 73 | Z10: 73 | AA10: 73 | AB10: 73 | AC10: 73 | AD10: 73 | AE10: 73 | AF10: 73 | AG10: 72 | AH10: 72
A11: Consonantal +/− | B11: + | C11: + | D11: + | E11: + | F11: + | G11: + | H11: + | I11: + | J11: + | K11: + | L11: + | M11: + | N11: + | O11: + | P11: + | Q11: + | R11: + | S11: + | T11: + | U11: + | V11: + | W11: + | X11: + | Y11: + | Z11: + | AA11: + | AB11: + | AC11: + | AD11: + | AE11: + | AF11: + | AG11: + | AH11: +
A12: Voice +/− | B12: + | C12: + | D12: + | E12: + | F12: + | G12: + | H12: + | I12: + | J12: + | K12: + | L12: + | M12: + | N12: + | O12: + | P12: + | Q12: + | R12: + | S12: + | T12: + | U12: + | V12: + | W12: + | X12: + | Y12: + | Z12: + | AA12: + | AB12: + | AC12: + | AD12: + | AE12: + | AF12: + | AG12: + | AH12: +
A13: Sibilant +/− | B13: − | C13: − | D13: − | E13: − | F13: − | G13: − | H13: − | I13: − | J13: − | K13: − | L13: − | M13: − | N13: − | O13: − | P13: − | Q13: − | R13: − | S13: − | T13: − | U13: − | V13: − | W13: − | X13: − | Y13: − | Z13: − | AA13: − | AB13: − | AC13: − | AD13: − | AE13: − | AF13: − | AG13: − | AH13: −
A14: Lateral +/− | B14: − | C14: − | D14: − | E14: − | F14: − | G14: − | H14: − | I14: − | J14: − | K14: − | L14: − | M14: − | N14: − | O14: − | P14: − | Q14: − | R14: − | S14: − | T14: − | U14: − | V14: − | W14: − | X14: − | Y14: − | Z14: − | AA14: − | AB14: − | AC14: − | AD14: − | AE14: − | AF14: − | AG14: − | AH14: −
A15: Place of articulation | B15: D | C15: D | D15: D | E15: D | F15: D~Ɉ | G15: D | H15: D | I15: D | J15: D | K15: D | L15: D | M15: D | N15: D | O15: D | P15: D | Q15: D | R15: D | S15: D | T15: D | U15: D | V15: D | W15: D | X15: D | Y15: D | Z15: D | AA15: D | AB15: D | AC15: D | AD15: D | AE15: D | AF15: D | AG15: D | AH15: D
A16: Place value | B16: 0.75 | C16: 0.75 | D16: 0.75 | E16: 0.75 | F16: =AVERAGE(0.75,-2) -> -0.625 | G16: 0.75 | H16: 0.75 | I16: 0.75 | J16: 0.75 | K16: 0.75 | L16: 0.75 | M16: 0.75 | N16: 0.75 | O16: 0.75 | P16: 1.67 | Q16: 1.67 | R16: 1.67 | S16: 0.75 | T16: 0.75 | U16: 0.75 | V16: 0.75 | W16: 0.75 | X16: 0.75 | Y16: 0.75 | Z16: 0.75 | AA16: 0.75 | AB16: 0.75 | AC16: 0.75 | AD16: 0.75 | AE16: 0.75 | AF16: 0.75 | AG16: 1.67 | AH16: 1.67
A17: Manner of articulation | B17: N | C17: N | D17: N | E17: N | F17: N | G17: N | H17: N | I17: N | J17: N | K17: N | L17: N | M17: N | N17: N | O17: N | P17: N | Q17: N | R17: N | S17: N | T17: N | U17: N | V17: N | W17: N | X17: N | Y17: N | Z17: N | AA17: N | AB17: N | AC17: N | AD17: N | AE17: N | AF17: N | AG17: N | AH17: N
A18: Sonority value | B18: 1.5 | C18: 1.5 | D18: 1.5 | E18: 1.5 | F18: 1.5 | G18: 1.5 | H18: 1.5 | I18: 1.5 | J18: 1.5 | K18: 1.5 | L18: 1.5 | M18: 1.5 | N18: 1.5 | O18: 1.5 | P18: 1.5 | Q18: 1.5 | R18: 1.5 | S18: 1.5 | T18: 1.5 | U18: 1.5 | V18: 1.5 | W18: 1.5 | X18: 1.5 | Y18: 1.5 | Z18: 1.5 | AA18: 1.5 | AB18: 1.5 | AC18: 1.5 | AD18: 1.5 | AE18: 1.5 | AF18: 1.5 | AG18: 1.5 | AH18: 1.5
A20: Overview of common sound changes
A21: n // #_{a,O} | B21: typically /n/

Sheet 016.5 M-
A1: A - Consonantism | D1: 1. Initial Position | I1: 1.1 Simple consonants
A3: Number | B3: 16.5 | F3: Latin Reference Words
A4: Treatment | B4: M- | F4: MĂNU, MĒ, MĬLLE, MŎLLE, MŬLTU
A5: Environment | B5: #_
A7: Languages | B7: LAT | C7: EU POR | D7: BR POR | E7: GAL | F7: ASL | G7: CAS ESP | H7: AND ESP | I7: AMR ESP | J7: ARG | K7: CAT | L7: VAL | M7: BAL | N7: OCC | O7: GAS OCC | P7: EU FRA | Q7: QBC FRA | R7: WAL | S7: ARP | T7: LIG | U7: LMO | V7: RMH | W7: FUR | X7: LOG SRD | Y7: CPN SRD | Z7: COR | AA7: ITA | AB7: ABR | AC7: CAM | AD7: PGL | AE7: SCN | AF7: VEN | AG7: ARO | AH7: ROM
A8: Grapheme | B8: M | C8: m | D8: m | E8: m | F8: m | G8: m | H8: m | I8: m | J8: m | K8: m | L8: m | M8: m | N8: m | O8: m | P8: m | Q8: m | R8: m | S8: m | T8: m | U8: m | V8: m | W8: m | X8: m | Y8: m | Z8: m | AA8: m | AB8: m | AC8: m | AD8: m | AE8: m | AF8: m | AG8: m | AH8: m
A9: IPA | B9: m | C9: m | D9: m | E9: m | F9: m | G9: m | H9: m | I9: m | J9: m | K9: m | L9: m | M9: m | N9: m | O9: m | P9: m | Q9: m | R9: m | S9: m | T9: m | U9: m | V9: m | W9: m | X9: m | Y9: m | Z9: m | AA9: m | AB9: m | AC9: m | AD9: m | AE9: m | AF9: m | AG9: m | AH9: m
A10: IPA key | B10: 70 | C10: 70 | D10: 70 | E10: 70 | F10: 70 | G10: 70 | H10: 70 | I10: 70 | J10: 70 | K10: 70 | L10: 70 | M10: 70 | N10: 70 | O10: 70 | P10: 70 | Q10: 70 | R10: 70 | S10: 70 | T10: 70 | U10: 70 | V10: 70 | W10: 70 | X10: 70 | Y10: 70 | Z10: 70 | AA10: 70 | AB10: 70 | AC10: 70 | AD10: 70 | AE10: 70 | AF10: 70 | AG10: 70 | AH10: 70
A11: Consonantal +/− | B11: + | C11: + | D11: + | E11: + | F11: + | G11: + | H11: + | I11: + | J11: + | K11: + | L11: + | M11: + | N11: + | O11: + | P11: + | Q11: + | R11: + | S11: + | T11: + | U11: + | V11: + | W11: + | X11: + | Y11: + | Z11: + | AA11: + | AB11: + | AC11: + | AD11: + | AE11: + | AF11: + | AG11: + | AH11: +
A12: Voice +/− | B12: + | C12: + | D12: + | E12: + | F12: + | G12: + | H12: + | I12: + | J12: + | K12: + | L12: + | M12: + | N12: + | O12: + | P12: + | Q12: + | R12: + | S12: + | T12: + | U12: + | V12: + | W12: + | X12: + | Y12: + | Z12: + | AA12: + | AB12: + | AC12: + | AD12: + | AE12: + | AF12: + | AG12: + | AH12: +
A13: Sibilant +/− | B13: − | C13: − | D13: − | E13: − | F13: − | G13: − | H13: − | I13: − | J13: − | K13: − | L13: − | M13: − | N13: − | O13: − | P13: − | Q13: − | R13: − | S13: − | T13: − | U13: − | V13: − | W13: − | X13: − | Y13: − | Z13: − | AA13: − | AB13: − | AC13: − | AD13: − | AE13: − | AF13: − | AG13: − | AH13: −
A14: Lateral +/− | B14: − | C14: − | D14: − | E14: − | F14: − | G14: − | H14: − | I14: − | J14: − | K14: − | L14: − | M14: − | N14: − | O14: − | P14: − | Q14: − | R14: − | S14: − | T14: − | U14: − | V14: − | W14: − | X14: − | Y14: − | Z14: − | AA14: − | AB14: − | AC14: − | AD14: − | AE14: − | AF14: − | AG14: − | AH14: −
A15: Place of articulation | B15: B | C15: B | D15: B | E15: B | F15: B | G15: B | H15: B | I15: B | J15: B | K15: B | L15: B | M15: B | N15: B | O15: B | P15: B | Q15: B | R15: B | S15: B | T15: B | U15: B | V15: B | W15: B | X15: B | Y15: B | Z15: B | AA15: B | AB15: B | AC15: B | AD15: B | AE15: B | AF15: B | AG15: B | AH15: B
A16: Place value | B16: 3 | C16: 3 | D16: 3 | E16: 3 | F16: 3 | G16: 3 | H16: 3 | I16: 3 | J16: 3 | K16: 3 | L16: 3 | M16: 3 | N16: 3 | O16: 3 | P16: 3 | Q16: 3 | R16: 3 | S16: 3 | T16: 3 | U16: 3 | V16: 3 | W16: 3 | X16: 3 | Y16: 3 | Z16: 3 | AA16: 3 | AB16: 3 | AC16: 3 | AD16: 3 | AE16: 3 | AF16: 3 | AG16: 3 | AH16: 3
A17: Manner of articulation | B17: N | C17: N | D17: N | E17: N | F17: N | G17: N | H17: N | I17: N | J17: N | K17: N | L17: N | M17: N | N17: N | O17: N | P17: N | Q17: N | R17: N | S17: N | T17: N | U17: N | V17: N | W17: N | X17: N | Y17: N | Z17: N | AA17: N | AB17: N | AC17: N | AD17: N | AE17: N | AF17: N | AG17: N | AH17: N
A18: Sonority value | B18: 1.5 | C18: 1.5 | D18: 1.5 | E18: 1.5 | F18: 1.5 | G18: 1.5 | H18: 1.5 | I18: 1.5 | J18: 1.5 | K18: 1.5 | L18: 1.5 | M18: 1.5 | N18: 1.5 | O18: 1.5 | P18: 1.5 | Q18: 1.5 | R18: 1.5 | S18: 1.5 | T18: 1.5 | U18: 1.5 | V18: 1.5 | W18: 1.5 | X18: 1.5 | Y18: 1.5 | Z18: 1.5 | AA18: 1.5 | AB18: 1.5 | AC18: 1.5 | AD18: 1.5 | AE18: 1.5 | AF18: 1.5 | AG18: 1.5 | AH18: 1.5
A20: Overview of common sound changes
A21: m // #_ | B21: typically /m/

Sheet 017 F-
A1: A - Consonantism | D1: 1. Initial Position | I1: 1.1 Simple consonants
A3: Number | B3: 17 | F3: Latin Reference Words
A4: Treatment | B4: F- | F4: FŎCU, FĔRA, FĔBRE, FŎNTE, FŎRĪS; FŎSSA
A5: Environment | B5: ˈ#_{ĕ,ŏ}
A7: Languages | B7: LAT | C7: EU POR | D7: BR POR | E7: GAL | F7: ASL | G7: CAS ESP | H7: AND ESP | I7: AMR ESP | J7: ARG | K7: CAT | L7: VAL | M7: BAL | N7: OCC | O7: GAS OCC | P7: EU FRA | Q7: QBC FRA | R7: WAL | S7: ARP | T7: LIG | U7: LMO | V7: RMH | W7: FUR | X7: LOG SRD | Y7: CPN SRD | Z7: COR | AA7: ITA | AB7: ABR | AC7: CAM | AD7: PGL | AE7: SCN | AF7: VEN | AG7: ARO | AH7: ROM
A8: Grapheme | B8: F | C8: f | D8: f | E8: f | F8: f (ḥ) | G8: f | H8: f | I8: f | J8: f | K8: f | L8: f | M8: f | N8: f | O8: f | P8: f | Q8: f | R8: f | S8: f | T8: f | U8: f | V8: f | W8: f | X8: f | Y8: f | Z8: f | AA8: f | AB8: f | AC8: f | AD8: f | AE8: f | AF8: f | AG8: f | AH8: f
A9: IPA | B9: ɸ~f | C9: f | D9: f | E9: f | F9: f (h) | G9: ɸ~f | H9: ɸ~f | I9: ɸ~f | J9: f | K9: f | L9: f | M9: f | N9: f | O9: f | P9: f | Q9: f | R9: f | S9: f | T9: f | U9: f | V9: f | W9: f | X9: f | Y9: f | Z9: f | AA9: f | AB9: f | AC9: f | AD9: f | AE9: f | AF9: f | AG9: f | AH9: f
A10: IPA key | B10: 114 | C10: 42 | D10: 42 | E10: 42 | F10: 115 | G10: 114 | H10: 114 | I10: 114 | J10: 42 | K10: 42 | L10: 42 | M10: 42 | N10: 42 | O10: 42 | P10: 42 | Q10: 42 | R10: 42 | S10: 42 | T10: 42 | U10: 42 | V10: 42 | W10: 42 | X10: 42 | Y10: 42 | Z10: 42 | AA10: 42 | AB10: 42 | AC10: 42 | AD10: 42 | AE10: 42 | AF10: 42 | AG10: 42 | AH10: 42
A11: Consonantal +/− | B11: + | C11: + | D11: + | E11: + | F11: + | G11: + | H11: + | I11: + | J11: + | K11: + | L11: + | M11: + | N11: + | O11: + | P11: + | Q11: + | R11: + | S11: + | T11: + | U11: + | V11: + | W11: + | X11: + | Y11: + | Z11: + | AA11: + | AB11: + | AC11: + | AD11: + | AE11: + | AF11: + | AG11: + | AH11: +
A12: Voice +/− | B12: − | C12: − | D12: − | E12: − | F12: − | G12: − | H12: − | I12: − | J12: − | K12: − | L12: − | M12: − | N12: − | O12: − | P12: − | Q12: − | R12: − | S12: − | T12: − | U12: − | V12: − | W12: − | X12: − | Y12: − | Z12: − | AA12: − | AB12: − | AC12: − | AD12: − | AE12: − | AF12: − | AG12: − | AH12: −
A13: Sibilant +/− | B13: − | C13: − | D13: − | E13: − | F13: − | G13: − | H13: − | I13: − | J13: − | K13: − | L13: − | M13: − | N13: − | O13: − | P13: − | Q13: − | R13: − | S13: − | T13: − | U13: − | V13: − | W13: − | X13: − | Y13: − | Z13: − | AA13: − | AB13: − | AC13: − | AD13: − | AE13: − | AF13: − | AG13: − | AH13: −
A14: Lateral +/− | B14: − | C14: − | D14: − | E14: − | F14: − | G14: − | H14: − | I14: − | J14: − | K14: − | L14: − | M14: − | N14: − | O14: − | P14: − | Q14: − | R14: − | S14: − | T14: − | U14: − | V14: − | W14: − | X14: − | Y14: − | Z14: − | AA14: − | AB14: − | AC14: − | AD14: − | AE14: − | AF14: − | AG14: − | AH14: −
A15: Place of articulation | B15: B | C15: B | D15: B | E15: B | F15: B (H) | G15: B | H15: B | I15: B | J15: B | K15: B | L15: B | M15: B | N15: B | O15: B | P15: B | Q15: B | R15: B | S15: B | T15: B | U15: B | V15: B | W15: B | X15: B | Y15: B | Z15: B | AA15: B | AB15: B | AC15: B | AD15: B | AE15: B | AF15: B | AG15: B | AH15: B
A16: Place value | B16: 2.75 | C16: 2.5 | D16: 2.5 | E16: 2.5 | F16: =AVERAGE(2.75,2.75,-6) -> -0.16666667 | G16: 2.75 | H16: 2.75 | I16: 2.75 | J16: 2.5 | K16: 2.5 | L16: 2.5 | M16: 2.5 | N16: 2.5 | O16: 2.5 | P16: 2.5 | Q16: 2.5 | R16: 2.5 | S16: 2.5 | T16: 2.5 | U16: 2.5 | V16: 2.5 | W16: 2.5 | X16: 2.5 | Y16: 2.5 | Z16: 2.5 | AA16: 2.5 | AB16: 2.5 | AC16: 2.5 | AD16: 2.5 | AE16: 2.5 | AF16: 2.5 | AG16: 2.5 | AH16: 2.5
A17: Manner of articulation | B17: F | C17: F | D17: F | E17: F | F17: F | G17: F | H17: F | I17: F | J17: F | K17: F | L17: F | M17: F | N17: F | O17: F | P17: F | Q17: F | R17: F | S17: F | T17: F | U17: F | V17: F | W17: F | X17: F | Y17: F | Z17: F | AA17: F | AB17: F | AC17: F | AD17: F | AE17: F | AF17: F | AG17: F | AH17: F
A18: Sonority value | B18: 2 | C18: 2 | D18: 2 | E18: 2 | F18: 2 | G18: 2 | H18: 2 | I18: 2 | J18: 2 | K18: 2 | L18: 2 | M18: 2 | N18: 2 | O18: 2 | P18: 2 | Q18: 2 | R18: 2 | S18: 2 | T18: 2 | U18: 2 | V18: 2 | W18: 2 | X18: 2 | Y18: 2 | Z18: 2 | AA18: 2 | AB18: 2 | AC18: 2 | AD18: 2 | AE18: 2 | AF18: 2 | AG18: 2 | AH18: 2
A20: Overview of common sound changes
A21: f / ? / ˈ#_{ĕ,ŏ} | B21: typically /f/
A22: 17b: FŎSSA > Spanish huesa, against expected /f/ (cf. also fosa)

Sheet 018 F-
A1: A - Consonantism | D1: 1. Initial Position | I1: 1.1 Simple consonants
A3: Number | B3: 18 | F3: Latin Reference Words
A4: Treatment | B4: F- | F4: FĂRĪNA, FÆNU/FĒNU, FĒMINA, FŬRNU, FŬRCA, FŪMU, FĂBA
A5: Environment | B5: #_{a,ē,i,ō,u}
A7: Languages | B7: LAT | C7: EU POR | D7: BR POR | E7: GAL | F7: ASL | G7: CAS ESP | H7: AND ESP | I7: AMR ESP | J7: ARG | K7: CAT | L7: VAL | M7: BAL | N7: OCC | O7: GAS OCC | P7: EU FRA | Q7: QBC FRA | R7: WAL | S7: ARP | T7: LIG | U7: LMO | V7: RMH | W7: FUR | X7: LOG SRD | Y7: CPN SRD | Z7: COR | AA7: ITA | AB7: ABR | AC7: CAM | AD7: PGL | AE7: SCN | AF7: VEN | AG7: ARO | AH7: ROM
A8: Grapheme | B8: F | C8: f | D8: f | E8: f | F8: f (ḥ) | G8: h | H8: h | I8: h | J8: f | K8: f | L8: f | M8: f | N8: f | O8: f | P8: f | Q8: f | R8: f | S8: f | T8: f | U8: f | V8: f | W8: f | X8: f | Y8: f | Z8: f | AA8: f | AB8: f | AC8: f | AD8: f | AE8: f | AF8: f | AG8: f | AH8: f
A9: IPA | B9: ɸ~f | C9: f | D9: f | E9: f | F9: f (h) | G9: ∅ | H9: h~∅ | I9: ∅ | J9: f | K9: f | L9: f | M9: f | N9: f | O9: f | P9: f | Q9: f | R9: f | S9: f | T9: f | U9: f | V9: f | W9: f | X9: f | Y9: f | Z9: f | AA9: f | AB9: f | AC9: f | AD9: f | AE9: f | AF9: f | AG9: f | AH9: f
A10: IPA key | B10: 114 | C10: 42 | D10: 42 | E10: 42 | F10: 115 | H10: 116 | J10: 42 | K10: 42 | L10: 42 | M10: 42 | N10: 42 | O10: 42 | P10: 42 | Q10: 42 | R10: 42 | S10: 42 | T10: 42 | U10: 42 | V10: 42 | W10: 42 | X10: 42 | Y10: 42 | Z10: 42 | AA10: 42 | AB10: 42 | AC10: 42 | AD10: 42 | AE10: 42 | AF10: 42 | AG10: 42 | AH10: 42
A11: Consonantal +/− | B11: + | C11: + | D11: + | E11: + | F11: + | G11: − | H11: − | I11: − | J11: + | K11: + | L11: + | M11: + | N11: + | O11: + | P11: + | Q11: + | R11: + | S11: + | T11: + | U11: + | V11: + | W11: + | X11: + | Y11: + | Z11: + | AA11: + | AB11: + | AC11: + | AD11: + | AE11: + | AF11: + | AG11: + | AH11: +
A12: Voice +/− | B12: − | C12: − | D12: − | E12: − | F12: − | G12: − | H12: − | I12: − | J12: − | K12: − | L12: − | M12: − | N12: − | O12: − | P12: − | Q12: − | R12: − | S12: − | T12: − | U12: − | V12: − | W12: − | X12: − | Y12: − | Z12: − | AA12: − | AB12: − | AC12: − | AD12: − | AE12: − | AF12: − | AG12: − | AH12: −
A13: Sibilant +/− | B13: − | C13: − | D13: − | E13: − | F13: − | G13: − | H13: − | I13: − | J13: − | K13: − | L13: − | M13: − | N13: − | O13: − | P13: − | Q13: − | R13: − | S13: − | T13: − | U13: − | V13: − | W13: − | X13: − | Y13: − | Z13: − | AA13: − | AB13: − | AC13: − | AD13: − | AE13: − | AF13: − | AG13: − | AH13: −
A14: Lateral +/− | B14: − | C14: − | D14: − | E14: − | F14: − | G14: − | H14: − | I14: − | J14: − | K14: − | L14: − | M14: − | N14: − | O14: − | P14: − | Q14: − | R14: − | S14: − | T14: − | U14: − | V14: − | W14: − | X14: − | Y14: − | Z14: − | AA14: − | AB14: − | AC14: − | AD14: − | AE14: − | AF14: − | AG14: − | AH14: −
A15: Place of articulation | B15: B | C15: B | D15: B | E15: B | F15: B (H) | G15: H | H15: H | I15: H | J15: B | K15: B | L15: B | M15: B | N15: B | O15: B | P15: B | Q15: B | R15: B | S15: B | T15: B | U15: B | V15: B | W15: B | X15: B | Y15: B | Z15: B | AA15: B | AB15: B | AC15: B | AD15: B | AE15: B | AF15: B | AG15: B | AH15: B
A16: Place value | B16: 2.75 | C16: 2.5 | D16: 2.5 | E16: 2.5 | F16: =AVERAGE(2.75,2.75,-6) -> -0.16666667 | G16: -6 | H16: -6 | I16: -6 | J16: 2.5 | K16: 2.5 | L16: 2.5 | M16: 2.5 | N16: 2.5 | O16: 2.5 | P16: 2.5 | Q16: 2.5 | R16: 2.5 | S16: 2.5 | T16: 2.5 | U16: 2.5 | V16: 2.5 | W16: 2.5 | X16: 2.5 | Y16: 2.5 | Z16: 2.5 | AA16: 2.5 | AB16: 2.5 | AC16: 2.5 | AD16: 2.5 | AE16: 2.5 | AF16: 2.5 | AG16: 2.5 | AH16: 2.5
A17: Manner of articulation | B17: F | C17: F | D17: F | E17: F | F17: F | G17: ∅ | H17: F~∅ | I17: ∅ | J17: F | K17: F | L17: F | M17: F | N17: F | O17: F | P17: F | Q17: F | R17: F | S17: F | T17: F | U17: F | V17: F | W17: F | X17: F | Y17: F | Z17: F | AA17: F | AB17: F | AC17: F | AD17: F | AE17: F | AF17: F | AG17: F | AH17: F
A18: Sonority value | B18: 2 | C18: 2 | D18: 2 | E18: 2 | F18: 2 | G18: 0 | H18: 1 | I18: 0 | J18: 2 | K18: 2 | L18: 2 | M18: 2 | N18: 2 | O18: 2 | P18: 2 | Q18: 2 | R18: 2 | S18: 2 | T18: 2 | U18: 2 | V18: 2 | W18: 2 | X18: 2 | Y18: 2 | Z18: 2 | AA18: 2 | AB18: 2 | AC18: 2 | AD18: 2 | AE18: 2 | AF18: 2 | AG18: 2 | AH18: 2
A20: Overview of common sound changes
A21: f / ? / #_{a,ē,i,ō,u} | B21: typically /f/
B22: ∅ in ESP

Sheet 019 V-
A1: A - Consonantism | D1: 1. Initial Position | I1: 1.1 Simple consonants
A3: Number | B3: 19 | F3: Latin Reference Words
A4: Treatment | B4: V- | F4: VĪNEA, VĬTĔLLU, VĪCĪNU/*VECĪNU, *VĬRDE, VĔSPA, *VESSĪCA
A5: Environment | B5: #_E
A7: Languages | B7: LAT | C7: EU POR | D7: BR POR | E7: GAL | F7: ASL | G7: CAS ESP | H7: AND ESP | I7: AMR ESP | J7: ARG | K7: CAT | L7: VAL | M7: BAL | N7: OCC | O7: GAS OCC | P7: EU FRA | Q7: QBC FRA | R7: WAL | S7: ARP | T7: LIG | U7: LMO | V7: RMH | W7: FUR | X7: LOG SRD | Y7: CPN SRD | Z7: COR | AA7: ITA | AB7: ABR | AC7: CAM | AD7: PGL | AE7: SCN | AF7: VEN | AG7: ARO | AH7: ROM
A8: Grapheme | B8: V | C8: v | D8: v | E8: v | F8: v | G8: v | H8: v | I8: v | J8: v | K8: v | L8: v | M8: v | N8: v | O8: v | P8: v | Q8: v | R8: v | S8: v | T8: v | U8: v | V8: v | X8: b | Y8: b | AA8: v | AC8: v | AE8: v | AF8: v | AG8: v | AH8: v
A9: IPA | B9: w | C9: v (b) | D9: v | E9: b | F9: b | G9: b | H9: b | I9: b | K9: b | L9: v | M9: v | N9: b~v | O9: b | P9: v | Q9: v | R9: v | S9: v | T9: v | U9: v | V9: v | X9: b | Y9: b | AA9: v | AC9: v | AE9: v | AF9: v | AG9: v | AH9: v
A10: IPA key | B10: 97 | C10: 261 | D10: 43 | E10: 2 | F10: 2 | G10: 2 | H10: 2 | I10: 2 | K10: 2 | L10: 43 | M10: 43 | N10: 117 | O10: 2 | P10: 43 | Q10: 43 | R10: 43 | S10: 43 | T10: 43 | U10: 43 | V10: 43 | X10: 2 | Y10: 2 | AA10: 43 | AC10: 43 | AE10: 43 | AF10: 43 | AG10: 43 | AH10: 43
A11: Consonantal +/− | B11: + | C11: + | D11: + | E11: + | F11: + | G11: + | H11: + | I11: + | K11: + | L11: + | M11: + | N11: + | O11: + | P11: + | Q11: + | R11: + | S11: + | T11: + | U11: + | V11: + | X11: + | Y11: + | AA11: + | AC11: + | AE11: + | AF11: + | AG11: + | AH11: +
A12: Voice +/− | B12: + | C12: + | D12: + | E12: + | F12: + | G12: + | H12: + | I12: + | K12: + | L12: + | M12: + | N12: + | O12: + | P12: + | Q12: + | R12: + | S12: + | T12: + | U12: + | V12: + | X12: + | Y12: + | AA12: + | AC12: + | AE12: + | AF12: + | AG12: + | AH12: +
A13: Sibilant +/− | B13: − | C13: − | D13: − | E13: − | F13: − | G13: − | H13: − | I13: − | K13: − | L13: − | M13: − | N13: − | O13: − | P13: − | Q13: − | R13: − | S13: − | T13: − | U13: − | V13: − | X13: − | Y13: − | AA13: − | AC13: − | AE13: − | AF13: − | AG13: − | AH13: −
A14: Lateral +/− | B14: − | C14: − | D14: − | E14: − | F14: − | G14: − | H14: − | I14: − | K14: − | L14: − | M14: − | N14: − | O14: − | P14: − | Q14: − | R14: − | S14: − | T14: − | U14: − | V14: − | X14: − | Y14: − | AA14: − | AC14: − | AE14: − | AF14: − | AG14: − | AH14: −
A15: Place of articulation | B15: BK | C15: B | D15: B | E15: B | F15: B | G15: B | H15: B | I15: B | K15: B | L15: B | M15: B | N15: B | O15: B | P15: B | Q15: B | R15: B | S15: B | T15: B | U15: B | V15: B | X15: B | Y15: B | AA15: B | AC15: B | AE15: B | AF15: B | AG15: B | AH15: B
A16: Place value | B16: 0 | C16: =AVERAGE(2.5,2.5,2.5,3) -> 2.625 | D16: 2.5 | E16: 3 | F16: 3 | G16: 3 | H16: 3 | I16: 3 | K16: 3 | L16: 2.5 | M16: 2.5 | N16: =AVERAGE(3,2.5) -> 2.75 | O16: 3 | P16: 2.5 | Q16: 2.5 | R16: 2.5 | S16: 2.5 | T16: 2.5 | U16: 2.5 | V16: 2.5 | X16: 3 | Y16: 3 | AA16: 2.5 | AC16: 2.5 | AE16: 2.5 | AF16: 2.5 | AG16: 2.5 | AH16: 2.5
A17: Manner of articulation | B17: W | C17: F | D17: F | E17: P | F17: P | G17: P | H17: P | I17: P | K17: P | L17: F | M17: F | N17: P~F | O17: P | P17: F | Q17: F | R17: F | S17: F | T17: F | U17: F | V17: F | X17: P | Y17: P | AA17: F | AC17: F | AE17: F | AF17: F | AG17: F | AH17: F
A18: Sonority value | B18: =1/3 -> 0.33333333 | C18: =AVERAGE(2,2,2,4) -> 2.5 | D18: 2 | E18: 4 | F18: 4 | G18: 4 | H18: 4 | I18: 4 | K18: 4 | L18: 2 | M18: 2 | N18: =AVERAGE(4,2) -> 3 | O18: 4 | P18: 2 | Q18: 2 | R18: 2 | S18: 2 | T18: 2 | U18: 2 | V18: 2 | X18: 4 | Y18: 4 | AA18: 2 | AC18: 2 | AE18: 2 | AF18: 2 | AG18: 2 | AH18: 2
A20: Overview of common sound changes
A21: w // #_E | B21: typically /v/

Sheet 020 V-
A1: A - Consonantism | D1: 1. Initial Position | I1: 1.1 Simple consonants
A3: Number | B3: 20 | F3: Latin Reference Words
A4: Treatment | B4: V- | F4: 020a) VĂCCA, VŬLPĔ, VOLĒRĔ, VŎLŬTA, VŬLTŬRĔ; 020b) VŎLVĔRĔ
A5: Environment | B5: #_{a,O}
A7: Languages | B7: LAT | C7: EU POR | D7: BR POR | E7: GAL | F7: ASL | G7: CAS ESP | H7: AND ESP | I7: AMR ESP | J7: ARG | K7: CAT | L7: VAL | M7: BAL | N7: OCC | O7: GAS OCC | P7: EU FRA | Q7: QBC FRA | R7: WAL | S7: ARP | T7: LIG | U7: LMO | V7: RMH | W7: FUR | X7: LOG SRD | Y7: CPN SRD | Z7: COR | AA7: ITA | AB7: ABR | AC7: CAM | AD7: PGL | AE7: SCN | AF7: VEN | AG7: ARO | AH7: ROM
A8: Grapheme | B8: V | C8: v | D8: v | E8: v | F8: v | G8: v | H8: v | I8: v | J8: v | K8: v | L8: v | M8: v | N8: v | O8: v | P8: v | Q8: v | R8: v | S8: v | T8: v | U8: v | V8: v | X8: b | Y8: b | AA8: v | AC8: v | AE8: v | AF8: v | AG8: v | AH8: v
A9: IPA | B9: w | C9: v (b) | D9: v | E9: b | F9: b | G9: b | H9: b | I9: b | K9: b | L9: v | M9: v | N9: b~v | O9: b | P9: v | Q9: v | R9: v | S9: v | T9: v | U9: v | V9: v | X9: b | Y9: b | AA9: v | AC9: v | AE9: v | AF9: v | AG9: v | AH9: v
A10: IPA key | B10: 97 | C10: 261 | D10: 43 | E10: 2 | F10: 2 | G10: 2 | H10: 2 | I10: 2 | K10: 2 | L10: 43 | M10: 43 | N10: 117 | O10: 2 | P10: 43 | Q10: 43 | R10: 43 | S10: 43 | T10: 43 | U10: 43 | V10: 43 | X10: 2 | Y10: 2 | AA10: 43 | AC10: 43 | AE10: 43 | AF10: 43 | AG10: 43 | AH10: 43
A11: Consonantal +/− | B11: + | C11: + | D11: + | E11: + | F11: + | G11: + | H11: + | I11: + | K11: + | L11: + | M11: + | N11: + | O11: + | P11: + | Q11: + | R11: + | S11: + | T11: + | U11: + | V11: + | X11: + | Y11: + | AA11: + | AC11: + | AE11: + | AF11: + | AG11: + | AH11: +
A12: Voice +/− | B12: + | C12: + | D12: + | E12: + | F12: + | G12: + | H12: + | I12: + | K12: + | L12: + | M12: + | N12: + | O12: + | P12: + | Q12: + | R12: + | S12: + | T12: + | U12: + | V12: + | X12: + | Y12: + | AA12: + | AC12: + | AE12: + | AF12: + | AG12: + | AH12: +
A13: Sibilant +/− | B13: − | C13: − | D13: − | E13: − | F13: − | G13: − | H13: − | I13: − | K13: − | L13: − | M13: − | N13: − | O13: − | P13: − | Q13: − | R13: − | S13: − | T13: − | U13: − | V13: − | X13: − | Y13: − | AA13: − | AC13: − | AE13: − | AF13: − | AG13: − | AH13: −
A14: Lateral +/− | B14: − | C14: − | D14: − | E14: − | F14: − | G14: − | H14: − | I14: − | K14: − | L14: − | M14: − | N14: − | O14: − | P14: − | Q14: − | R14: − | S14: − | T14: − | U14: − | V14: − | X14: − | Y14: − | AA14: − | AC14: − | AE14: − | AF14: − | AG14: − | AH14: −
A15: Place of articulation | B15: BK | C15: B | D15: B | E15: B | F15: B | G15: B | H15: B | I15: B | K15: B | L15: B | M15: B | N15: B | O15: B | P15: B | Q15: B | R15: B | S15: B | T15: B | U15: B | V15: B | X15: B | Y15: B | AA15: B | AC15: B | AE15: B | AF15: B | AG15: B | AH15: B
A16: Place value | B16: 0 | C16: =AVERAGE(2.5,2.5,2.5,3) -> 2.625 | D16: 2.5 | E16: 3 | F16: 3 | G16: 3 | H16: 3 | I16: 3 | K16: 3 | L16: 2.5 | M16: 2.5 | N16: =AVERAGE(3,2.5) -> 2.75 | O16: 3 | P16: 2.5 | Q16: 2.5 | R16: 2.5 | S16: 2.5 | T16: 2.5 | U16: 2.5 | V16: 2.5 | X16: 3 | Y16: 3 | AA16: 2.5 | AC16: 2.5 | AE16: 2.5 | AF16: 2.5 | AG16: 2.5 | AH16: 2.5
A17: Manner of articulation | B17: W | C17: F | D17: F | E17: P | F17: P | G17: P | H17: P | I17: P | K17: P | L17: F | M17: F | N17: P~F | O17: P | P17: F | Q17: F | R17: F | S17: F | T17: F | U17: F | V17: F | X17: P | Y17: P | AA17: F | AC17: F | AE17: F | AF17: F | AG17: F | AH17: F
A18: Sonority value | B18: =1/3 -> 0.33333333 | C18: =AVERAGE(2,2,2,4) -> 2.5 | D18: 2 | E18: 4 | F18: 4 | G18: 4 | H18: 4 | I18: 4 | K18: 4 | L18: 2 | M18: 2 | N18: =AVERAGE(4,2) -> 3 | O18: 4 | P18: 2 | Q18: 2 | R18: 2 | S18: 2 | T18: 2 | U18: 2 | V18: 2 | X18: 4 | Y18: 4 | AA18: 2 | AC18: 2 | AE18: 2 | AF18: 2 | AG18: 2 | AH18: 2
A20: Overview of common sound changes
A21: 020a: w // #_{a,O} | B21: typically /v/
A22: 020b: w / ? / #_{a,O} | B22: typically /v/
B23: /h/ in ROM

Sheet 021 S-
A1: A - Consonantism | D1: 1. Initial Position | I1: 1.1 Simple consonants
A3: Number | B3: 21 | F3: Latin Reference Words
A4: Treatment | B4: S- | F4: 021a) SĬCCU, SĒBU, SĬTĬ, SĬGNU; 021b) SĔRVU, SĔPTĔ, SĪMĬU/SĪMĬA, SĪC
A5: Environment | B5: ˈ#_E
A7: Languages | B7: LAT | C7: EU POR | D7: BR POR | E7: GAL | F7: ASL | G7: CAS ESP | H7: AND ESP | I7: AMR ESP | J7: ARG | K7: CAT | L7: VAL | M7: BAL | N7: OCC | O7: GAS OCC | P7: EU FRA | Q7: QBC FRA | R7: WAL | S7: ARP | T7: LIG | U7: LMO | V7: RMH | W7: FUR | X7: LOG SRD | Y7: CPN SRD | Z7: COR | AA7: ITA | AB7: ABR | AC7: CAM | AD7: PGL | AE7: SCN | AF7: VEN | AG7: ARO | AH7: ROM | AJ7: ROM
A8: Grapheme | B8: S | C8: s | D8: s | E8: s | F8: s | G8: s | H8: s | I8: s | J8: s | K8: s | L8: s | M8: s | N8: s | O8: s | P8: s | Q8: s | R8: s | S8: s | T8: s | U8: s | V8: s | W8: s | X8: s | Y8: s | Z8: s | AA8: s | AB8: s | AC8: s | AD8: s | AE8: s | AF8: s | AG8: s | AH8: s | AJ8: ș
A9: IPA | B9: s̠ | C9: s (s̠) | D9: s | E9: s̠ (s) | F9: s̠ | G9: s̠ | H9: s̟ | I9: s | J9: s̠ | K9: s̠ | L9: s̠ | M9: s̠ | N9: s̠ | O9: s̠ | P9: s̪ | Q9: s̪ | R9: s̪ | S9: s | T9: s | U9: s̠ | V9: s | W9: s̠~s | X9: s̠ | Y9: s (s̠) | Z9: s | AA9: s | AB9: s | AC9: s | AD9: s | AE9: s | AF9: s̠ | AG9: s̪ | AH9: s̪ | AJ9: ʃ
A10: IPA key | B10: 52 | C10: 118 | D10: 50 | E10: 122 | F10: 52 | G10: 52 | H10: 46 | I10: 50 | J10: 52 | K10: 52 | L10: 52 | M10: 52 | N10: 52 | O10: 52 | P10: 48 | Q10: 48 | R10: 48 | S10: 50 | T10: 50 | U10: 52 | V10: 50 | W10: 161 | X10: 52 | Y10: 118 | Z10: 50 | AA10: 50 | AB10: 50 | AC10: 50 | AD10: 50 | AE10: 50 | AF10: 52 | AG10: 48 | AH10: 48 | AJ10: 56
A11: Consonantal +/− | B11: + | C11: + | D11: + | E11: + | F11: + | G11: + | H11: + | I11: + | J11: + | K11: + | L11: + | M11: + | N11: + | O11: + | P11: + | Q11: + | R11: + | S11: + | T11: + | U11: + | V11: + | W11: + | X11: + | Y11: + | Z11: + | AA11: + | AB11: + | AC11: + | AD11: + | AE11: + | AF11: + | AG11: + | AH11: + | AJ11: +
A12: Voice +/− | B12: − | C12: − | D12: − | E12: − | F12: − | G12: − | H12: − | I12: − | J12: − | K12: − | L12: − | M12: − | N12: − | O12: − | P12: − | Q12: − | R12: − | S12: − | T12: − | U12: − | V12: − | W12: − | X12: − | Y12: − | Z12: − | AA12: − | AB12: − | AC12: − | AD12: − | AE12: − | AF12: − | AG12: − | AH12: − | AJ12: −
A13: Sibilant +/− | B13: + | C13: + | D13: + | E13: + | F13: + | G13: + | H13: + | I13: + | J13: + | K13: + | L13: + | M13: + | N13: + | O13: + | P13: + | Q13: + | R13: + | S13: + | T13: + | U13: + | V13: + | W13: + | X13: + | Y13: + | Z13: + | AA13: + | AB13: + | AC13: + | AD13: + | AE13: + | AF13: + | AG13: + | AH13: + | AJ13: +
A14: Lateral +/− | B14: − | C14: − | D14: − | E14: − | F14: − | G14: − | H14: − | I14: − | J14: − | K14: − | L14: − | M14: − | N14: − | O14: − | P14: − | Q14: − | R14: − | S14: − | T14: − | U14: − | V14: − | W14: − | X14: − | Y14: − | Z14: − | AA14: − | AB14: − | AC14: − | AD14: − | AE14: − | AF14: − | AG14: − | AH14: − | AJ14: −
A15: Place of articulation | B15: D | C15: D | D15: D | E15: D | F15: D | G15: D | H15: D | I15: D | J15: D | K15: D | L15: D | M15: D | N15: D | O15: D | P15: D | Q15: D | R15: D | S15: D | T15: D | U15: D | V15: D | W15: D | X15: D | Y15: D | Z15: D | AA15: D | AB15: D | AC15: D | AD15: D | AE15: D | AF15: D | AG15: D | AH15: D | AJ15: Ɉ
A16: Place value | B16: 0.5 | C16: =AVERAGE(1,1,1,0.5) -> 0.875 | D16: 1 | E16: =AVERAGE(0.5,0.5,0.5,1) -> 0.625 | F16: 0.5 | G16: 0.5 | H16: =5/3 -> 1.6666667 | I16: 1 | J16: 0.5 | K16: 0.5 | L16: 0.5 | M16: 0.5 | N16: 0.5 | O16: 0.5 | P16: =4/3 -> 1.3333333 | Q16: =4/3 -> 1.3333333 | R16: =4/3 -> 1.3333333 | S16: 1 | T16: 1 | U16: 0.5 | V16: 1 | W16: =AVERAGE(0.5,1) -> 0.75 | X16: 0.5 | Y16: =AVERAGE(1,1,1,0.5) -> 0.875 | Z16: 1 | AA16: 1 | AB16: 1 | AC16: 1 | AD16: 1 | AE16: 1 | AF16: 0.5 | AG16: =4/3 -> 1.3333333 | AH16: =4/3 -> 1.3333333 | AJ16: -0.5
A17: Manner of articulation | B17: F | C17: F | D17: F | E17: F | F17: F | G17: F | H17: F | I17: F | J17: F | K17: F | L17: F | M17: F | N17: F | O17: F | P17: F | Q17: F | R17: F | S17: F | T17: F | U17: F | V17: F | W17: F | X17: F | Y17: F | Z17: F | AA17: F | AB17: F | AC17: F | AD17: F | AE17: F | AF17: F | AG17: F | AH17: F | AJ17: F
A18: Sonority value | B18: 2 | C18: 2 | D18: 2 | E18: 2 | F18: 2 | G18: 2 | H18: 2 | I18: 2 | J18: 2 | K18: 2 | L18: 2 | M18: 2 | N18: 2 | O18: 2 | P18: 2 | Q18: 2 | R18: 2 | S18: 2 | T18: 2 | U18: 2 | V18: 2 | W18: 2 | X18: 2 | Y18: 2 | Z18: 2 | AA18: 2 | AB18: 2 | AC18: 2 | AD18: 2 | AE18: 2 | AF18: 2 | AG18: 2 | AH18: 2 | AJ18: 2
AH19: 021a | AJ19: 021b,c
A20: Overview of common sound changes
A21: 021a: s // ˈ#_{ĕNC,ē,ĭ} | B21: typically /s/
A22: 021b: s / ? / ˈ#_{ĕ³,ī} | B22: typically /s/
B23: /ʃ/ in ROM
A25: Romanian: | B25: 1) long /i:/ (> ERom. /i/), if not elided. 2) i + vowel (consonantal /i/) (> ERom. /j/) 3) stressed short /e/ ~ /ae/ *not* followed by a nasal cluster /NC/ (> ERom. /je/)

Sheet 022 S-
A1: A - Consonantism | D1: 1. Initial Position | I1: 1.1 Simple consonants
A3: Number | B3: 22 | F3: Latin Reference Words
A4: Treatment | B4: S- | F4: 022a) SĬGĔLLU/SĬGĬLLU, SĬCCĀRE, SĔNTĪRE, SĒMINĀRE; 022b) SĔCĀRE, SÆTĂCĬU
A5: Environment | B5: #_Eˈ
A7: Languages | B7: LAT | C7: EU POR | D7: BR POR | E7: GAL | F7: ASL | G7: CAS ESP | H7: AND ESP | I7: AMR ESP | J7: ARG | K7: CAT | L7: VAL | M7: BAL | N7: OCC | O7: GAS OCC | P7: EU FRA | Q7: QBC FRA | R7: WAL | S7: ARP | T7: LIG | U7: LMO | V7: RMH | W7: FUR | X7: LOG SRD | Y7: CPN SRD | Z7: COR | AA7: ITA | AB7: ABR | AC7: CAM | AD7: PGL | AE7: SCN | AF7: VEN | AG7: ARO | AH7: ROM | AJ7: ROM
A8: Grapheme | B8: S | C8: s | D8: s | E8: s | F8: s | G8: s | H8: s | I8: s | J8: s | K8: s | L8: s | M8: s | N8: s | O8: s | P8: s | Q8: s | R8: s | S8: s | T8: s | U8: s | V8: s | W8: s | X8: s | Y8: s | Z8: s | AA8: s | AB8: s | AC8: s | AD8: s | AE8: s | AF8: s | AG8: s | AH8: s | AJ8: ș
A9: IPA | B9: s̠ | C9: s (s̠) | D9: s | E9: s̠ (s) | F9: s̠ | G9: s̠ | H9: s̟ | I9: s | J9: s̠ | K9: s̠ | L9: s̠ | M9: s̠ | N9: s̠ | O9: s̠ | P9: s̪ | Q9: s̪ | R9: s̪ | S9: s | T9: s | U9: s̠ | V9: s | W9: s̠~s | X9: s̠ | Y9: s (s̠) | Z9: s | AA9: s | AB9: s | AC9: s | AD9: s | AE9: s | AF9: s̠ | AG9: s̪ | AH9: s̪ | AJ9: ʃ
A10: IPA key | B10: 52 | C10: 118 | D10: 50 | E10: 122 | F10: 52 | G10: 52 | H10: 46 | I10: 50 | J10: 52 | K10: 52 | L10: 52 | M10: 52 | N10: 52 | O10: 52 | P10: 48 | Q10: 48 | R10: 48 | S10: 50 | T10: 50 | U10: 52 | V10: 50 | W10: 161 | X10: 52 | Y10: 118 | Z10: 50 | AA10: 50 | AB10: 50 | AC10: 50 | AD10: 50 | AE10: 50 | AF10: 52 | AG10: 48 | AH10: 48 | AJ10: 56
A11: Consonantal +/− | B11: + | C11: + | D11: + | E11: + | F11: + | G11: + | H11: + | I11: + | J11: + | K11: + | L11: + | M11: + | N11: + | O11: + | P11: + | Q11: + | R11: + | S11: + | T11: + | U11: + | V11: + | W11: + | X11: + | Y11: + | Z11: + | AA11: + | AB11: + | AC11: + | AD11: + | AE11: + | AF11: + | AG11: + | AH11: + | AJ11: +
A12: Voice +/− | B12: − | C12: − | D12: − | E12: − | F12: − | G12: − | H12: − | I12: − | J12: − | K12: − | L12: − | M12: − | N12: − | O12: − | P12: − | Q12: − | R12: − | S12: − | T12: − | U12: − | V12: − | W12: − | X12: − | Y12: − | Z12: − | AA12: − | AB12: − | AC12: − | AD12: − | AE12: − | AF12: − | AG12: − | AH12: − | AJ12: −
A13: Sibilant +/− | B13: + | C13: + | D13: + | E13: + | F13: + | G13: + | H13: + | I13: + | J13: + | K13: + | L13: + | M13: + | N13: + | O13: + | P13: + | Q13: + | R13: + | S13: + | T13: + | U13: + | V13: + | W13: + | X13: + | Y13: + | Z13: + | AA13: + | AB13: + | AC13: + | AD13: + | AE13: + | AF13: + | AG13: + | AH13: + | AJ13: +
A14: Lateral +/− | B14: − | C14: − | D14: − | E14: − | F14: − | G14: − | H14: − | I14: − | J14: − | K14: − | L14: − | M14: − | N14: − | O14: − | P14: − | Q14: − | R14: − | S14: − | T14: − | U14: − | V14: − | W14: − | X14: − | Y14: − | Z14: − | AA14: − | AB14: − | AC14: − | AD14: − | AE14: − | AF14: − | AG14: − | AH14: − | AJ14: −
A15: Place of articulation | B15: D | C15: D | D15: D | E15: D | F15: D | G15: D | H15: D | I15: D | J15: D | K15: D | L15: D | M15: D | N15: D | O15: D | P15: D | Q15: D | R15: D | S15: D | T15: D | U15: D | V15: D | W15: D | X15: D | Y15: D | Z15: D | AA15: D | AB15: D | AC15: D | AD15: D | AE15: D | AF15: D | AG15: D | AH15: D | AJ15: Ɉ
A16: Place value | B16: 0.5 | C16: =AVERAGE(1,1,1,0.5) -> 0.875 | D16: 1 | E16: =AVERAGE(0.5,0.5,0.5,1) -> 0.625 | F16: 0.5 | G16: 0.5 | H16: =5/3 -> 1.6666667 | I16: 1 | J16: 0.5 | K16: 0.5 | L16: 0.5 | M16: 0.5 | N16: 0.5 | O16: 0.5 | P16: =4/3 -> 1.3333333 | Q16: =4/3 -> 1.3333333 | R16: =4/3 -> 1.3333333 | S16: 1 | T16: 1 | U16: 0.5 | V16: 1 | W16: =AVERAGE(0.5,1) -> 0.75 | X16: 0.5 | Y16: =AVERAGE(1,1,1,0.5) -> 0.875 | Z16: 1 | AA16: 1 | AB16: 1 | AC16: 1 | AD16: 1 | AE16: 1 | AF16: 0.5 | AG16: =4/3 -> 1.3333333 | AH16: =4/3 -> 1.3333333 | AJ16: -0.5
A17: Manner of articulation | B17: F | C17: F | D17: F | E17: F | F17: F | G17: F | H17: F | I17: F | J17: F | K17: F | L17: F | M17: F | N17: F | O17: F | P17: F | Q17: F | R17: F | S17: F | T17: F | U17: F | V17: F | W17: F | X17: F | Y17: F | Z17: F | AA17: F | AB17: F | AC17: F | AD17: F | AE17: F | AF17: F | AG17: F | AH17: F | AJ17: F
A18: Sonority value | B18: 2 | C18: 2 | D18: 2 | E18: 2 | F18: 2 | G18: 2 | H18: 2 | I18: 2 | J18: 2 | K18: 2 | L18: 2 | M18: 2 | N18: 2 | O18: 2 | P18: 2 | Q18: 2 | R18: 2 | S18: 2 | T18: 2 | U18: 2 | V18: 2 | W18: 2 | X18: 2 | Y18: 2 | Z18: 2 | AA18: 2 | AB18: 2 | AC18: 2 | AD18: 2 | AE18: 2 | AF18: 2 | AG18: 2 | AH18: 2 | AJ18: 2
AH19: 022a | AJ19: 022b,c
A20: Overview of common sound changes
A21: 022a: s // #_{ĕNC,ē,ĭ}ˈ | B21: typically /s/
A22: 022b: s / ? / #_{ĕ³,ī}ˈ | B22: typically /s/
B23: /ʃ/ in ROM
A25: Romanian: | B25: 1) long /i:/ (> ERom. /i/), if not elided. 2) i + vowel (consonantal /i/) (> ERom. /j/) 3) stressed short /e/ ~ /ae/ *not* followed by a nasal cluster /NC/ (> ERom. /je/)

Sheet 023 S-
A1: A - Consonantism | D1: 1. Initial Position | I1: 1.1 Simple consonants
A3: Number | B3: 23 | F3: Latin Reference Words
A4: Treatment | B4: S- | F4: SŎNU, SĀNU, SAPĒRE, SĀL[E], SŬBTU/-A
A5: Environment | B5: #_{a,O}
A7: Languages | B7: LAT | C7: EU POR | D7: BR POR | E7: GAL | F7: ASL | G7: CAS ESP | H7: AND ESP | I7: AMR ESP | J7: ARG | K7: CAT | L7: VAL | M7: BAL | N7: OCC | O7: GAS OCC | P7: EU FRA | Q7: QBC FRA | R7: WAL | S7: ARP | T7: LIG | U7: LMO | V7: RMH | W7: FUR | X7: LOG SRD | Y7: CPN SRD | Z7: COR | AA7: ITA | AB7: ABR | AC7: CAM | AD7: PGL | AE7: SCN | AF7: VEN | AG7: ARO | AH7: ROM
A8: Grapheme | B8: S | C8: s | D8: s | E8: s | F8: s | G8: s | H8: s | I8: s | J8: s | K8: s | L8: s | M8: s | N8: s | O8: s | P8: s | Q8: s | R8: s | S8: s | T8: s | U8: s | V8: s | W8: s | X8: s | Y8: s | Z8: s | AA8: s | AB8: s | AC8: s | AD8: s | AE8: s | AF8: s | AG8: s | AH8: s
A9: IPA | B9: s̠ | C9: s (s̠) | D9: s | E9: s̠ (s) | F9: s̠ | G9: s̠ | H9: s̟ | I9: s | J9: s̠ | K9: s̠ | L9: s̠ | M9: s̠ | N9: s̠ | O9: s̠ | P9: s̪ | Q9: s̪ | R9: s̪ | S9: s | T9: s | U9: s̠ | V9: s | W9: s̠~s | X9: s̠ | Y9: s (s̠) | Z9: s | AA9: s | AB9: s | AC9: s | AD9: s | AE9: s | AF9: s̠ | AG9: s̪ | AH9: s̪
A10: IPA key | B10: 52 | C10: 118 | D10: 50 | E10: 122 | F10: 52 | G10: 52 | H10: 46 | I10: 50 | J10: 52 | K10: 52 | L10: 52 | M10: 52 | N10: 52 | O10: 52 | P10: 48 | Q10: 48 | R10: 48 | S10: 50 | T10: 50 | U10: 52 | V10: 50 | W10: 161 | X10: 52 | Y10: 118 | Z10: 50 | AA10: 50 | AB10: 50 | AC10: 50 | AD10: 50 | AE10: 50 | AF10: 52 | AG10: 48 | AH10: 48
A11: Consonantal +/− | B11: + | C11: + | D11: + | E11: + | F11: + | G11: + | H11: + | I11: + | J11: + | K11: + | L11: + | M11: + | N11: + | O11: + | P11: + | Q11: + | R11: + | S11: + | T11: + | U11: + | V11: + | W11: + | X11: + | Y11: + | Z11: + | AA11: + | AB11: + | AC11: + | AD11: + | AE11: + | AF11: + | AG11: + | AH11: +
A12: Voice +/− | B12: − | C12: − | D12: − | E12: − | F12: − | G12: − | H12: − | I12: − | J12: − | K12: − | L12: − | M12: − | N12: − | O12: − | P12: − | Q12: − | R12: − | S12: − | T12: − | U12: − | V12: − | W12: − | X12: − | Y12: − | Z12: − | AA12: − | AB12: − | AC12: − | AD12: − | AE12: − | AF12: − | AG12: − | AH12: −
A13: Sibilant +/− | B13: + | C13: + | D13: + | E13: + | F13: + | G13: + | H13: + | I13: + | J13: + | K13: + | L13: + | M13: + | N13: + | O13: + | P13: + | Q13: + | R13: + | S13: + | T13: + | U13: + | V13: + | W13: + | X13: + | Y13: + | Z13: + | AA13: + | AB13: + | AC13: + | AD13: + | AE13: + | AF13: + | AG13: + | AH13: +
A14: Lateral +/− | B14: − | C14: − | D14: − | E14: − | F14: − | G14: − | H14: − | I14: − | J14: − | K14: − | L14: − | M14: − | N14: − | O14: − | P14: − | Q14: − | R14: − | S14: − | T14: − | U14: − | V14: − | W14: − | X14: − | Y14: − | Z14: − | AA14: − | AB14: − | AC14: − | AD14: − | AE14: − | AF14: − | AG14: − | AH14: −
A15: Place of articulation | B15: D | C15: D | D15: D | E15: D | F15: D | G15: D | H15: D | I15: D | J15: D | K15: D | L15: D | M15: D | N15: D | O15: D | P15: D | Q15: D | R15: D | S15: D | T15: D | U15: D | V15: D | W15: D | X15: D | Y15: D | Z15: D | AA15: D | AB15: D | AC15: D | AD15: D | AE15: D | AF15: D | AG15: D | AH15: D
A16: Place value | B16: 0.5 | C16: =AVERAGE(1,1,1,0.5) -> 0.875 | D16: 1 | E16: =AVERAGE(0.5,0.5,0.5,1) -> 0.625 | F16: 0.5 | G16: 0.5 | H16: =5/3 -> 1.6666667 | I16: 1 | J16: 0.5 | K16: 0.5 | L16: 0.5 | M16: 0.5 | N16: 0.5 | O16: 0.5 | P16: =4/3 -> 1.3333333 | Q16: =4/3 -> 1.3333333 | R16: =4/3 -> 1.3333333 | S16: 1 | T16: 1 | U16: 0.5 | V16: 1 | W16: =AVERAGE(0.5,1) -> 0.75 | X16: 0.5 | Y16: =AVERAGE(1,1,1,0.5) -> 0.875 | Z16: 1 | AA16: 1 | AB16: 1 | AC16: 1 | AD16: 1 | AE16: 1 | AF16: 0.5 | AG16: =4/3 -> 1.3333333 | AH16: =4/3 -> 1.3333333
A17: Manner of articulation | B17: F | C17: F | D17: F | E17: F | F17: F | G17: F | H17: F | I17: F | J17: F | K17: F | L17: F | M17: F | N17: F | O17: F | P17: F | Q17: F | R17: F | S17: F | T17: F | U17: F | V17: F | W17: F | X17: F | Y17: F | Z17: F | AA17: F | AB17: F | AC17: F | AD17: F | AE17: F | AF17: F | AG17: F | AH17: F
A18: Sonority value | B18: 2 | C18: 2 | D18: 2 | E18: 2 | F18: 2 | G18: 2 | H18: 2 | I18: 2 | J18: 2 | K18: 2 | L18: 2 | M18: 2 | N18: 2 | O18: 2 | P18: 2 | Q18: 2 | R18: 2 | S18: 2 | T18: 2 | U18: 2 | V18: 2 | W18: 2 | X18: 2 | Y18: 2 | Z18: 2 | AA18: 2 | AB18: 2 | AC18: 2 | AD18: 2 | AE18: 2 | AF18: 2 | AG18: 2 | AH18: 2
A20: Overview of common sound changes
A21: s / ? / #_{a,O} | B21: typically /s/

Sheet 024 H-
A1: A - Consonantism | D1: 1. Initial Position | I1: 1.1 Simple consonants
A3: Number | B3: 24 | F3: Latin Reference Words
A4: Treatment | B4: H- | F4: 024a) *HĂPPIA, *HĂGGIA, HĂRPA, *HERIWALD, *HĂSPA, HĒNRĪCUS; 024b) HĔRBA, HŎMŌ/HŎMĬNĔ
A5: Environment | B5: #_
A7: Languages | B7: LAT | C7: EU POR | D7: BR POR | E7: GAL | F7: ASL | G7: CAS ESP | H7: AND ESP | I7: AMR ESP | J7: ARG | K7: CAT | L7: VAL | M7: BAL | N7: OCC | O7: GAS OCC | P7: EU FRA | Q7: QBC FRA | R7: WAL | S7: ARP | T7: LIG | U7: LMO | V7: RMH | W7: FUR | X7: LOG SRD | Y7: CPN SRD | Z7: COR | AA7: ITA | AB7: ABR | AC7: CAM | AD7: PGL | AE7: SCN | AF7: VEN | AG7: ARO | AH7: ROM | AJ7: WAL | AK7: ITA | AL7: CAM | AM7: SCN
A8: Grapheme | B8: H (∅) | C8: h/∅ | D8: h~∅ | E8: h~∅ | F8: h~∅ | G8: h~∅ | H8: h~∅ | I8: h~∅ | J8: h~∅ | K8: h~∅ | L8: h~∅ | M8: h~∅ | N8: ∅ | O8: ∅ | P8: h~∅ | Q8: h~∅ | R8: h | S8: h~∅ | T8: ∅ | U8: ∅ | V8: ∅ | W8: ∅ | X8: ∅ | Y8: ∅ | Z8: ∅ | AA8: ∅ | AB8: ∅ | AC8: ∅ | AD8: ∅ | AE8: ∅ | AF8: ∅ | AG8: ∅ | AH8: ∅ | AJ8: ∅ | AK8: ∅/h | AL8: ∅/h | AM8: ∅/h
A9: IPA | B9: h~∅ | C9: ∅ | D9: ∅ | E9: ∅ | F9: ∅ | G9: ∅ | H9: ∅ | I9: ∅ | J9: ∅ | K9: ∅ | L9: ∅ | M9: ∅ | N9: ∅ | O9: ∅ | P9: ∅ | Q9: ∅ | R9: h~∅ | S9: ∅ | T9: ∅ | U9: ∅ | V9: ∅ | W9: ∅ | X9: ∅ | Y9: ∅ | Z9: ∅ | AA9: ∅ | AB9: ∅ | AC9: ∅ | AD9: ∅ | AE9: ∅ | AF9: ∅ | AG9: ∅ | AH9: ∅ | AJ9: ∅ | AK9: ∅ | AL9: ∅ | AM9: ∅
A10: IPA key | B10: 116 | R10: 116
A11: Consonantal +/− | B11: − | C11: − | D11: − | E11: − | F11: − | G11: − | H11: − | I11: − | J11: − | K11: − | L11: − | M11: − | N11: − | O11: − | P11: − | Q11: − | R11: − | S11: − | T11: − | U11: − | V11: − | W11: − | X11: − | Y11: − | Z11: − | AA11: − | AB11: − | AC11: − | AD11: − | AE11: − | AF11: − | AG11: − | AH11: − | AJ11: − | AK11: − | AL11: − | AM11: −
A12: Voice +/− | B12: − | C12: − | D12: − | E12: − | F12: − | G12: − | H12: − | I12: − | J12: − | K12: − | L12: − | M12: − | N12: − | O12: − | P12: − | Q12: − | R12: − | S12: − | T12: − | U12: − | V12: − | W12: − | X12: − | Y12: − | Z12: − | AA12: − | AB12: − | AC12: − | AD12: − | AE12: − | AF12: − | AG12: − | AH12: − | AJ12: − | AK12: − | AL12: − | AM12: −
A13: Sibilant +/− | B13: − | C13: − | D13: − | E13: − | F13: − | G13: − | H13: − | I13: − | J13: − | K13: − | L13: − | M13: − | N13: − | O13: − | P13: − | Q13: − | R13: − | S13: − | T13: − | U13: − | V13: − | W13: − | X13: − | Y13: − | Z13: − | AA13: − | AB13: − | AC13: − | AD13: − | AE13: − | AF13: − | AG13: − | AH13: − | AJ13: − | AK13: − | AL13: − | AM13: −
A14: Lateral +/− | B14: − | C14: − | D14: − | E14: − | F14: − | G14: − | H14: − | I14: − | J14: − | K14: − | L14: − | M14: − | N14: − | O14: − | P14: − | Q14: − | R14: − | S14: − | T14: − | U14: − | V14: − | W14: − | X14: − | Y14: − | Z14: − | AA14: − | AB14: − | AC14: − | AD14: − | AE14: − | AF14: − | AG14: − | AH14: − | AJ14: − | AK14: − | AL14: − | AM14: −
A15: Place of articulation | B15: H | C15: H | D15: H | E15: H | F15: H | G15: H | H15: H | I15: H | J15: H | K15: H | L15: H | M15: H | N15: H | O15: H | P15: H | Q15: H | R15: H | S15: H | T15: H | U15: H | V15: H | W15: H | X15: H | Y15: H | Z15: H | AA15: H | AB15: H | AC15: H | AD15: H | AE15: H | AF15: H | AG15: H | AH15: H | AJ15: H | AK15: H | AL15: H | AM15: H
A16: Place value | B16: -6 | C16: -6 | D16: -6 | E16: -6 | F16: -6 | G16: -6 | H16: -6 | I16: -6 | J16: -6 | K16: -6 | L16: -6 | M16: -6 | N16: -6 | O16: -6 | P16: -6 | Q16: -6 | R16: -6 | S16: -6 | T16: -6 | U16: -6 | V16: -6 | W16: -6 | X16: -6 | Y16: -6 | Z16: -6 | AA16: -6 | AB16: -6 | AC16: -6 | AD16: -6 | AE16: -6 | AF16: -6 | AG16: -6 | AH16: -6 | AJ16: -6 | AK16: -6 | AL16: -6 | AM16: -6
A17: Manner of articulation | B17: F~∅ | C17: ∅ | D17: ∅ | E17: ∅ | F17: ∅ | G17: ∅ | H17: ∅ | I17: ∅ | J17: ∅ | K17: ∅ | L17: ∅ | M17: ∅ | N17: ∅ | O17: ∅ | P17: ∅ | Q17: ∅ | R17: F~∅ | S17: ∅ | T17: ∅ | U17: ∅ | V17: ∅ | W17: ∅ | X17: ∅ | Y17: ∅ | Z17: ∅ | AA17: ∅ | AB17: ∅ | AC17: ∅ | AD17: ∅ | AE17: ∅ | AF17: ∅ | AG17: ∅ | AH17: ∅ | AJ17: ∅ | AK17: ∅ | AL17: ∅ | AM17: ∅
A18: Sonority value | B18: 1 | C18: 0 | D18: 0 | E18: 0 | F18: 0 | G18: 0 | H18: 0 | I18: 0 | J18: 0 | K18: 0 | L18: 0 | M18: 0 | N18: 0 | O18: 0 | P18: 0 | Q18: 0 | R18: 1 | S18: 0 | T18: 0 | U18: 0 | V18: 0 | W18: 0 | X18: 0 | Y18: 0 | Z18: 0 | AA18: 0 | AB18: 0 | AC18: 0 | AD18: 0 | AE18: 0 | AF18: 0 | AG18: 0 | AH18: 0 | AJ18: 0 | AK18: 0 | AL18: 0 | AM18: 0
R19: 024a | AJ19: 024b
A20: Overview of common sound changes
A21: h / ∅ / #_ | B21: almost always silent
A22: (024a: Germanic-derived words)
A23: (024b: native Latin-derived words)

Sheet 025 R-
A1: A - Consonantism | D1: 1. Initial Position | I1: 1.1 Simple consonants
A3: Number | B3: 25 | F3: Latin Reference Words
A4: Treatment | B4: R- | F4: RĪPA, RŎTA, RĀNA
A5: Environment | B5: #_
A7: Languages | B7: LAT | C7: EU POR | D7: BR POR | E7: GAL | F7: ASL | G7: CAS ESP | H7: AND ESP | I7: AMR ESP | J7: ARG | K7: CAT | L7: VAL | M7: BAL | N7: OCC | O7: GAS OCC | P7: EU FRA | Q7: QBC FRA | R7: WAL | S7: ARP | T7: LIG | U7: LMO | V7: RMH | W7: FUR | X7: LOG SRD | Y7: CPN SRD | Z7: COR | AA7: ITA | AB7: ABR | AC7: CAM | AD7: PGL | AE7: SCN | AF7: VEN | AG7: ARO | AH7: ROM
A8: Grapheme | B8: R | C8: r | D8: r | E8: r | F8: r | G8: r | H8: r | I8: r | J8: r | K8: r | L8: r | M8: r | N8: r | O8: r | P8: r | Q8: r | R8: r | S8: r | T8: r | U8: r | V8: r | W8: r | X8: r | Y8: r | Z8: r | AA8: r | AB8: r | AC8: r | AD8: r | AE8: r | AF8: r | AG8: r | AH8: r
A9: IPA | B9: r | C9: ʁ (r) | D9: x~h | E9: r | F9: r | G9: r | H9: r | I9: r | J9: r | K9: r̠ | L9: r̠ | M9: r̠ | N9: r (ʀ) | O9: r | P9: ʁ (ʀ) | Q9: ʁ (ʀ) | R9: ʀ | S9: r (ʀ) | T9: r | U9: r | V9: r (ʁ) | W9: r | X9: r | Y9: r | Z9: r | AA9: r | AB9: r | AC9: r | AD9: r | AE9: ʐː~rː | AF9: r | AG9: ɾ̪ | AH9: ɾ̪
A10: IPA key | B10: 79 | C10: 123 | D10: 124 | E10: 79 | F10: 79 | G10: 79 | H10: 79 | I10: 79 | J10: 79 | K10: 141 | L10: 141 | M10: 141 | N10: 127 | O10: 79 | P10: 142 | Q10: 142 | R10: 81 | S10: 127 | T10: 79 | U10: 79 | V10: 132 | W10: 79 | X10: 79 | Y10: 79 | Z10: 79 | AA10: 79 | AB10: 79 | AC10: 79 | AD10: 79 | AE10: 128 | AF10: 79 | AG10: 82 | AH10: 82
A11: Consonantal +/− | B11: + | C11: + | D11: + | E11: + | F11: + | G11: + | H11: + | I11: + | J11: + | K11: + | L11: + | M11: + | N11: + | O11: + | P11: + | Q11: + | R11: + | S11: + | T11: + | U11: + | V11: + | W11: + | X11: + | Y11: + | Z11: + | AA11: + | AB11: + | AC11: + | AD11: + | AE11: + | AF11: + | AG11: + | AH11: +
A12: Voice +/− | B12: + | C12: + | D12: − | E12: + | F12: + | G12: + | H12: + | I12: + | J12: + | K12: + | L12: + | M12: + | N12: + | O12: + | P12: + | Q12: + | R12: + | S12: + | T12: + | U12: + | V12: + | W12: + | X12: + | Y12: + | Z12: + | AA12: + | AB12: + | AC12: + | AD12: + | AE12: + | AF12: + | AG12: + | AH12: +
